record_id,priority_score,is_aps
RR-00001,0.000133731819334084,0
RR-00002,2.920397865601667e-05,0
RR-00003,0.0005441405912650583,0
RR-00004,4.662894379660157e-05,0
RR-00005,0.0002874742018015061,0
RR-00006,8.662113660888754e-05,0
RR-00007,3.8258918816960455e-05,0
RR-00008,0.0004091148427853774,0
RR-00009,0.0002876298161529239,0
RR-00010,3.0977797241520005e-05,0
RR-00011,3.659575772983639e-05,0
RR-00012,0.00011534363855880572,0
RR-00013,0.00018230549720270683,0
RR-00014,3.324804422335862e-05,0
RR-00015,4.768991514128307e-05,0
RR-00016,0.0005398393079862211,0
RR-00017,0.0002707343974292257,0
RR-00018,0.00017632678242287422,0
RR-00019,3.068595964166061e-05,0
RR-00020,3.707114614392241e-05,0
RR-00021,3.476040539302791e-05,0
RR-00022,6.811800354987091e-05,0
RR-00023,0.0060124415547719405,0
RR-00024,3.632854736591088e-05,0
RR-00025,0.0005441360032321194,0
RR-00026,5.234774740699692e-05,0
RR-00027,3.211202924921886e-05,0
RR-00028,0.00013374461747648546,0
RR-00029,5.997758462710858e-05,0
RR-00030,0.000287384783956822,0
RR-00031,9.252820110911435e-05,0
RR-00032,4.2612472313681124e-05,0
RR-00033,6.0564048819728816e-05,0
RR-00034,5.0168141053619426e-05,0
RR-00035,7.67217690847151e-05,0
RR-00036,0.00014466156852924232,0
RR-00037,6.81377044927455e-05,0
RR-00038,0.00017894437180240256,0
RR-00039,4.566498066151347e-05,0
RR-00040,2.844909453082417e-05,0
RR-00041,2.9007688528593995e-05,0
RR-00042,0.00011927156430486862,0
RR-00043,0.9421733935320268,1
RR-00044,0.0008223638891477621,0
RR-00045,0.0027434915412321076,0
RR-00046,3.508225721229864e-05,0
RR-00047,5.312399021447327e-05,0
RR-00048,0.0020316802362323224,0
RR-00049,0.00020075494486130338,0
RR-00050,7.995600985811318e-05,0
RR-00051,3.633686498216212e-05,0
RR-00052,4.212997969884345e-05,0
RR-00053,8.432113846796314e-05,0
RR-00054,4.791912094553284e-05,0
RR-00055,0.0020169224137544474,0
RR-00056,5.561397522279016e-05,0
RR-00057,0.025844745400870707,0
RR-00058,7.487689203035092e-05,0
RR-00059,6.121537274055342e-05,0
RR-00060,0.00016562412007182755,0
RR-00061,7.168366742990316e-05,0
RR-00062,0.00022697171401343645,0
RR-00063,2.5643215741802124e-05,0
RR-00064,0.00046771172292680804,0
RR-00065,5.242542857317931e-05,0
RR-00066,3.315891330769279e-05,0
RR-00067,0.00022476580616184294,0
RR-00068,8.025415614924086e-05,0
RR-00069,4.50697169398466e-05,0
RR-00070,6.38053731099766e-05,0
RR-00071,4.78144672771361e-05,0
RR-00072,0.0004292958958056294,0
RR-00073,7.061566335128234e-05,0
RR-00074,0.0001870140133883564,0
RR-00075,4.446136689027968e-05,0
RR-00076,0.00031674350317143824,0
RR-00077,7.319865957223666e-05,0
RR-00078,0.00029168357100348727,0
RR-00079,6.400962965409449e-05,0
RR-00080,4.211787016308466e-05,0
RR-00081,4.87762992652929e-05,0
RR-00082,0.0002885680489361233,0
RR-00083,4.900868318025325e-05,0
RR-00084,0.00022532477223725204,0
RR-00085,0.0006647424156803875,0
RR-00086,0.001593912296323406,0
RR-00087,7.671481589544795e-05,0
RR-00088,4.4138503031668216e-05,0
RR-00089,9.869116268749407e-05,0
RR-00090,4.1291975791581585e-05,0
RR-00091,6.659645288443689e-05,0
RR-00092,3.689906419705692e-05,0
RR-00093,4.455960140129186e-05,0
RR-00094,0.00019555318540916816,0
RR-00095,6.831203326519577e-05,0
RR-00096,0.00015678379293901221,0
RR-00097,4.1623451167431415e-05,0
RR-00098,5.548538797875513e-05,0
RR-00099,0.0006019349191352383,0
RR-00100,8.985286690366679e-05,0
RR-00101,0.24213056776088876,1
RR-00102,0.0001331603385444865,0
RR-00103,4.3484080316321376e-05,0
RR-00104,0.00030456707961634314,0
RR-00105,0.00010877458350142983,0
RR-00106,0.1170635867564584,0
RR-00107,0.038143608804832065,0
RR-00108,3.522405698247001e-05,0
RR-00109,0.0032749979356920893,0
RR-00110,0.00014512540231587649,0
RR-00111,0.002585156599816793,0
RR-00112,4.6547440768708655e-05,0
RR-00113,0.00011447150387640128,0
RR-00114,0.0003174666241973116,0
RR-00115,7.210509799404607e-05,0
RR-00116,5.7271108654153337e-05,0
RR-00117,0.00012207687363769356,0
RR-00118,4.911304433689029e-05,0
RR-00119,0.0002535511215249605,0
RR-00120,4.112454693083689e-05,0
RR-00121,0.00018219442987628832,0
RR-00122,6.626146303178192e-05,0
RR-00123,0.0001814448803168552,0
RR-00124,3.549385396202709e-05,0
RR-00125,4.5010448422272694e-05,0
RR-00126,3.57450635550144e-05,0
RR-00127,0.00024153505094443554,0
RR-00128,0.0007655459472680733,0
RR-00129,0.00021274832232337414,0
RR-00130,0.011435391427234433,0
RR-00131,0.00032137671887691124,0
RR-00132,6.34960179436439e-05,0
RR-00133,9.284073527728505e-05,0
RR-00134,3.823488224164616e-05,0
RR-00135,0.00017349204935696692,0
RR-00136,0.000210377819747502,0
RR-00137,0.00013985693374889163,0
RR-00138,5.701125619429645e-05,0
RR-00139,0.00046753801083826397,0
RR-00140,0.0002157867213101543,0
RR-00141,0.00015235942397792538,0
RR-00142,0.00017384481488581398,0
RR-00143,4.150775250061548e-05,0
RR-00144,5.538249591297385e-05,0
RR-00145,0.0003569129187130652,0
RR-00146,3.9769511191836635e-05,0
RR-00147,0.0007559200725669163,0
RR-00148,6.844039856783888e-05,0
RR-00149,0.00015197669574058587,0
RR-00150,0.00014186652424718715,0
RR-00151,0.00047012157467189443,0
RR-00152,3.849765244670608e-05,0
RR-00153,0.011667890750296166,0
RR-00154,3.638135853615885e-05,0
RR-00155,5.8012649538598024e-05,0
RR-00156,9.85047197765421e-05,0
RR-00157,9.28559349693443e-05,0
RR-00158,2.9076315831188233e-05,0
RR-00159,5.568113577075327e-05,0
RR-00160,9.236973226377197e-05,0
RR-00161,0.00010277780947570648,0
RR-00162,0.00026220671303251207,0
RR-00163,0.00010436874240395377,0
RR-00164,4.317552705805749e-05,0
RR-00165,4.457171421670114e-05,0
RR-00166,9.382992344719397e-05,0
RR-00167,0.00023663361544099158,0
RR-00168,7.520787870647546e-05,0
RR-00169,0.0002003928563141803,0
RR-00170,0.00011361352395243818,0
RR-00171,5.1563303376495794e-05,0
RR-00172,8.090063695925512e-05,0
RR-00173,9.916890492455107e-05,0
RR-00174,6.574202588478478e-05,0
RR-00175,0.0001481817566220807,0
RR-00176,8.129942959701299e-05,0
RR-00177,0.0005159279966981471,0
RR-00178,0.00020484225562763294,0
RR-00179,7.235323291520027e-05,0
RR-00180,0.00010368922420115385,0
RR-00181,0.00015574185269817033,0
RR-00182,0.009260795951114906,0
RR-00183,5.311950866330113e-05,0
RR-00184,0.0001704063332929189,0
RR-00185,0.00023043031392424616,0
RR-00186,8.34974376085022e-05,0
RR-00187,0.00031794846179827456,0
RR-00188,9.544090214160733e-05,0
RR-00189,0.00010107366709229335,0
RR-00190,0.00014247606634004305,0
RR-00191,0.000383464419350805,0
RR-00192,0.00017364939379655445,0
RR-00193,0.0006814969819744994,0
RR-00194,6.511245138831042e-05,0
RR-00195,0.00021675456030704766,0
RR-00196,5.6627376059099935e-05,0
RR-00197,4.0957931472645036e-05,0
RR-00198,3.902102941438743e-05,0
RR-00199,0.0005802637121234638,0
RR-00200,0.00025394444153376683,0
RR-00201,0.00021347186103429748,0
RR-00202,4.883686602024008e-05,0
RR-00203,8.292096648573217e-05,0
RR-00204,0.0005250629914447512,0
RR-00205,0.00011557787859161878,0
RR-00206,7.8633786204422e-05,0
RR-00207,5.839969051391605e-05,0
RR-00208,6.756739990274289e-05,0
RR-00209,0.0013450351896682085,0
RR-00210,0.00019649633272687223,0
RR-00211,0.0008154613636101817,0
RR-00212,4.065277376665266e-05,0
RR-00213,0.00016670344810865243,0
RR-00214,0.00014484910371767313,0
RR-00215,0.0015624500159099662,0
RR-00216,0.00018505493809352734,0
RR-00217,0.00012000895166930068,0
RR-00218,0.0032653162305498785,0
RR-00219,0.0005999026728072915,0
RR-00220,2.8270272513247366e-05,0
RR-00221,3.581863280520539e-05,0
RR-00222,9.814739091052675e-05,0
RR-00223,4.576578438221938e-05,0
RR-00224,0.0013439566846221145,0
RR-00225,4.866471277701115e-05,0
RR-00226,0.00013248790104196097,0
RR-00227,9.67631646679931e-05,0
RR-00228,0.00029570776668377715,0
RR-00229,5.6828119742219265e-05,0
RR-00230,2.9698774332636228e-05,0
RR-00231,0.00016100968599733404,0
RR-00232,5.3283677036181246e-05,0
RR-00233,0.0001017150078260629,0
RR-00234,7.860159657461077e-05,0
RR-00235,0.00019840884456673438,0
RR-00236,0.0006171054139844301,0
RR-00237,3.297031696201171e-05,0
RR-00238,6.13858133027854e-05,0
RR-00239,9.737074327568723e-05,0
RR-00240,0.0003524661092982793,0
RR-00241,0.00047859192739400556,0
RR-00242,3.6077897874482995e-05,0
RR-00243,4.702825724532842e-05,0
RR-00244,0.00018561438301828578,0
RR-00245,0.00012125395852593777,0
RR-00246,0.00010005706699095974,0
RR-00247,3.4856408201393145e-05,0
RR-00248,6.919386974172027e-05,0
RR-00249,0.0026336929467075726,0
RR-00250,0.00043299481932697136,0
RR-00251,9.192721355259822e-05,0
RR-00252,0.00012633155276412915,0
RR-00253,6.187012900005643e-05,0
RR-00254,0.0001723375979646647,0
RR-00255,0.00010302453546198378,0
RR-00256,8.84615135115862e-05,0
RR-00257,4.847764068524639e-05,0
RR-00258,4.234207016238622e-05,0
RR-00259,0.00011765253054182139,0
RR-00260,5.758497971878951e-05,0
RR-00261,0.0001296582617930339,0
RR-00262,3.021429944852601e-05,0
RR-00263,4.625885293858745e-05,0
RR-00264,5.046915300593589e-05,0
RR-00265,3.84842945341976e-05,0
RR-00266,9.585335910175756e-05,0
RR-00267,9.553784031086876e-05,0
RR-00268,0.0001659593349072511,0
RR-00269,0.0001821479851953913,0
RR-00270,2.825141866491162e-05,0
RR-00271,4.197730233042739e-05,0
RR-00272,5.677803072491446e-05,0
RR-00273,0.000270086087759891,0
RR-00274,6.817581011962234e-05,0
RR-00275,9.045094338251558e-05,0
RR-00276,5.424538549716303e-05,0
RR-00277,0.0009637168470665857,0
RR-00278,7.48577725610007e-05,0
RR-00279,0.00028279775885863885,0
RR-00280,0.00014221997878791103,0
RR-00281,0.00014881140261575096,0
RR-00282,0.0014047579732181835,0
RR-00283,0.0024460905576668213,0
RR-00284,0.00010373745880782172,0
RR-00285,5.46257553610416e-05,0
RR-00286,0.0004686018586866232,0
RR-00287,7.687422090902452e-05,0
RR-00288,0.0031287757164344806,0
RR-00289,7.7329860788729e-05,0
RR-00290,0.00010938378771833059,0
RR-00291,0.0005583435620278658,0
RR-00292,0.00013194439384672498,0
RR-00293,7.309368342528286e-05,0
RR-00294,0.013068517285359797,0
RR-00295,0.00015198595363427736,0
RR-00296,6.0714024082691e-05,0
RR-00297,0.0001382252816374818,0
RR-00298,0.0006257357187956785,0
RR-00299,7.385370667213017e-05,0
RR-00300,9.413253034857698e-05,0
RR-00301,8.64058088297343e-05,0
RR-00302,0.00013117595822416666,0
RR-00303,0.00011509134636130533,0
RR-00304,8.284628897961259e-05,0
RR-00305,0.00012836548385078666,0
RR-00306,0.00028541634267486573,0
RR-00307,6.518702038571892e-05,0
RR-00308,0.0002517322006545167,0
RR-00309,0.0727882167200966,0
RR-00310,5.447860027913766e-05,0
RR-00311,0.000275817195121496,0
RR-00312,7.077712750953035e-05,0
RR-00313,0.00029022035577101285,0
RR-00314,0.00017394979215179266,0
RR-00315,4.5353414111081544e-05,0
RR-00316,9.712758370632754e-05,0
RR-00317,7.898822687857202e-05,0
RR-00318,3.442304931163288e-05,0
RR-00319,5.086021696880469e-05,0
RR-00320,4.591204817582302e-05,0
RR-00321,0.0002229385293865435,0
RR-00322,6.076050256215492e-05,0
RR-00323,0.00028038587746030523,0
RR-00324,5.187581994296717e-05,0
RR-00325,3.715065908700797e-05,0
RR-00326,8.111686415764736e-05,0
RR-00327,0.00029827364555930745,0
RR-00328,2.884894618151404e-05,0
RR-00329,0.00014880293832590132,0
RR-00330,5.997312305066412e-05,0
RR-00331,6.19085331598066e-05,0
RR-00332,5.892411375992741e-05,0
RR-00333,0.0002005759353256785,0
RR-00334,3.6923039871137755e-05,0
RR-00335,0.0002439052448180959,0
RR-00336,0.0001177132706864832,0
RR-00337,7.89491678565078e-05,0
RR-00338,5.463185709460611e-05,0
RR-00339,0.0006946737965247389,0
RR-00340,7.435779068550112e-05,0
RR-00341,0.00017134855093536483,0
RR-00342,4.062853204801934e-05,0
RR-00343,4.045149978255878e-05,0
RR-00344,5.805261545989554e-05,0
RR-00345,4.87945911751308e-05,0
RR-00346,0.1421291988067088,0
RR-00347,0.0002346074602741843,0
RR-00348,0.0007528497187439549,0
RR-00349,5.1284327411921474e-05,0
RR-00350,9.470372203066616e-05,0
RR-00351,0.0026376322115114013,0
RR-00352,0.00017241097662414024,0
RR-00353,5.0226336719972424e-05,0
RR-00354,0.0001965215610002019,0
RR-00355,0.001947087857461863,0
RR-00356,4.958985404706477e-05,0
RR-00357,0.0025420882419837543,0
RR-00358,6.0163256329456867e-05,0
RR-00359,0.00024658723266274615,0
RR-00360,0.00022855135385007252,0
RR-00361,6.951995232377557e-05,0
RR-00362,0.00046960435815871665,0
RR-00363,0.00043065308271532696,0
RR-00364,3.0712834312465096e-05,0
RR-00365,7.426871326359112e-05,0
RR-00366,0.00045442056622115674,0
RR-00367,0.13574866720080575,0
RR-00368,7.293358519256868e-05,0
RR-00369,5.487933548278873e-05,0
RR-00370,0.0004009061809400027,0
RR-00371,0.0008634495081987566,0
RR-00372,0.00014974387776743505,0
RR-00373,0.0008308249510350061,0
RR-00374,8.059009672943613e-05,0
RR-00375,0.00045524766259020675,0
RR-00376,0.031446635215920296,0
RR-00377,7.039115463820541e-05,0
RR-00378,5.891193373744461e-05,0
RR-00379,4.062335589628591e-05,0
RR-00380,7.769553551043055e-05,0
RR-00381,6.493853452754204e-05,0
RR-00382,5.3546434664976855e-05,0
RR-00383,0.00011600994054144901,0
RR-00384,0.00029081622684886245,0
RR-00385,5.935777189942448e-05,0
RR-00386,0.00010298901712075814,0
RR-00387,2.7836189976103773e-05,0
RR-00388,3.6244484257506125e-05,0
RR-00389,4.5013599485483774e-05,0
RR-00390,0.0003569269132997876,0
RR-00391,0.001265993227035086,0
RR-00392,0.0003173347697893555,0
RR-00393,5.969946009931527e-05,0
RR-00394,0.000576915139917356,0
RR-00395,0.00020261106764624353,0
RR-00396,0.0003920412616404334,0
RR-00397,4.004414443080889e-05,0
RR-00398,3.235325064593376e-05,0
RR-00399,6.00667670328845e-05,0
RR-00400,0.0004160186119121486,0
RR-00401,6.857328847875843e-05,0
RR-00402,5.513380100856673e-05,0
RR-00403,8.208864600327484e-05,0
RR-00404,0.002408954162178165,0
RR-00405,7.214014513922011e-05,0
RR-00406,0.00018584085623061093,0
RR-00407,0.0003415830412223798,0
RR-00408,6.0983561660408214e-05,0
RR-00409,8.638743257671883e-05,0
RR-00410,6.862948571855839e-05,0
RR-00411,0.0010290941041373072,0
RR-00412,0.00010877458350142983,0
RR-00413,0.00019763746924015093,0
RR-00414,3.667373689856285e-05,0
RR-00415,6.323208373940551e-05,0
RR-00416,0.00026876147936521637,0
RR-00417,0.015641457430542148,0
RR-00418,5.5971212581159385e-05,0
RR-00419,0.0001066387547719263,0
RR-00420,0.00021171720904523058,0
RR-00421,5.666819020299047e-05,0
RR-00422,6.617621153144054e-05,0
RR-00423,0.0001646805716483401,0
RR-00424,3.942231181006231e-05,0
RR-00425,3.5289006545790955e-05,0
RR-00426,0.0001149242008210647,0
RR-00427,0.4712281240012662,1
RR-00428,0.00018462381075179455,0
RR-00429,0.0031590966320943917,1
RR-00430,9.854744276949456e-05,0
RR-00431,7.098863550103425e-05,0
RR-00432,7.701279695413661e-05,0
RR-00433,0.00010376227603287486,0
RR-00434,0.00013099817148582148,0
RR-00435,0.8925052990744182,1
RR-00436,9.234622964190396e-05,0
RR-00437,0.0002473917922006634,0
RR-00438,0.00027405006326355636,0
RR-00439,4.999455328267497e-05,0
RR-00440,6.71688382450562e-05,0
RR-00441,5.326744242199457e-05,0
RR-00442,0.6077239098095063,1
RR-00443,0.00017987559662774143,0
RR-00444,0.16507462912105877,1
RR-00445,0.00011064031832074675,0
RR-00446,7.652325553143187e-05,0
RR-00447,0.0002066405819476816,0
RR-00448,7.159974870624531e-05,0
RR-00449,8.656787223790568e-05,0
RR-00450,3.268636914970502e-05,0
RR-00451,6.103532557280555e-05,0
RR-00452,0.00012704818982361383,0
RR-00453,4.60007429900981e-05,0
RR-00454,8.937604730322773e-05,0
RR-00455,0.00021728672180185209,0
RR-00456,7.34536290736536e-05,0
RR-00457,0.00011780375534049967,0
RR-00458,0.00044580489785812065,0
RR-00459,3.996809518631523e-05,0
RR-00460,0.055885076932434635,0
RR-00461,0.0008094248925821569,0
RR-00462,3.0717856145807986e-05,0
RR-00463,4.369937748348755e-05,0
RR-00464,0.00017270342295665057,0
RR-00465,0.000597137208703148,0
RR-00466,0.6976069357221005,1
RR-00467,0.00012881612322973858,0
RR-00468,7.209336300087943e-05,0
RR-00469,0.2813731665957954,0
RR-00470,0.0055700808425814315,1
RR-00471,5.970076069380076e-05,0
RR-00472,6.464656212252518e-05,0
RR-00473,0.00010899789853833502,0
RR-00474,3.736601516456827e-05,0
RR-00475,0.0001289186801899748,0
RR-00476,4.778606504317902e-05,0
RR-00477,0.00020721601356722542,0
RR-00478,5.3165145711007825e-05,0
RR-00479,0.0004584516810532286,0
RR-00480,0.0028958684414266927,0
RR-00481,8.835114469743173e-05,0
RR-00482,6.0138685477608424e-05,0
RR-00483,3.2296538171516076e-05,0
RR-00484,0.00012035199087363973,0
RR-00485,0.0001358510532210445,0
RR-00486,9.283159939560796e-05,0
RR-00487,0.7381229132838744,1
RR-00488,0.038676504812841246,1
RR-00489,0.0001596617385809089,0
RR-00490,5.830770542072704e-05,0
RR-00491,0.00024260108846584872,0
RR-00492,7.091807580988974e-05,0
RR-00493,0.000641687874147877,0
RR-00494,4.787619535799191e-05,0
RR-00495,8.064198617795305e-05,0
RR-00496,8.392327674567819e-05,0
RR-00497,7.73314539218798e-05,0
RR-00498,0.00035498440354282646,0
RR-00499,0.00040020705845113805,0
RR-00500,0.0011487059404407661,0
RR-00501,0.00043055923005819017,0
RR-00502,4.853399044501871e-05,0
RR-00503,8.611170333181922e-05,0
RR-00504,0.0012369835836657144,0
RR-00505,0.00011551419118036695,0
RR-00506,0.00020109856601454985,0
RR-00507,0.00010674986458495715,0
RR-00508,0.0002418740005155169,0
RR-00509,0.0006029695082712327,0
RR-00510,0.00010023269227311544,0
RR-00511,0.0004467317181747323,0
RR-00512,5.378673835083865e-05,0
RR-00513,0.0005386801567017663,0
RR-00514,0.00017082260309389896,0
RR-00515,3.6012535442067434e-05,0
RR-00516,0.00016949998628449877,0
RR-00517,7.717455894685708e-05,0
RR-00518,5.881544505162959e-05,0
RR-00519,0.001094358130504062,0
RR-00520,5.9698404006881216e-05,0
RR-00521,0.00013006441545235155,0
RR-00522,0.00013578280882520688,0
RR-00523,0.00014032596217786091,0
RR-00524,4.389402762628727e-05,0
RR-00525,0.6354250187314325,1
RR-00526,4.0740658977066944e-05,0
RR-00527,0.00034541964176280107,0
RR-00528,3.818729523499048e-05,0
RR-00529,6.87581247274952e-05,0
RR-00530,0.00022886653565855073,0
RR-00531,0.00046382779393841115,0
RR-00532,5.5914289019201896e-05,0
RR-00533,6.00737000774874e-05,0
RR-00534,0.00014335435693105657,0
RR-00535,4.938215042583487e-05,0
RR-00536,8.295694048369973e-05,0
RR-00537,0.07790712554548,0
RR-00538,4.700964683622833e-05,0
RR-00539,0.0007157150921809195,0
RR-00540,7.171574432535782e-05,0
RR-00541,4.846857497561308e-05,0
RR-00542,0.000259624049158703,0
RR-00543,5.787943705980786e-05,0
RR-00544,5.113809551453466e-05,0
RR-00545,0.0004254198647700976,0
RR-00546,0.0009245681676686644,0
RR-00547,0.00027102341492270856,0
RR-00548,6.957095570878204e-05,0
RR-00549,7.629572371721173e-05,0
RR-00550,3.510826545636854e-05,0
RR-00551,0.00022026099413464197,0
RR-00552,0.00017963504081807276,0
RR-00553,0.00013124417515389123,0
RR-00554,0.0006167630463142182,0
RR-00555,4.979827066600005e-05,0
RR-00556,8.296032765456387e-05,0
RR-00557,0.0004595379482399538,0
RR-00558,0.0007428324425485638,0
RR-00559,0.00038977723849636107,0
RR-00560,0.0007818791334657461,0
RR-00561,0.000909155063472473,0
RR-00562,3.401699740083471e-05,0
RR-00563,0.00037370586067826884,0
RR-00564,7.14108098475797e-05,0
RR-00565,0.00023107771125384399,0
RR-00566,6.936545874823226e-05,0
RR-00567,0.0009534702749834879,0
RR-00568,0.0015474243355981469,0
RR-00569,0.000514882110392154,0
RR-00570,0.0011304091000850227,0
RR-00571,0.000990403728674837,0
RR-00572,3.968736466607093e-05,0
RR-00573,0.00017912853667889953,0
RR-00574,0.00012593446433825027,0
RR-00575,6.943596889175781e-05,0
RR-00576,4.1418113527084234e-05,0
RR-00577,0.00011757334337794168,0
RR-00578,4.6201722645994944e-05,0
RR-00579,0.0013025018667028477,0
RR-00580,7.920813661249193e-05,0
RR-00581,5.042179886353644e-05,0
RR-00582,0.00020152232848646905,0
RR-00583,8.482868578064365e-05,0
RR-00584,0.9721591834694379,1
RR-00585,0.001766589827636472,0
RR-00586,9.921240951947725e-05,0
RR-00587,0.00041300861160167433,0
RR-00588,0.00036773695984735857,0
RR-00589,7.059082569364131e-05,0
RR-00590,3.664443315263903e-05,0
RR-00591,5.354868728839944e-05,0
RR-00592,4.703865597274186e-05,0
RR-00593,8.929405234362918e-05,0
RR-00594,9.019439638878735e-05,0
RR-00595,8.802713750261105e-05,0
RR-00596,0.0003766567821063909,0
RR-00597,2.9242009659675812e-05,0
RR-00598,7.963930557628735e-05,0
RR-00599,3.3693964206068054e-05,0
RR-00600,5.919024779876108e-05,0
RR-00601,0.0001468072191053754,0
RR-00602,0.0003000505832857757,0
RR-00603,0.00014068457151521056,0
RR-00604,4.508044393143519e-05,0
RR-00605,0.0002909160190401073,0
RR-00606,3.570041977982313e-05,0
RR-00607,0.0014695724007083774,0
RR-00608,7.828649695306667e-05,0
RR-00609,0.0002078877123890641,0
RR-00610,4.0190565221291313e-05,0
RR-00611,0.00035405272195482333,0
RR-00612,4.362950309487776e-05,0
RR-00613,0.9841128754896337,1
RR-00614,9.719510588215955e-05,0
RR-00615,0.00015342176459513083,0
RR-00616,8.5085267323801e-05,0
RR-00617,5.0492675736721844e-05,0
RR-00618,5.726625505693956e-05,0
RR-00619,0.00012482365179430322,0
RR-00620,4.207625738543592e-05,0
RR-00621,3.291328975417595e-05,0
RR-00622,0.0015945147713563024,0
RR-00623,7.149808374277389e-05,0
RR-00624,5.051088996908031e-05,0
RR-00625,9.948669594116269e-05,0
RR-00626,4.821894762187751e-05,0
RR-00627,0.0003547793042103992,0
RR-00628,0.026838083075289988,0
RR-00629,4.164974159759577e-05,0
RR-00630,6.864443592153256e-05,0
RR-00631,0.0001487556322387608,0
RR-00632,5.4402696443045085e-05,0
RR-00633,6.37964690435898e-05,0
RR-00634,0.0006374343596944832,0
RR-00635,4.884485918422236e-05,0
RR-00636,8.324792689513767e-05,0
RR-00637,5.5157673642793376e-05,0
RR-00638,4.741361252459371e-05,0
RR-00639,7.704418094030957e-05,0
RR-00640,5.2216937257276005e-05,0
RR-00641,5.909873325430702e-05,0
RR-00642,7.129675782868039e-05,0
RR-00643,0.00010743597844442183,0
RR-00644,0.0004575842279301836,0
RR-00645,0.0001034061806280646,0
RR-00646,0.00011549285125891343,0
RR-00647,0.00032088632851885436,0
RR-00648,6.374143087780758e-05,0
RR-00649,0.0004583691527703746,0
RR-00650,0.0006108749290365158,0
RR-00651,8.193043641254976e-05,0
RR-00652,5.346469784277453e-05,0
RR-00653,0.00010661417828169702,0
RR-00654,0.0002808843328624322,0
RR-00655,0.0002596836636867302,0
RR-00656,6.198764046637269e-05,0
RR-00657,0.0006451940690552077,0
RR-00658,5.719279016821565e-05,0
RR-00659,0.00023590160907001258,0
RR-00660,0.00019893367281547698,0
RR-00661,9.565726027639065e-05,0
RR-00662,5.681294361630872e-05,0
RR-00663,6.632602828939913e-05,0
RR-00664,0.0016507439002977965,0
RR-00665,0.00018854628509104883,0
RR-00666,0.0003225795917377379,0
RR-00667,0.0032275104380264288,0
RR-00668,0.00012806008406184523,0
RR-00669,0.00016757375648470538,0
RR-00670,0.00040025956139414203,0
RR-00671,6.851198251071076e-05,0
RR-00672,0.0001645990897267387,0
RR-00673,4.111201026041274e-05,0
RR-00674,0.00010468075108583004,0
RR-00675,4.670383202785308e-05,0
RR-00676,0.0013588285232141676,0
RR-00677,3.1054175195608046e-05,0
RR-00678,3.7241055303750096e-05,0
RR-00679,0.00013079875650093368,0
RR-00680,5.903914062369375e-05,0
RR-00681,5.1975065824703343e-05,0
RR-00682,0.00015728174151888276,0
RR-00683,0.007336280668703749,0
RR-00684,3.8381719627483685e-05,0
RR-00685,4.946679347230994e-05,0
RR-00686,0.0002253420843929072,0
RR-00687,7.112858947339211e-05,0
RR-00688,8.17070860269644e-05,0
RR-00689,5.080237297111356e-05,0
RR-00690,0.0005468566271475374,0
RR-00691,0.00013817637027754005,0
RR-00692,4.720359660787028e-05,0
RR-00693,0.0001932495287002802,0
RR-00694,4.195472506086413e-05,0
RR-00695,0.0001240099520511783,0
RR-00696,0.00013305222858418463,0
RR-00697,0.010601682738465847,1
RR-00698,0.5111332897392079,1
RR-00699,0.0004305539982888727,0
RR-00700,6.102586187124431e-05,0
RR-00701,3.7423655895363904e-05,0
RR-00702,4.889538597585005e-05,0
RR-00703,0.00012910874439646906,0
RR-00704,0.00010736728604246276,0
RR-00705,0.0002032016856182289,0
RR-00706,4.911944012112727e-05,0
RR-00707,4.887770500744642e-05,0
RR-00708,6.122397320904404e-05,0
RR-00709,3.069391427150253e-05,0
RR-00710,0.0002126385409664704,0
RR-00711,0.0013559159629721639,0
RR-00712,0.00018061244892666754,0
RR-00713,7.821293675179885e-05,0
RR-00714,0.0007168569928010259,0
RR-00715,8.664766439354447e-05,0
RR-00716,0.0001640903175390405,0
RR-00717,0.00038169490637768126,0
RR-00718,8.046202867315832e-05,0
RR-00719,2.9606171865465047e-05,0
RR-00720,4.448291759647748e-05,0
RR-00721,7.44865120967366e-05,0
RR-00722,4.698659512772097e-05,0
RR-00723,7.881274642509081e-05,0
RR-00724,3.212744173280118e-05,0
RR-00725,4.451243717322801e-05,0
RR-00726,0.00011707140267670217,0
RR-00727,0.001137536312147506,0
RR-00728,0.0001005239047567599,0
RR-00729,0.9947572761520668,1
RR-00730,0.00024349111525457935,0
RR-00731,0.0037050468408769736,0
RR-00732,7.120943660874512e-05,0
RR-00733,7.162779974723047e-05,0
RR-00734,4.209406168171132e-05,0
RR-00735,4.892910471606015e-05,0
RR-00736,0.0008291521857046739,0
RR-00737,0.0001382252816374818,0
RR-00738,0.00021972902049942602,0
RR-00739,7.878418419957283e-05,0
RR-00740,0.00018737806388519152,0
RR-00741,6.757012076158008e-05,0
RR-00742,0.00024709092321059445,0
RR-00743,4.3722249910643726e-05,0
RR-00744,4.0916754627969785e-05,0
RR-00745,0.00011023164595764269,0
RR-00746,0.006306987181452686,0
RR-00747,5.2173048342798294e-05,0
RR-00748,5.678929721562654e-05,0
RR-00749,0.00022453480644966074,0
RR-00750,9.825996863293547e-05,0
RR-00751,9.001512744507522e-05,0
RR-00752,0.041168984236547836,0
RR-00753,0.00011449122773505221,0
RR-00754,3.735466039136266e-05,0
RR-00755,0.0002159807128502147,0
RR-00756,0.00021078970351389787,0
RR-00757,9.213143787682265e-05,0
RR-00758,6.79581302942593e-05,0
RR-00759,2.8040232532610547e-05,0
RR-00760,8.724214445988183e-05,0
RR-00761,0.0001404189676629739,0
RR-00762,0.0001029296747206116,0
RR-00763,0.00014022807446085388,0
RR-00764,0.00011579948074853123,0
RR-00765,0.0002178996099435676,0
RR-00766,7.155836149917366e-05,0
RR-00767,6.178466204436772e-05,0
RR-00768,4.7691053833584476e-05,0
RR-00769,0.0001539456672171393,0
RR-00770,0.0001062104894502134,0
RR-00771,0.00010360522805264893,0
RR-00772,3.439495137236267e-05,0
RR-00773,3.718778208795955e-05,0
RR-00774,0.00020711407759351361,0
RR-00775,4.814419477018038e-05,0
RR-00776,0.00014013129379572973,0
RR-00777,8.620126723700471e-05,0
RR-00778,5.252237351481859e-05,0
RR-00779,4.116679582031766e-05,0
RR-00780,7.04325159480428e-05,0
RR-00781,9.663043660615896e-05,0
RR-00782,9.324167987123018e-05,0
RR-00783,0.00010471981589255438,0
RR-00784,4.8437543906128955e-05,0
RR-00785,0.00031198489000947276,0
RR-00786,0.00014361844482486407,0
RR-00787,0.4507519856965852,1
RR-00788,0.0007421960307269825,0
RR-00789,0.00021262059154157224,0
RR-00790,0.000353880410356006,0
RR-00791,0.00013485708887840678,0
RR-00792,4.472617886696991e-05,0
RR-00793,0.0010545730744300084,0
RR-00794,0.006556674085633643,0
RR-00795,3.556327064104509e-05,0
RR-00796,3.3364805368039796e-05,0
RR-00797,8.818716098726626e-05,0
RR-00798,0.00017557796668582842,0
RR-00799,0.9793626766808203,1
RR-00800,9.65682408568848e-05,0
RR-00801,0.0001292543718977925,0
RR-00802,9.748082193992244e-05,0
RR-00803,3.9434524181167997e-05,0
RR-00804,0.00013527388994443855,0
RR-00805,7.645167770439978e-05,0
RR-00806,8.359318522504014e-05,0
RR-00807,0.00021146643051923089,0
RR-00808,4.371588440332646e-05,0
RR-00809,0.0005213473657200485,0
RR-00810,2.9398635745429027e-05,0
RR-00811,5.825093112686788e-05,0
RR-00812,4.4970703282582105e-05,0
RR-00813,0.00017004192455239816,0
RR-00814,7.23238344207764e-05,0
RR-00815,0.0003264588566572657,0
RR-00816,0.00019486253965427674,0
RR-00817,3.721513685910841e-05,0
RR-00818,0.00023959933382442257,0
RR-00819,0.00010262074566884422,0
RR-00820,7.013041469619064e-05,0
RR-00821,2.71330749007277e-05,0
RR-00822,3.5576970168336665e-05,0
RR-00823,0.0006549594494018321,0
RR-00824,0.00012064743738916681,0
RR-00825,0.00022160020555594663,0
RR-00826,0.00030694210917987363,0
RR-00827,0.0008015981804684602,0
RR-00828,0.00027460287109808693,0
RR-00829,3.1032237727785154e-05,0
RR-00830,0.00010917244210786066,0
RR-00831,0.00011423077665468049,0
RR-00832,3.879005312078606e-05,0
RR-00833,6.256618176517515e-05,0
RR-00834,0.9365080729493943,1
RR-00835,0.9778365295814293,1
RR-00836,7.366615608811538e-05,0
RR-00837,8.302773947629315e-05,0
RR-00838,0.0001296584869114447,0
RR-00839,9.412763858199296e-05,0
RR-00840,3.801574280380187e-05,0
RR-00841,5.760317276865458e-05,0
RR-00842,0.0005682691564814257,0
RR-00843,0.00017596794125173402,0
RR-00844,0.0010514278704353913,0
RR-00845,3.2361546979315524e-05,0
RR-00846,0.00021041197490913506,0
RR-00847,0.0002341154097272921,0
RR-00848,3.926022791254461e-05,0
RR-00849,0.0001235276227126772,0
RR-00850,0.003701979977301727,0
RR-00851,5.6053676867560814e-05,0
RR-00852,0.0005076759966851233,0
RR-00853,0.00011019224159257372,0
RR-00854,0.9384079929287066,1
RR-00855,0.00032338866951211965,0
RR-00856,4.5422110271888713e-05,0
RR-00857,5.3821203074792264e-05,0
RR-00858,0.00010136839498109425,0
RR-00859,0.0012233059479526882,0
RR-00860,0.0002865386410584907,0
RR-00861,0.0012992650074397816,0
RR-00862,0.0027434915412321076,0
RR-00863,8.716048991978693e-05,0
RR-00864,0.00019097858589469996,0
RR-00865,6.578205919890582e-05,0
RR-00866,9.537618968747631e-05,0
RR-00867,6.466265442052088e-05,0
RR-00868,4.102782567819263e-05,0
RR-00869,0.00029965574709176927,0
RR-00870,4.617904477205182e-05,0
RR-00871,7.873642983527864e-05,0
RR-00872,0.0001092880496147457,0
RR-00873,0.0004304737807340728,0
RR-00874,0.0014622323263741592,0
RR-00875,0.0003016296517509236,0
RR-00876,7.597123344021283e-05,0
RR-00877,5.812731003612906e-05,0
RR-00878,3.0226866992731322e-05,0
RR-00879,5.122062823685828e-05,0
RR-00880,5.0050156563451626e-05,0
RR-00881,0.0004481494436095096,0
RR-00882,0.002815688452311037,0
RR-00883,5.4210192607000916e-05,0
RR-00884,0.03033948159899097,0
RR-00885,0.0021908388122859114,0
RR-00886,7.68207552577703e-05,0
RR-00887,3.695431334371139e-05,0
RR-00888,0.00010322054770843608,0
RR-00889,0.00016013510040639332,0
RR-00890,5.542796164722877e-05,0
RR-00891,0.8356475649250097,1
RR-00892,0.00028150553350415707,0
RR-00893,0.00103570049999222,0
RR-00894,3.159485467643505e-05,0
RR-00895,3.747137301661634e-05,0
RR-00896,0.00012929392559948676,0
RR-00897,0.0004601177281562047,0
RR-00898,0.0010115995917001192,0
RR-00899,0.00012870381972291694,0
RR-00900,4.705917213728082e-05,0
RR-00901,0.002083191525381783,0
RR-00902,3.5373545967088686e-05,0
RR-00903,0.010710912692110677,1
RR-00904,0.00012755584818080118,0
RR-00905,0.00028315956473227635,0
RR-00906,9.69973866745629e-05,0
RR-00907,0.0003698521079507563,0
RR-00908,0.00037190223270081165,0
RR-00909,0.9547055863233249,1
RR-00910,5.074797257072274e-05,0
RR-00911,0.00012263620005008926,0
RR-00912,0.0004046935639809707,0
RR-00913,0.00019243911669613713,0
RR-00914,0.00013193432904455687,0
RR-00915,0.00017297519957103653,0
RR-00916,6.419074697237888e-05,0
RR-00917,7.111537544512773e-05,0
RR-00918,7.785277953933688e-05,0
RR-00919,8.133431124851838e-05,0
RR-00920,3.173146223200143e-05,0
RR-00921,0.00010665881127322824,0
RR-00922,6.179390252880115e-05,0
RR-00923,4.59637227217908e-05,0
RR-00924,0.00029599465742851327,0
RR-00925,5.265876798224382e-05,0
RR-00926,6.144203699958131e-05,0
RR-00927,3.830375220106829e-05,0
RR-00928,4.190191086190529e-05,0
RR-00929,0.8381842363635297,1
RR-00930,3.388479486436613e-05,0
RR-00931,0.00016374253761452457,0
RR-00932,0.0004167741850373244,0
RR-00933,4.598075804880872e-05,0
RR-00934,7.691687334384372e-05,0
RR-00935,3.70503317364633e-05,0
RR-00936,0.00012416225452778246,0
RR-00937,8.448758116770052e-05,0
RR-00938,8.942279857729819e-05,0
RR-00939,0.00014668101090283488,0
RR-00940,5.3907876173840225e-05,0
RR-00941,4.6901759642072875e-05,0
RR-00942,4.012030372623906e-05,0
RR-00943,0.00016188408112460944,0
RR-00944,0.00016715269717361932,0
RR-00945,0.0004527091933371613,0
RR-00946,0.00012722055276595445,0
RR-00947,3.338231437648376e-05,0
RR-00948,3.993704458194477e-05,0
RR-00949,5.4096816822517304e-05,0
RR-00950,6.3082249222315e-05,0
RR-00951,0.8726635724870087,1
RR-00952,3.434459955068695e-05,0
RR-00953,6.131670109951538e-05,0
RR-00954,8.131770272015132e-05,0
RR-00955,7.093117232726932e-05,0
RR-00956,6.90424941924962e-05,0
RR-00957,0.0002055929855033411,0
RR-00958,0.0007251182848231986,0
RR-00959,0.21524302521760857,0
RR-00960,0.00011680849715275116,0
RR-00961,5.7984836400312636e-05,0
RR-00962,5.95551471254934e-05,0
RR-00963,3.886963157957022e-05,0
RR-00964,0.000657563443950287,0
RR-00965,6.689430492491987e-05,0
RR-00966,0.0007071737540024651,0
RR-00967,0.0007555873246573817,0
RR-00968,7.421584637523034e-05,0
RR-00969,5.0555069457630714e-05,0
RR-00970,5.262448644169304e-05,0
RR-00971,0.3402540613593723,0
RR-00972,8.577296442681605e-05,0
RR-00973,0.0005332013965232136,0
RR-00974,6.073552144426141e-05,0
RR-00975,0.0007554631955271644,0
RR-00976,0.0005525685521281997,0
RR-00977,3.333658775211789e-05,0
RR-00978,0.00016674931921991973,0
RR-00979,0.0002917462580639094,0
RR-00980,6.322061607352922e-05,0
RR-00981,0.003083283991918835,0
RR-00982,7.852679125296597e-05,0
RR-00983,0.0001311670415763434,0
RR-00984,2.750618597657202e-05,0
RR-00985,0.0002329330711202985,0
RR-00986,4.22803823211454e-05,0
RR-00987,0.0005516778437285197,0
RR-00988,4.7216746988443814e-05,0
RR-00989,7.803212014753178e-05,0
RR-00990,7.593342777304514e-05,0
RR-00991,4.1521687119973506e-05,0
RR-00992,0.00022595626977239963,0
RR-00993,9.61865114961498e-05,0
RR-00994,4.7993602014874955e-05,0
RR-00995,2.96776241496526e-05,0
RR-00996,0.000208391005539914,0
RR-00997,7.443504207502539e-05,0
RR-00998,7.060059304237475e-05,0
RR-00999,3.8130807515406426e-05,0
RR-01000,0.00018908454899363113,0
RR-01001,9.681383719196507e-05,0
RR-01002,0.00014112472179802352,0
RR-01003,0.00017987533900286923,0
RR-01004,0.00019218187195451956,0
RR-01005,0.0003221336748140796,0
RR-01006,3.938352687976015e-05,0
RR-01007,8.66199965519707e-05,0
RR-01008,0.00018916980416209506,0
RR-01009,0.005373972794954321,0
RR-01010,0.0002791034576380553,0
RR-01011,8.545285837603233e-05,0
RR-01012,2.7399863811497188e-05,0
RR-01013,2.9822904388253225e-05,0
RR-01014,0.00012066480340624757,0
RR-01015,6.140497636051762e-05,0
RR-01016,0.02249135460700662,0
RR-01017,5.4697644576148216e-05,0
RR-01018,0.00010198494385207379,0
RR-01019,0.012344076053560535,0
RR-01020,9.70716429194705e-05,0
RR-01021,0.0001287262022779225,0
RR-01022,0.0005246558422944048,0
RR-01023,6.528037382805582e-05,0
RR-01024,0.0001212506873234833,0
RR-01025,0.00015232170498134735,0
RR-01026,3.912436259975235e-05,0
RR-01027,3.60547452479578e-05,0
RR-01028,7.52194154364876e-05,0
RR-01029,5.647326248033736e-05,0
RR-01030,5.907190548181683e-05,0
RR-01031,0.0001548148628499438,0
RR-01032,5.277544619225224e-05,0
RR-01033,4.72015856816084e-05,0
RR-01034,0.004640934806442222,0
RR-01035,5.0909944868701926e-05,0
RR-01036,4.6110609148562874e-05,0
RR-01037,0.16835482276964264,0
RR-01038,4.271663079099723e-05,0
RR-01039,3.391254705603097e-05,0
RR-01040,8.327483138603222e-05,0
RR-01041,3.907486781463001e-05,0
RR-01042,0.0005051656023164676,0
RR-01043,8.369929840793119e-05,0
RR-01044,0.0006144818794879248,0
RR-01045,0.0003671897678379863,0
RR-01046,4.208841201298996e-05,0
RR-01047,0.0004096331931055777,0
RR-01048,7.730121398196093e-05,0
RR-01049,4.348012498491432e-05,0
RR-01050,0.013980926527708461,0
RR-01051,5.86404030562287e-05,0
RR-01052,6.943957180308056e-05,0
RR-01053,6.572874020354728e-05,0
RR-01054,0.00014930195015001895,0
RR-01055,3.947431923123283e-05,0
RR-01056,7.313722954250497e-05,0
RR-01057,0.00034479202529821715,0
RR-01058,0.00044106198891500655,0
RR-01059,5.268400708631486e-05,0
RR-01060,0.0001562451405380419,0
RR-01061,7.558152753739825e-05,0
RR-01062,0.00020552740682185645,0
RR-01063,0.00021859929756592488,0
RR-01064,7.487258938838422e-05,0
RR-01065,0.00011228604760766875,0
RR-01066,0.0004460592069974739,0
RR-01067,5.099815491378753e-05,0
RR-01068,0.00013327829074784864,0
RR-01069,9.005885613445457e-05,0
RR-01070,0.00013883611053475104,0
RR-01071,0.00013285619615223816,0
RR-01072,0.0001131841593131594,0
RR-01073,0.00022356088872467134,0
RR-01074,0.0008957872808501072,0
RR-01075,0.00019269310772635596,0
RR-01076,0.00014078330314233557,0
RR-01077,5.058004283033221e-05,0
RR-01078,4.0011503275895724e-05,0
RR-01079,0.002478054859878411,0
RR-01080,5.700890895520539e-05,0
RR-01081,9.119339472086795e-05,0
RR-01082,3.658926777997332e-05,0
RR-01083,6.173306698231206e-05,0
RR-01084,8.590569374842951e-05,0
RR-01085,4.375764241781094e-05,0
RR-01086,5.199110301789432e-05,0
RR-01087,6.126107823651687e-05,0
RR-01088,0.01509145161169756,0
RR-01089,4.853120399013222e-05,0
RR-01090,0.00016473329025055083,0
RR-01091,0.00014907045182168844,0
RR-01092,7.003632815273229e-05,0
RR-01093,5.637036116448568e-05,0
RR-01094,0.0026767398529289094,0
RR-01095,0.0005966079700175363,0
RR-01096,5.806355743878315e-05,0
RR-01097,0.00039593304278152643,0
RR-01098,2.9698774332636228e-05,0
RR-01099,7.544889898960619e-05,0
RR-01100,0.00022708348527974897,0
RR-01101,4.709461845645198e-05,0
RR-01102,0.0001829488909539438,0
RR-01103,4.306374707983844e-05,0
RR-01104,0.00015704925442561895,0
RR-01105,0.00017980494867343212,0
RR-01106,4.606486159480729e-05,0
RR-01107,3.782555090968328e-05,0
RR-01108,0.02578700537319725,0
RR-01109,3.190444491432095e-05,0
RR-01110,6.661017095793723e-05,0
RR-01111,0.0002451025715409577,0
RR-01112,0.00014837974306758259,0
RR-01113,4.497180583671611e-05,0
RR-01114,4.652228221674868e-05,0
RR-01115,5.09235328691367e-05,0
RR-01116,0.0002602615939604021,0
RR-01117,0.00010505872740053539,0
RR-01118,3.361763282725583e-05,0
RR-01119,9.165017738883624e-05,0
RR-01120,0.00013490589073796006,0
RR-01121,3.910415637308861e-05,0
RR-01122,0.00021640715849401794,0
RR-01123,0.0005364124487294821,0
RR-01124,4.584367319623103e-05,0
RR-01125,0.0002596481534602515,0
RR-01126,3.0108954125823366e-05,0
RR-01127,0.00031831059715466424,0
RR-01128,6.897998052454703e-05,0
RR-01129,0.9510280627016028,1
RR-01130,4.6095598065524945e-05,0
RR-01131,0.00042746525369346633,0
RR-01132,0.00015148790178824502,0
RR-01133,5.326775043282336e-05,0
RR-01134,0.10371152560227415,0
RR-01135,4.18833351070944e-05,0
RR-01136,6.410720868054435e-05,0
RR-01137,6.81377044927455e-05,0
RR-01138,0.00012126537451101005,0
RR-01139,0.012344076053560535,0
RR-01140,3.6227972916793743e-05,0
RR-01141,4.873021872516242e-05,0
RR-01142,3.302405464876534e-05,0
RR-01143,0.00022644822372555772,0
RR-01144,9.909314022878847e-05,0
RR-01145,0.09381005342085076,0
RR-01146,6.284671069742183e-05,0
RR-01147,5.185374842491473e-05,0
RR-01148,7.276521393625279e-05,0
RR-01149,0.0001307181686933609,0
RR-01150,0.0003347683663982358,0
RR-01151,0.00011641873141334784,0
RR-01152,6.004249985432591e-05,0
RR-01153,0.00011603004781298572,0
RR-01154,4.921339226008294e-05,0
RR-01155,6.985620400221065e-05,0
RR-01156,5.61337416416719e-05,0
RR-01157,5.835153746820462e-05,0
RR-01158,0.0026336929467075726,0
RR-01159,0.00044072619396227876,0
RR-01160,5.054305132842387e-05,0
RR-01161,0.00014789331932021346,0
RR-01162,0.9965136179767796,1
RR-01163,3.593315012377665e-05,0
RR-01164,3.5501194279330577e-05,0
RR-01165,6.507720991317818e-05,0
RR-01166,0.0001376059341367743,0
RR-01167,5.786597552641899e-05,0
RR-01168,3.0503350774996417e-05,0
RR-01169,0.0019884212640680385,0
RR-01170,0.0002278108562610429,0
RR-01171,5.443191031453508e-05,0
RR-01172,6.636727912246541e-05,0
RR-01173,3.135088461586119e-05,0
RR-01174,0.0003064167721201677,0
RR-01175,0.00021973942335774225,0
RR-01176,3.2525008651090835e-05,0
RR-01177,0.00014083735296882888,0
RR-01178,7.271389273393873e-05,0
RR-01179,2.8365592936284243e-05,0
RR-01180,0.00016454870481766686,0
RR-01181,6.858828154642333e-05,0
RR-01182,0.00016595549106638712,0
RR-01183,0.00016889915544340505,0
RR-01184,0.0002315412543245296,0
RR-01185,0.001067563345903498,0
RR-01186,0.0017722501678837555,0
RR-01187,5.155986006839405e-05,0
RR-01188,0.00010858244573701007,0
RR-01189,0.0006563791379282447,0
RR-01190,4.580972946430603e-05,0
RR-01191,0.0002258448942708509,0
RR-01192,0.00018885846323120646,0
RR-01193,7.9428572092614e-05,0
RR-01194,8.309902030318047e-05,0
RR-01195,6.333092749153066e-05,0
RR-01196,0.00012022045656393156,0
RR-01197,6.993624135484032e-05,0
RR-01198,0.006125816083901812,0
RR-01199,0.00010204946419475517,0
RR-01200,0.00010564449664544575,0
RR-01201,0.0002796464963035172,0
RR-01202,0.00010047257914241314,0
RR-01203,0.00015000548057893804,0
RR-01204,4.135664029295681e-05,0
RR-01205,0.00010782791132366288,0
RR-01206,6.401769526200034e-05,0
RR-01207,0.00015445907011418103,0
RR-01208,7.56393477682063e-05,0
RR-01209,4.929245930222307e-05,0
RR-01210,0.00017565154545457013,0
RR-01211,8.194866467755671e-05,0
RR-01212,0.00031707073859436424,0
RR-01213,8.758610908231057e-05,0
RR-01214,0.00010424269240052318,0
RR-01215,5.968449742742282e-05,0
RR-01216,5.349954148729771e-05,0
RR-01217,8.788679621111815e-05,0
RR-01218,0.00016707881090569234,0
RR-01219,3.9550173881558666e-05,0
RR-01220,6.128116935847117e-05,0
RR-01221,5.5779394671238374e-05,0
RR-01222,4.43951911016712e-05,0
RR-01223,0.00017036157336363256,0
RR-01224,0.0185765808404703,0
RR-01225,0.0011276779570625127,0
RR-01226,0.00015315422407602774,0
RR-01227,4.760626399575832e-05,0
RR-01228,0.974030513789311,1
RR-01229,4.83778451118397e-05,0
RR-01230,0.015733691105575105,0
RR-01231,5.196597917405665e-05,0
RR-01232,0.0009056945309526198,0
RR-01233,0.00024048610036980745,0
RR-01234,4.248242526438742e-05,0
RR-01235,7.230953644634285e-05,0
RR-01236,0.0001839375902254023,0
RR-01237,0.00010581713675166046,0
RR-01238,0.00027195010344657885,0
RR-01239,3.245863778365113e-05,0
RR-01240,3.8978850543401936e-05,0
RR-01241,0.00017072793248578276,0
RR-01242,5.729473875521258e-05,0
RR-01243,6.784209808656702e-05,0
RR-01244,3.7674831000016126e-05,0
RR-01245,0.00023076529234492604,0
RR-01246,0.0008151726854025936,0
RR-01247,2.5788702084511616e-05,0
RR-01248,3.2502094193003625e-05,0
RR-01249,0.00011382469816692831,0
RR-01250,0.00024882314137576695,0
RR-01251,7.306987683571866e-05,0
RR-01252,5.616484510263583e-05,0
RR-01253,7.92875089934044e-05,0
RR-01254,3.802309572357643e-05,0
RR-01255,0.001008100654657515,0
RR-01256,5.125750542583657e-05,0
RR-01257,0.001523210822909628,0
RR-01258,0.45296793929828894,1
RR-01259,8.22160244682485e-05,0
RR-01260,7.103775167190139e-05,0
RR-01261,0.00032840880072315903,0
RR-01262,6.847586747430318e-05,0
RR-01263,0.00027894184108705536,0
RR-01264,0.00024369579772721056,0
RR-01265,4.818744196417176e-05,0
RR-01266,7.038909667587429e-05,0
RR-01267,6.006178844333432e-05,0
RR-01268,7.435868830984973e-05,0
RR-01269,9.732049245333139e-05,0
RR-01270,0.00041820104723991444,0
RR-01271,0.002852605247106998,0
RR-01272,5.9046846559336897e-05,0
RR-01273,3.8623415028226405e-05,0
RR-01274,4.812022842517303e-05,0
RR-01275,4.611262432260607e-05,0
RR-01276,9.707102613110243e-05,0
RR-01277,0.00036689053181799175,0
RR-01278,0.9879779816920893,1
RR-01279,5.983464947758366e-05,0
RR-01280,0.011619797265036775,0
RR-01281,0.0011987450881028668,0
RR-01282,5.8365906982525225e-05,0
RR-01283,0.00048493036468660243,0
RR-01284,0.0009633043977525286,0
RR-01285,4.128829807779705e-05,0
RR-01286,3.5841148465347985e-05,0
RR-01287,0.0017328249779738857,0
RR-01288,0.0014049037081775323,0
RR-01289,3.7682247200994655e-05,0
RR-01290,0.022848932770830912,0
RR-01291,0.0001824424008288686,0
RR-01292,6.73011684129493e-05,0
RR-01293,0.005271382144075942,0
RR-01294,0.008197836723423235,0
RR-01295,3.348198011490098e-05,0
RR-01296,0.00045612516936627116,0
RR-01297,3.675742578262925e-05,0
RR-01298,0.00015817663067024077,0
RR-01299,6.737134802860221e-05,0
RR-01300,0.0001906277252549239,0
RR-01301,4.7454272581469166e-05,0
RR-01302,0.0020114877483571347,0
RR-01303,5.209987702089062e-05,0
RR-01304,6.208283689153626e-05,0
RR-01305,0.000682857790621661,0
RR-01306,4.90876391882367e-05,0
RR-01307,0.0024201640301515664,0
RR-01308,0.0002315925937952778,0
RR-01309,9.580367405004734e-05,0
RR-01310,7.414108420744574e-05,0
RR-01311,4.4072818154206954e-05,0
RR-01312,6.120901617636635e-05,0
RR-01313,0.00019435861032445173,0
RR-01314,0.00013006158720079827,0
RR-01315,0.003070263353207827,0
RR-01316,0.0001460485755262759,0
RR-01317,0.00012879548958524335,0
RR-01318,0.00010480188091467556,0
RR-01319,0.00023999646483132816,0
RR-01320,0.0001346485797859908,0
RR-01321,0.00020001043343381857,0
RR-01322,0.00010261858860554092,0
RR-01323,0.00011038305459375733,0
RR-01324,4.934683633776709e-05,0
RR-01325,0.0002041678909704364,0
RR-01326,3.6143207429434987e-05,0
RR-01327,0.6501508106599005,0
RR-01328,0.00020326206776950036,0
RR-01329,0.00013748038975959858,0
RR-01330,7.120095528375332e-05,0
RR-01331,0.00010624609291157535,0
RR-01332,6.695984947943491e-05,0
RR-01333,0.0001976419747841745,0
RR-01334,7.093483545990568e-05,0
RR-01335,5.9443555564156155e-05,0
RR-01336,2.7831274818250827e-05,0
RR-01337,7.950163736175448e-05,0
RR-01338,6.855608067746845e-05,0
RR-01339,0.017855132721760595,0
RR-01340,0.00010782949464934668,0
RR-01341,0.007630884282647549,0
RR-01342,9.424392000513818e-05,0
RR-01343,7.702086683947518e-05,0
RR-01344,6.330394350228498e-05,0
RR-01345,5.442035846795548e-05,0
RR-01346,0.00020615519578107906,0
RR-01347,0.13299205302531153,0
RR-01348,0.00032490863284766116,0
RR-01349,0.5385940184745908,1
RR-01350,0.00015927718045486547,0
RR-01351,0.00012273312184795466,0
RR-01352,3.8733617717530084e-05,0
RR-01353,5.588535925320072e-05,0
RR-01354,4.296428462042554e-05,0
RR-01355,5.23259228792395e-05,0
RR-01356,6.232597763845921e-05,0
RR-01357,3.590822587814924e-05,0
RR-01358,6.1635907891276e-05,0
RR-01359,0.004981039352537422,0
RR-01360,3.376889087004667e-05,0
RR-01361,5.8684352564354036e-05,0
RR-01362,0.00013706054216709978,0
RR-01363,3.655822365827535e-05,0
RR-01364,0.00015268465351336903,0
RR-01365,0.000404983320467329,0
RR-01366,9.299317324827877e-05,0
RR-01367,0.0007491405403556651,0
RR-01368,3.768141229427642e-05,0
RR-01369,3.074845944816419e-05,0
RR-01370,7.479442333730876e-05,0
RR-01371,3.862538357029848e-05,0
RR-01372,4.97608269317722e-05,0
RR-01373,0.000131932098262735,0
RR-01374,4.3400606736308586e-05,0
RR-01375,6.271630908138279e-05,0
RR-01376,2.7925013236927787e-05,0
RR-01377,6.618870680938343e-05,0
RR-01378,5.344888274121994e-05,0
RR-01379,0.0003946263441171446,0
RR-01380,0.0048957509211671624,0
RR-01381,6.50539754259975e-05,0
RR-01382,4.1827618724866024e-05,0
RR-01383,6.222355648356877e-05,0
RR-01384,9.331599040554415e-05,0
RR-01385,3.3526788340671176e-05,0
RR-01386,5.047530482067615e-05,0
RR-01387,0.00010386988615202068,0
RR-01388,0.0001061337827247147,0
RR-01389,0.0003871450460646514,0
RR-01390,0.00013147162259201497,0
RR-01391,8.935144181996576e-05,0
RR-01392,0.00017054032578943463,0
RR-01393,8.778836990983357e-05,0
RR-01394,0.24958402085205136,0
RR-01395,0.0010215494188829408,0
RR-01396,5.3244441472558855e-05,0
RR-01397,5.8083247482488854e-05,0
RR-01398,6.514753131102285e-05,0
RR-01399,8.521406196368927e-05,0
RR-01400,5.330034149126205e-05,0
RR-01401,0.049149934469357844,1
RR-01402,0.0009339472605776958,0
RR-01403,5.022140785934638e-05,0
RR-01404,0.04304410851047564,0
RR-01405,0.0001389498234542134,0
RR-01406,3.9135802659326046e-05,0
RR-01407,5.5830535646480546e-05,0
RR-01408,0.0001581690177642523,0
RR-01409,0.00018025655564382203,0
RR-01410,0.00021493910979422602,0
RR-01411,0.00020252728964771882,0
RR-01412,0.00015888309233359,0
RR-01413,0.0026183493406981015,0
RR-01414,5.457103567232982e-05,0
RR-01415,0.0002221275831848216,0
RR-01416,7.874074318194671e-05,0
RR-01417,2.451501090504596e-05,0
RR-01418,0.0001621330295305444,0
RR-01419,0.00010559280198408973,0
RR-01420,0.00025296977434902026,0
RR-01421,5.887837335877948e-05,0
RR-01422,0.001014256262542927,0
RR-01423,0.0001941313263148372,0
RR-01424,3.959332838339858e-05,0
RR-01425,0.000128746493395691,0
RR-01426,7.468686181215405e-05,0
RR-01427,3.9722699083235924e-05,0
RR-01428,0.005061124070999041,0
RR-01429,8.447541460926509e-05,0
RR-01430,0.1442363015633771,0
RR-01431,0.0010331142483004452,0
RR-01432,4.5103576513741116e-05,0
RR-01433,0.00011677812060849277,0
RR-01434,0.0009786784673011817,0
RR-01435,0.00015544510341686054,0
RR-01436,3.257620206015121e-05,0
RR-01437,0.00012740131134759752,0
RR-01438,0.0001127647237605428,0
RR-01439,6.389302802439579e-05,0
RR-01440,8.481362868098363e-05,0
RR-01441,0.0002033431042447939,0
RR-01442,0.00010365068249577918,0
RR-01443,9.160119916726072e-05,0
RR-01444,3.7396066377930854e-05,0
RR-01445,9.34458362556765e-05,0
RR-01446,0.006076856595738677,0
RR-01447,9.426223548722282e-05,0
RR-01448,3.9891913123466394e-05,0
RR-01449,9.959675214747743e-05,0
RR-01450,0.00019984071982691074,0
RR-01451,6.946275220546066e-05,0
RR-01452,4.067656617418677e-05,0
RR-01453,0.00011451041095443398,0
RR-01454,0.0002663422424683375,0
RR-01455,5.254350510624814e-05,0
RR-01456,0.00015916062934043994,0
RR-01457,4.946037370942205e-05,0
RR-01458,4.4315793278991824e-05,0
RR-01459,9.357458073576133e-05,0
RR-01460,5.21464580916145e-05,0
RR-01461,4.0338333731287206e-05,0
RR-01462,6.007979629727084e-05,0
RR-01463,0.9677925232320896,1
RR-01464,5.7999220360691945e-05,0
RR-01465,0.0005745807009172961,0
RR-01466,4.624561550682484e-05,0
RR-01467,0.00011806341488076176,0
RR-01468,8.133413468804596e-05,0
RR-01469,0.7986052732531626,1
RR-01470,3.587515859572311e-05,0
RR-01471,0.00011715850316214006,0
RR-01472,5.262267987328045e-05,0
RR-01473,5.374681862724428e-05,0
RR-01474,9.338382608331246e-05,0
RR-01475,2.81427496746069e-05,0
RR-01476,0.00020023042234277154,0
RR-01477,6.0484584349411096e-05,0
RR-01478,0.0011137168685066941,0
RR-01479,3.6633901672096416e-05,0
RR-01480,0.00010955515123874099,0
RR-01481,6.271713839529619e-05,0
RR-01482,6.277972870526757e-05,0
RR-01483,5.24035957714011e-05,0
RR-01484,0.0004517697796371648,0
RR-01485,0.00022789418171090053,0
RR-01486,4.525478931178634e-05,0
RR-01487,4.999455328267497e-05,0
RR-01488,5.811375527246545e-05,0
RR-01489,0.8551071731196449,1
RR-01490,3.360813460498848e-05,0
RR-01491,6.676580822399428e-05,0
RR-01492,5.841856088626814e-05,0
RR-01493,4.9718214401624995e-05,0
RR-01494,3.5388826764576025e-05,0
RR-01495,0.0001744680352542703,0
RR-01496,9.719986427257133e-05,0
RR-01497,9.873292509726255e-05,0
RR-01498,0.00016722081353723442,0
RR-01499,0.00021813138735723327,0
RR-01500,4.28043942357432e-05,0
RR-01501,5.875007194060467e-05,0
RR-01502,0.0001049042497477312,0
RR-01503,0.0001231890634404128,0
RR-01504,0.00011394753677407878,0
RR-01505,0.0005024815945866133,0
RR-01506,0.00010226069001853444,0
RR-01507,0.0001110228066664741,0
RR-01508,3.170723690146762e-05,0
RR-01509,0.00014485791993333093,0
RR-01510,3.070731494252953e-05,0
RR-01511,0.00015582419809067054,0
RR-01512,0.0020264870055526174,0
RR-01513,0.0004745240345816382,0
RR-01514,0.0014332230803246458,0
RR-01515,4.0489040775177015e-05,0
RR-01516,0.0001005027964367179,0
RR-01517,6.297637164175305e-05,0
RR-01518,0.9181616302606285,1
RR-01519,0.00016626959964196618,0
RR-01520,5.330657965000873e-05,0
RR-01521,6.769992677146353e-05,0
RR-01522,4.4084016606018495e-05,0
RR-01523,6.040541990694211e-05,0
RR-01524,5.8069584113618215e-05,0
RR-01525,3.9570706081977516e-05,0
RR-01526,6.507720991317818e-05,0
RR-01527,4.906380654119699e-05,0
RR-01528,0.00010399956561889535,0
RR-01529,0.0021052085835122397,0
RR-01530,7.611926718322657e-05,0
RR-01531,0.00012447591324052138,0
RR-01532,3.7551839074558146e-05,0
RR-01533,0.00016898984272748692,0
RR-01534,0.00030261498354861987,0
RR-01535,3.8566566870436696e-05,0
RR-01536,6.645052007768898e-05,0
RR-01537,9.714672618399746e-05,0
RR-01538,0.057422860116558526,0
RR-01539,4.161321623474149e-05,0
RR-01540,8.03401812075938e-05,0
RR-01541,5.3575198192134946e-05,0
RR-01542,7.178739448328933e-05,0
RR-01543,0.00015318177090173837,0
RR-01544,0.00010711864334275761,0
RR-01545,3.744621358619098e-05,0
RR-01546,5.9807487110040744e-05,0
RR-01547,5.5816404007317146e-05,0
RR-01548,5.856197647136547e-05,0
RR-01549,0.046002533025120286,0
RR-01550,0.0011779849615590914,0
RR-01551,0.00011606658198968116,0
RR-01552,0.0001078798527347276,0
RR-01553,6.948026620551543e-05,0
RR-01554,8.956165258790578e-05,0
RR-01555,0.0009433380432382942,0
RR-01556,7.306547206160619e-05,0
RR-01557,5.4751712202241604e-05,0
RR-01558,8.720340644467205e-05,0
RR-01559,0.0002845782143190755,0
RR-01560,7.13937293446719e-05,0
RR-01561,6.238961842247178e-05,0
RR-01562,0.0001221649179002944,0
RR-01563,0.000356231828874253,0
RR-01564,0.00017325740037382197,0
RR-01565,3.03978358277332e-05,0
RR-01566,3.790205205211926e-05,0
RR-01567,0.9978396635445173,1
RR-01568,0.0013234659542065961,0
RR-01569,0.00013589790155430504,0
RR-01570,6.0054560294789316e-05,0
RR-01571,4.6091648941486874e-05,0
RR-01572,0.00015728174151888276,0
RR-01573,0.00016485494170263295,0
RR-01574,0.0011672299568424986,0
RR-01575,5.7751977317533064e-05,0
RR-01576,0.00024808361068177546,0
RR-01577,4.353934306924772e-05,0
RR-01578,0.7059372942932459,0
RR-01579,0.0004189560195170655,0
RR-01580,6.704297367088198e-05,0
RR-01581,0.00013611085184212342,0
RR-01582,0.00038523733498994586,0
RR-01583,0.00959607978305219,0
RR-01584,8.844614457326609e-05,0
RR-01585,5.108152384097993e-05,0
RR-01586,0.11164220397229739,0
RR-01587,6.43272328129129e-05,0
RR-01588,0.00010579754959155624,0
RR-01589,0.00022670962956275638,0
RR-01590,3.768579644198336e-05,0
RR-01591,0.0018549681252798091,0
RR-01592,7.120288670978727e-05,0
RR-01593,0.8215251641841648,1
RR-01594,5.154222587117034e-05,0
RR-01595,0.0001462430397970913,0
RR-01596,0.00018682609280661508,0
RR-01597,4.301679766466801e-05,0
RR-01598,0.00012263620005008926,0
RR-01599,6.385739124025286e-05,0
RR-01600,0.0002915820382498401,0
RR-01601,0.00040944188861292215,0
RR-01602,5.542068304537883e-05,0
RR-01603,6.183845602377258e-05,0
RR-01604,3.1308985191251664e-05,0
RR-01605,0.0002172017006442882,0
RR-01606,0.00016271082123012174,0
RR-01607,0.00019458600244607715,0
RR-01608,0.000535115318127545,0
RR-01609,4.360124304076868e-05,0
RR-01610,4.106905714317573e-05,0
RR-01611,8.733651565450716e-05,0
RR-01612,0.00012887842340782412,0
RR-01613,4.68739565852345e-05,0
RR-01614,0.00892504667049637,0
RR-01615,4.205550068914492e-05,0
RR-01616,3.6406789738899164e-05,0
RR-01617,5.224126106226717e-05,0
RR-01618,0.00018225919257133463,0
RR-01619,0.00014500721817805852,0
RR-01620,0.00034199423734994024,0
RR-01621,0.0007731949242481057,0
RR-01622,0.00025779024674463176,0
RR-01623,6.176621987378586e-05,0
RR-01624,3.803471648235964e-05,0
RR-01625,5.7703284603387427e-05,0
RR-01626,7.782261616207935e-05,0
RR-01627,0.00010566203016512703,0
RR-01628,0.00020444660579709746,0
RR-01629,0.00012960175264076977,0
RR-01630,4.163475955942763e-05,0
RR-01631,3.357274366110442e-05,0
RR-01632,5.250464814591252e-05,0
RR-01633,4.483689461937716e-05,0
RR-01634,0.002083405632540392,0
RR-01635,4.5418048906220725e-05,0
RR-01636,3.630928008926568e-05,0
RR-01637,3.37644417895628e-05,0
RR-01638,4.7549753527731526e-05,0
RR-01639,5.748722249069827e-05,0
RR-01640,0.00045168622387427076,0
RR-01641,5.1547179886549e-05,0
RR-01642,6.47681008123434e-05,0
RR-01643,0.0002165919604517612,0
RR-01644,3.190307270697357e-05,0
RR-01645,4.1642842223661166e-05,0
RR-01646,2.7224995849735197e-05,0
RR-01647,8.000298844540336e-05,0
RR-01648,6.257189037127396e-05,0
RR-01649,6.229946462964743e-05,0
RR-01650,6.813768126218134e-05,0
RR-01651,5.8882691450973955e-05,0
RR-01652,0.00016901935982697422,0
RR-01653,0.00011572462697817658,0
RR-01654,0.00012904419166850586,0
RR-01655,7.325382670785091e-05,0
RR-01656,3.877647910672772e-05,0
RR-01657,3.686563527195388e-05,0
RR-01658,8.963019360039022e-05,0
RR-01659,9.037213418679698e-05,0
RR-01660,6.479660884381085e-05,0
RR-01661,8.631026116301779e-05,0
RR-01662,0.0002218421793638598,0
RR-01663,0.0008296148961390696,0
RR-01664,0.0009811101396623272,0
RR-01665,5.076168073389726e-05,0
RR-01666,0.00010361610279370034,0
RR-01667,3.754857055181015e-05,0
RR-01668,3.7010900820144986e-05,0
RR-01669,4.400103491068139e-05,0
RR-01670,3.7427197979678535e-05,0
RR-01671,5.024892454637656e-05,0
RR-01672,5.910386216967882e-05,0
RR-01673,6.615971738495221e-05,0
RR-01674,2.7899148697836825e-05,0
RR-01675,6.08119777095161e-05,0
RR-01676,9.08283426859252e-05,0
RR-01677,4.658922769597468e-05,0
RR-01678,5.792618740459435e-05,0
RR-01679,0.0009666026472537536,0
RR-01680,6.481227430178815e-05,0
RR-01681,0.00016538110500170526,0
RR-01682,0.000261861034659711,0
RR-01683,4.0460381943616405e-05,0
RR-01684,0.00021649255060814638,0
RR-01685,9.567529414195092e-05,0
RR-01686,4.920465442987588e-05,0
RR-01687,0.0001349534045460765,0
RR-01688,0.7508225179991996,1
RR-01689,0.00018244607232904746,0
RR-01690,0.0002412321343546836,0
RR-01691,0.0005178917392423542,0
RR-01692,0.9473141424524106,1
RR-01693,0.00033707767201765753,0
RR-01694,0.00028808420324843536,0
RR-01695,0.00013741572998956275,0
RR-01696,0.00016135984199767964,0
RR-01697,5.4656418188985177e-05,0
RR-01698,6.868946386165004e-05,0
RR-01699,5.872587565657715e-05,0
RR-01700,0.00013412972879514763,0
RR-01701,5.789899269613113e-05,0
RR-01702,0.0002114580038715246,0
RR-01703,3.962590817362796e-05,0
RR-01704,6.20631679515157e-05,0
RR-01705,0.017215498437909094,0
RR-01706,0.0012261204397479406,0
RR-01707,5.2814069909085966e-05,0
RR-01708,3.8738352267732366e-05,0
RR-01709,0.00026804871622643824,0
RR-01710,9.077802205818737e-05,0
RR-01711,0.00027090030386073467,0
RR-01712,0.0007305707665508634,0
RR-01713,5.806977550238256e-05,0
RR-01714,0.0001726460912328206,0
RR-01715,0.0006012787831863439,0
RR-01716,0.0019395667705094904,0
RR-01717,0.0014353656794557786,0
RR-01718,0.00010968887843179617,0
RR-01719,0.0001213597995411121,0
RR-01720,0.00015648210697660772,0
RR-01721,4.479447892825139e-05,0
RR-01722,4.166799089052688e-05,0
RR-01723,9.400668960397366e-05,0
RR-01724,8.03961257542181e-05,0
RR-01725,7.546936022520626e-05,0
RR-01726,9.712469394961302e-05,0
RR-01727,8.441172502795984e-05,0
RR-01728,8.355954755217543e-05,0
RR-01729,8.883322203590435e-05,0
RR-01730,3.0121192294886447e-05,0
RR-01731,0.0001080180954780025,0
RR-01732,5.286861647182035e-05,0
RR-01733,6.120135219573392e-05,0
RR-01734,7.465464016808813e-05,0
RR-01735,6.875247879813445e-05,0
RR-01736,0.00022822753399598985,0
RR-01737,5.804241348872284e-05,0
RR-01738,6.307473611904343e-05,0
RR-01739,0.0003463055646033174,0
RR-01740,4.516253113423662e-05,0
RR-01741,0.9018374636014591,1
RR-01742,0.00025757051223196733,0
RR-01743,3.5425232173816983e-05,0
RR-01744,0.0008889738979304608,0
RR-01745,4.5322538609301545e-05,0
RR-01746,8.076697885241573e-05,0
RR-01747,4.6365989192872254e-05,0
RR-01748,4.312888146259424e-05,0
RR-01749,0.00023058039845352897,0
RR-01750,5.124951082151514e-05,0
RR-01751,6.781773437780952e-05,0
RR-01752,9.460653069015494e-05,0
RR-01753,0.001939741314606509,0
RR-01754,0.0001043511531015762,0
RR-01755,0.00015368309645507998,0
RR-01756,0.015017838843180859,0
RR-01757,4.110104680947655e-05,0
RR-01758,0.00013181586682757993,0
RR-01759,5.0709399218968666e-05,0
RR-01760,8.102804838324661e-05,0
RR-01761,5.2228375379144776e-05,0
RR-01762,0.0013372791045139602,0
RR-01763,0.0003541578751550094,0
RR-01764,0.0006484197310725518,0
RR-01765,0.0011322471904655525,0
RR-01766,0.00010343477198695616,0
RR-01767,3.62933451022266e-05,0
RR-01768,5.739611950831627e-05,0
RR-01769,7.156497332076156e-05,0
RR-01770,5.4747687552728404e-05,0
RR-01771,0.00018889422803227915,0
RR-01772,0.0001884010040109324,0
RR-01773,9.854397320694679e-05,0
RR-01774,3.819476765981361e-05,0
RR-01775,0.002567508750910567,0
RR-01776,7.308449334875006e-05,0
RR-01777,3.153985860517701e-05,0
RR-01778,0.0003007646392465257,0
RR-01779,6.396965614427895e-05,0
RR-01780,8.764950025215386e-05,0
RR-01781,0.0003403090076537165,0
RR-01782,0.0003506541415261293,0
RR-01783,8.680867754944678e-05,0
RR-01784,8.14007146198373e-05,0
RR-01785,0.0278712712963608,1
RR-01786,0.00011264635084859313,0
RR-01787,4.900346586629364e-05,0
RR-01788,4.097742139012547e-05,0
RR-01789,0.00016162050233915423,0
RR-01790,0.00023673077170909888,0
RR-01791,0.0005303757505876137,0
RR-01792,0.001265102121805551,0
RR-01793,3.930660710148664e-05,0
RR-01794,4.2171863780028576e-05,0
RR-01795,8.208864600327484e-05,0
RR-01796,5.771170833976143e-05,0
RR-01797,0.9944407862853838,1
RR-01798,4.6793542825633785e-05,0
RR-01799,5.049870001254546e-05,0
RR-01800,3.7923671220704285e-05,0
RR-01801,5.725808410722215e-05,0
RR-01802,0.00014236672619144988,0
RR-01803,6.325214648256143e-05,0
RR-01804,0.0002560882136724466,0
RR-01805,5.760554511799411e-05,0
RR-01806,0.00012005321923242017,0
RR-01807,0.0004910296844535799,0
RR-01808,0.0001459292052377779,0
RR-01809,0.005226240880635294,0
RR-01810,4.641708075120767e-05,0
RR-01811,0.00013670208636329504,0
RR-01812,0.0001340963088969299,0
RR-01813,0.0006434281515605961,0
RR-01814,0.00011123570181542315,0
RR-01815,3.218442185441777e-05,0
RR-01816,0.0014423632994879506,0
RR-01817,0.00011384208063001959,0
RR-01818,7.230411523008635e-05,0
RR-01819,0.0004444889542182602,0
RR-01820,0.0006418724162488566,0
RR-01821,0.014900980459311054,0
RR-01822,4.207929049192678e-05,0
RR-01823,0.0013109403833781266,0
RR-01824,7.180903608325364e-05,0
RR-01825,7.230638357436419e-05,0
RR-01826,3.70793172613535e-05,0
RR-01827,9.22356042349237e-05,0
RR-01828,3.8250522649241846e-05,0
RR-01829,4.763546110272004e-05,0
RR-01830,0.9344557750096668,1
RR-01831,5.601838708130541e-05,0
RR-01832,0.001104788386305998,0
RR-01833,3.831000977586464e-05,0
RR-01834,0.0003275168258075788,0
RR-01835,5.434389166702579e-05,0
RR-01836,0.0002054187904608664,0
RR-01837,0.0001690062698747342,0
RR-01838,7.407210165242861e-05,0
RR-01839,7.091030595225065e-05,0
RR-01840,0.0004676818792560468,0
RR-01841,3.705595026227945e-05,0
RR-01842,0.0001566536283720844,0
RR-01843,0.0003025719807727615,0
RR-01844,3.610065457981674e-05,0
RR-01845,5.179232010544975e-05,0
RR-01846,5.2416869371580226e-05,0
RR-01847,4.636173520294675e-05,0
RR-01848,0.00016194132281411536,0
RR-01849,7.037410379214948e-05,0
RR-01850,0.0035600551062333684,0
RR-01851,0.00018613052976249744,0
RR-01852,0.9429507029738816,1
RR-01853,2.960870504152956e-05,0
RR-01854,4.768342173271463e-05,0
RR-01855,0.00044580489785812065,0
RR-01856,8.460833989265387e-05,0
RR-01857,7.698877079666136e-05,0
RR-01858,0.0001064300383961277,0
RR-01859,9.212184726309584e-05,0
RR-01860,0.00010587740574261696,0
RR-01861,6.308839326325489e-05,0
RR-01862,0.0006505799382021127,0
RR-01863,6.584308381918574e-05,0
RR-01864,5.645798490256505e-05,0
RR-01865,7.112608872908958e-05,0
RR-01866,7.717528576811252e-05,0
RR-01867,4.0082880820344214e-05,0
RR-01868,0.00024959739782975016,0
RR-01869,7.170551176813775e-05,0
RR-01870,3.431970746488062e-05,0
RR-01871,0.08977847188099165,0
RR-01872,0.0002127364834740549,0
RR-01873,0.0003360525182697793,0
RR-01874,4.8852338291000734e-05,0
RR-01875,0.0018190584380931758,0
RR-01876,4.731071899890152e-05,0
RR-01877,4.000739415460538e-05,0
RR-01878,5.163993881245418e-05,0
RR-01879,8.544441581919638e-05,0
RR-01880,0.00015869680381795634,0
RR-01881,0.00013463487930573444,0
RR-01882,0.971134724694341,1
RR-01883,5.395612074949845e-05,0
RR-01884,9.876156760204297e-05,0
RR-01885,7.524111287888473e-05,0
RR-01886,0.00024550724512431213,0
RR-01887,0.0006361641801241789,0
RR-01888,4.2351297363519315e-05,0
RR-01889,0.9618772307790042,1
RR-01890,4.4983968545960894e-05,0
RR-01891,3.179735552700043e-05,0
RR-01892,7.156748034592191e-05,0
RR-01893,3.0236786465065273e-05,0
RR-01894,9.160889222824201e-05,0
RR-01895,0.0001072493518063241,0
RR-01896,4.391370302522214e-05,0
RR-01897,3.6633901672096416e-05,0
RR-01898,0.00010163709263954694,0
RR-01899,6.2113083682593e-05,0
RR-01900,0.0002510361548079799,0
RR-01901,9.318007906853924e-05,0
RR-01902,7.552797998411585e-05,0
RR-01903,5.394744759300856e-05,0
RR-01904,8.085752208100216e-05,0
RR-01905,0.00018369444454311123,0
RR-01906,4.063820247186729e-05,0
RR-01907,0.00013532115446006243,0
RR-01908,0.0001228057285006916,0
RR-01909,0.00013466330902769981,0
RR-01910,0.0005534158083265241,0
RR-01911,6.912372902146418e-05,0
RR-01912,9.908384560945499e-05,0
RR-01913,0.6955733409714301,0
RR-01914,6.781696633366271e-05,0
RR-01915,0.0003914657744955428,0
RR-01916,5.420901192128409e-05,0
RR-01917,3.936393516303747e-05,0
RR-01918,0.00016176008562323829,0
RR-01919,6.201373713314359e-05,0
RR-01920,4.8043672130795527e-05,0
RR-01921,6.984571312343084e-05,0
RR-01922,4.2059419955195156e-05,0
RR-01923,8.677173374662052e-05,0
RR-01924,0.00013251683402462058,0
RR-01925,0.0001298592537371816,0
RR-01926,0.00011429762643590604,0
RR-01927,0.00015695293752250223,0
RR-01928,5.285942957285502e-05,0
RR-01929,0.0006125219040514268,0
RR-01930,5.461831351231824e-05,0
RR-01931,7.981619986030164e-05,0
RR-01932,5.069486543291628e-05,0
RR-01933,5.551055435174681e-05,0
RR-01934,2.8314588331819433e-05,0
RR-01935,0.0004569431854209429,0
RR-01936,3.730689650995673e-05,0
RR-01937,0.00015508779186256598,0
RR-01938,5.3801547608186216e-05,0
RR-01939,0.0006271721474450909,0
RR-01940,6.0996621618035614e-05,0
RR-01941,0.00016625841016292776,0
RR-01942,0.0001253104532476586,0
RR-01943,4.120948669978055e-05,0
RR-01944,7.207301115998435e-05,0
RR-01945,0.17030499802998209,0
RR-01946,0.00013871761631004015,0
RR-01947,9.214591421182262e-05,0
RR-01948,0.0006334280597971131,0
RR-01949,6.882783000867917e-05,0
RR-01950,0.00010623424689064194,0
RR-01951,2.600159096821485e-05,0
RR-01952,7.227040550462029e-05,0
RR-01953,4.4578440681337564e-05,0
RR-01954,0.00013489046234888076,0
RR-01955,0.00012880836857821475,0
RR-01956,2.8433709867148197e-05,0
RR-01957,0.0002005244129444878,0
RR-01958,8.685861952975368e-05,0
RR-01959,3.190988441731929e-05,0
RR-01960,0.0003916406985787646,0
RR-01961,9.529536051107908e-05,0
RR-01962,0.00011429758667186951,0
RR-01963,0.0001170437895544032,0
RR-01964,0.00021697934653411812,0
RR-01965,6.628870871024933e-05,0
RR-01966,0.000140763333369645,0
RR-01967,7.207689563546413e-05,0
RR-01968,0.04426512320773052,1
RR-01969,0.00012525815162996217,0
RR-01970,5.3958440438207804e-05,0
RR-01971,7.665240483251286e-05,0
RR-01972,5.50648605613571e-05,0
RR-01973,0.10743779491689692,1
RR-01974,0.7705383684783071,1
RR-01975,0.0017368189094877705,0
RR-01976,0.0003235650444408737,0
RR-01977,5.2238512268357254e-05,0
RR-01978,4.655061375693304e-05,0
RR-01979,0.0005673046314802199,0
RR-01980,0.0005290808195829164,0
RR-01981,0.0001244950084884811,0
RR-01982,5.614494371319705e-05,0
RR-01983,0.44567681683417587,0
RR-01984,2.4065472628395697e-05,0
RR-01985,0.00020240969184437922,0
RR-01986,7.134634126008828e-05,0
RR-01987,9.979906827186788e-05,0
RR-01988,0.0005862414733544655,0
RR-01989,3.786077750814155e-05,0
RR-01990,3.946757612521733e-05,0
RR-01991,0.00012098281658765989,0
RR-01992,4.77493813432229e-05,0
RR-01993,0.00031192308464939044,0
RR-01994,0.00015668522998363968,0
RR-01995,5.20083298799739e-05,0
RR-01996,0.08411474343704967,0
RR-01997,8.670267385616451e-05,0
RR-01998,0.0001028575067760262,0
RR-01999,0.00041263732620511065,0
RR-02000,0.0001607111149847376,0
RR-02001,0.0002573358365146652,0
RR-02002,6.294688641470217e-05,0
RR-02003,0.0001698428725565628,0
RR-02004,4.599813649483774e-05,0
RR-02005,7.693032569719573e-05,0
RR-02006,0.00022687993725110036,0
RR-02007,0.00041477969083335433,0
RR-02008,0.005607901887843898,0
RR-02009,9.460370214930769e-05,0
RR-02010,0.0001552157899738107,0
RR-02011,0.0002297385492751979,0
RR-02012,0.00010625659317613701,0
RR-02013,7.536255906227916e-05,0
RR-02014,4.388461090936107e-05,0
RR-02015,5.5810080570931535e-05,0
RR-02016,7.126103297734882e-05,0
RR-02017,0.0008515153706118672,0
RR-02018,0.00011846985350535972,0
RR-02019,4.551607518045123e-05,0
RR-02020,7.689327526012757e-05,0
RR-02021,4.1142689765349716e-05,0
RR-02022,3.227286499012533e-05,0
RR-02023,2.574835713306703e-05,0
RR-02024,3.6522177018166815e-05,0
RR-02025,4.346012324776411e-05,0
RR-02026,0.0002999798688962359,0
RR-02027,7.357635871318444e-05,0
RR-02028,0.952692651442408,1
RR-02029,8.386553113030984e-05,0
RR-02030,7.90921044431931e-05,0
RR-02031,3.22292274800687e-05,0
RR-02032,0.00011520360442320184,0
RR-02033,0.00029294112652670514,0
RR-02034,7.874243725959625e-05,0
RR-02035,5.6074407670982223e-05,0
RR-02036,0.0005870955758831099,0
RR-02037,6.514672933243447e-05,0
RR-02038,7.83281313480429e-05,0
RR-02039,0.00041094572212392074,0
RR-02040,5.249967990715723e-05,0
RR-02041,0.0001602141550805904,0
RR-02042,5.4799875658379156e-05,0
RR-02043,4.321363307303037e-05,0
RR-02044,0.0001928964143753261,0
RR-02045,0.00011851385452058143,0
RR-02046,8.174600275907998e-05,0
RR-02047,4.674890774861488e-05,0
RR-02048,9.679929956178504e-05,0
RR-02049,0.00011155920556841228,0
RR-02050,4.330053651443646e-05,0
RR-02051,0.000643993492224296,0
RR-02052,0.0002441472312606461,0
RR-02053,0.0004267312026362559,0
RR-02054,5.660718095088981e-05,0
RR-02055,4.969682747933815e-05,0
RR-02056,5.4877154115645054e-05,0
RR-02057,5.0508616914368695e-05,0
RR-02058,0.00018444680762548746,0
RR-02059,7.612587455485122e-05,0
RR-02060,3.089104045452608e-05,0
RR-02061,6.394237384876184e-05,0
RR-02062,3.4448750730116635e-05,0
RR-02063,4.3905178073604386e-05,0
RR-02064,3.646422448873855e-05,0
RR-02065,0.0001454697170146665,0
RR-02066,0.000200047445532567,0
RR-02067,0.00023922338185784222,0
RR-02068,7.569367856780612e-05,0
RR-02069,0.00016219410468785065,0
RR-02070,0.0035513375448499376,0
RR-02071,0.002651006494455904,0
RR-02072,0.9793992517018149,1
RR-02073,0.0001226564451677505,0
RR-02074,4.789553453422642e-05,0
RR-02075,0.00017282829045953309,0
RR-02076,5.814252101880783e-05,0
RR-02077,0.00023185217716656365,0
RR-02078,3.4805821296169985e-05,0
RR-02079,6.921505958490366e-05,0
RR-02080,0.0001224454750609364,0
RR-02081,0.0004220763522816547,0
RR-02082,0.0007071935060683847,0
RR-02083,0.0007130228690030836,0
RR-02084,0.0037313810237502316,0
RR-02085,5.2832467311346166e-05,0
RR-02086,4.065067600384143e-05,0
RR-02087,6.411747277697355e-05,0
RR-02088,0.0005225011997541013,0
RR-02089,0.00027908424064623566,0
RR-02090,0.00023936917767685816,0
RR-02091,6.793614041893342e-05,0
RR-02092,4.42829621775794e-05,0
RR-02093,4.734731144206624e-05,0
RR-02094,3.6877361678545064e-05,0
RR-02095,3.964892236074718e-05,0
RR-02096,6.234629410982126e-05,0
RR-02097,6.383479076613591e-05,0
RR-02098,8.537438413919718e-05,0
RR-02099,0.0009448962762452639,0
RR-02100,0.00019908947785463756,0
RR-02101,4.225093229716015e-05,0
RR-02102,0.022432183783361384,0
RR-02103,0.027222454651029727,0
RR-02104,8.85088643994936e-05,0
RR-02105,0.0027182594673835106,0
RR-02106,3.9979804139048824e-05,0
RR-02107,7.212640443835932e-05,0
RR-02108,0.0001772996248578093,0
RR-02109,0.000431524363990524,0
RR-02110,0.00011123570181542315,0
RR-02111,3.498894240255273e-05,0
RR-02112,5.947254128773175e-05,0
RR-02113,9.316199724753954e-05,0
RR-02114,7.665998308653935e-05,0
RR-02115,0.0024026742252962695,0
RR-02116,6.523147269522485e-05,0
RR-02117,6.409254651094606e-05,0
RR-02118,3.4405379140800786e-05,0
RR-02119,0.0002247828121298541,0
RR-02120,0.00025536607995564246,0
RR-02121,3.560099038085423e-05,0
RR-02122,8.12226520335581e-05,0
RR-02123,0.00013477347126486142,0
RR-02124,5.5974009892776766e-05,0
RR-02125,4.167560648662971e-05,0
RR-02126,2.941988646873253e-05,0
RR-02127,6.507246500567286e-05,0
RR-02128,6.676258585679421e-05,0
RR-02129,6.929201041728476e-05,0
RR-02130,5.1761064414285003e-05,0
RR-02131,0.00017223393940721927,0
RR-02132,0.00028941940006753115,0
RR-02133,0.0002030533873039316,0
RR-02134,0.004950599560841022,0
RR-02135,6.614020959593952e-05,0
RR-02136,0.00031015849994220503,0
RR-02137,0.00010255948082044317,0
RR-02138,4.3295329548242236e-05,0
RR-02139,0.0002406445484326116,0
RR-02140,0.00020960194185024755,0
RR-02141,6.591822404607888e-05,0
RR-02142,0.00018888591904591112,0
RR-02143,0.0004315945352543178,0
RR-02144,8.298149519044675e-05,0
RR-02145,0.0026336929467075726,0
RR-02146,0.00031251486935268355,0
RR-02147,5.43876506651525e-05,0
RR-02148,0.11380089088073703,0
RR-02149,6.662831615356096e-05,0
RR-02150,8.422222129270682e-05,0
RR-02151,5.9878665991125866e-05,0
RR-02152,0.04659054609103446,0
RR-02153,7.862635103779992e-05,0
RR-02154,7.204874460531233e-05,0
RR-02155,5.0135299523613154e-05,0
RR-02156,0.0016115113312119558,0
RR-02157,0.0003778016216431435,0
RR-02158,0.0001943347276146864,0
RR-02159,4.957196896936669e-05,0
RR-02160,0.0001296986543132632,0
RR-02161,5.579775289371472e-05,0
RR-02162,5.891376331246731e-05,0
RR-02163,0.00010530441032158807,0
RR-02164,0.0001392266707446458,0
RR-02165,0.00018034649797142095,0
RR-02166,0.0003347079483254412,0
RR-02167,2.9912448735293435e-05,0
RR-02168,0.00022057653099701228,0
RR-02169,2.77210458769914e-05,0
RR-02170,0.00016203919963237638,0
RR-02171,0.0004340099281271015,0
RR-02172,0.00010939210904964643,0
RR-02173,0.0003227273058521699,0
RR-02174,0.0001725693302204086,0
RR-02175,0.2923305834513783,0
RR-02176,8.795015975304888e-05,0
RR-02177,0.00016058323679004496,0
RR-02178,0.00015140168112692188,0
RR-02179,3.998912153570677e-05,0
RR-02180,7.227118575482892e-05,0
RR-02181,0.00012723829854580817,0
RR-02182,4.903722606399103e-05,0
RR-02183,0.00015589306059917785,0
RR-02184,6.075944337887792e-05,0
RR-02185,3.320639447096215e-05,0
RR-02186,7.781239929440979e-05,0
RR-02187,0.00012361315112649208,0
RR-02188,0.00014430464194044174,0
RR-02189,0.0035330190524284523,0
RR-02190,8.76642349319825e-05,0
RR-02191,4.806544792346142e-05,0
RR-02192,0.00018144891410913877,0
RR-02193,0.00010283197973713028,0
RR-02194,0.00044599033714672195,0
RR-02195,6.0203078561088454e-05,0
RR-02196,0.000180324975423477,0
RR-02197,0.00040663320282246737,0
RR-02198,0.00042660371313907504,0
RR-02199,0.0008532585946111773,0
RR-02200,4.9978614417731016e-05,0
RR-02201,4.094779372838764e-05,0
RR-02202,0.014210563611704337,0
RR-02203,3.893679327878395e-05,0
RR-02204,8.04597030355005e-05,0
RR-02205,2.8800119823373414e-05,0
RR-02206,3.606754624831096e-05,0
RR-02207,0.00016609421971695742,0
RR-02208,7.924551090615234e-05,0
RR-02209,4.3068567132127314e-05,0
RR-02210,5.684744884164077e-05,0
RR-02211,9.616111197246223e-05,0
RR-02212,5.7823570144233195e-05,0
RR-02213,0.0009854570176115668,0
RR-02214,0.0013045858937287627,0
RR-02215,0.0011278667811807535,0
RR-02216,0.013671040820547892,0
RR-02217,6.0489755163890957e-05,0
RR-02218,0.00011405782048271813,0
RR-02219,9.189860948913579e-05,0
RR-02220,0.00011751337330101053,0
RR-02221,0.000654976030119741,0
RR-02222,6.508191126385696e-05,0
RR-02223,0.022538871271069856,1
RR-02224,6.684307187259086e-05,0
RR-02225,4.4336425615698884e-05,0
RR-02226,4.17980625045246e-05,0
RR-02227,0.00013182143693168325,0
RR-02228,0.0014241811097724184,0
RR-02229,5.895811766937917e-05,0
RR-02230,0.0002451005665652351,0
RR-02231,0.00012365619742499073,0
RR-02232,4.186482271584859e-05,0
RR-02233,9.516541008120627e-05,0
RR-02234,7.392798730832984e-05,0
RR-02235,6.178309711187386e-05,0
RR-02236,8.547290996047994e-05,0
RR-02237,0.00011028207488804145,0
RR-02238,4.7193533549884796e-05,0
RR-02239,0.0006793615596083621,0
RR-02240,7.176507683316277e-05,0
RR-02241,0.00016084326972309727,0
RR-02242,5.7733017300767336e-05,0
RR-02243,8.899983449791998e-05,0
RR-02244,0.0001301978980333108,0
RR-02245,0.0001024396037468831,0
RR-02246,0.00014908015804555305,0
RR-02247,3.6119348414360125e-05,0
RR-02248,0.0007101425897519505,0
RR-02249,8.472297730919682e-05,0
RR-02250,0.00010287426724505782,0
RR-02251,0.0002519723488943657,0
RR-02252,0.00022999784608554924,0
RR-02253,0.0004309535884163541,0
RR-02254,0.0005919621680084237,0
RR-02255,0.0003727962962067673,0
RR-02256,4.318994487649397e-05,0
RR-02257,6.36008235128636e-05,0
RR-02258,0.00038547894208325003,0
RR-02259,0.00010344429098451572,0
RR-02260,0.0005240936258641451,0
RR-02261,0.11899302225723837,0
RR-02262,3.5473905062772514e-05,0
RR-02263,0.0006258243693204661,0
RR-02264,0.00010470832837536524,0
RR-02265,3.764077147534948e-05,0
RR-02266,0.0005598066571896589,0
RR-02267,0.00037216066232669215,0
RR-02268,0.00020495988880960458,0
RR-02269,3.172016906611642e-05,0
RR-02270,4.8945102595394873e-05,0
RR-02271,2.9615650086819872e-05,0
RR-02272,2.686153797335544e-05,0
RR-02273,4.540334113750677e-05,0
RR-02274,0.00019652096342849355,0
RR-02275,0.00020033195523544073,0
RR-02276,0.0005144015600091072,0
RR-02277,0.00011239413975063399,0
RR-02278,4.250978723800704e-05,0
RR-02279,0.006833175321608591,0
RR-02280,0.00011093593377135652,0
RR-02281,0.0002411513875475947,0
RR-02282,3.827381149555058e-05,0
RR-02283,0.0008446964688530701,0
RR-02284,6.293230582953634e-05,0
RR-02285,0.9907205739735186,1
RR-02286,3.3905341639748767e-05,0
RR-02287,8.186253831495549e-05,0
RR-02288,0.03260491593847514,1
RR-02289,0.0001637433960598915,0
RR-02290,0.00012892041119831878,0
RR-02291,4.52933450141862e-05,0
RR-02292,4.932540949273226e-05,0
RR-02293,6.49858123026732e-05,0
RR-02294,3.917470751221782e-05,0
RR-02295,0.0021983994496317214,0
RR-02296,0.0017462072093170815,0
RR-02297,5.608906225920148e-05,0
RR-02298,0.0004117598610451286,0
RR-02299,0.0001256163360344489,0
RR-02300,0.007382038048000202,0
RR-02301,4.757078327054297e-05,0
RR-02302,8.965719020458319e-05,0
RR-02303,0.005398422518407299,0
RR-02304,6.127819396620878e-05,0
RR-02305,4.371859506259319e-05,0
RR-02306,0.0001782279929765779,0
RR-02307,0.00010412597746960581,0
RR-02308,0.00017080092905631065,0
RR-02309,5.4821996690400875e-05,0
RR-02310,0.00032026741054280483,0
RR-02311,0.3203668093852221,0
RR-02312,4.885466926693789e-05,0
RR-02313,5.7916104980302824e-05,0
RR-02314,8.627219971509359e-05,0
RR-02315,9.96894769895702e-05,0
RR-02316,5.918054470086852e-05,0
RR-02317,0.0005411003298623201,0
RR-02318,0.00152398540423122,0
RR-02319,0.00010918753145837862,0
RR-02320,0.00015446537523661425,0
RR-02321,3.1934993651882945e-05,0
RR-02322,5.130391852896387e-05,0
RR-02323,0.001000173030372812,0
RR-02324,6.138645116298788e-05,0
RR-02325,3.688981791996849e-05,0
RR-02326,2.6622738341798186e-05,0
RR-02327,0.00022433711143741365,0
RR-02328,0.0002530967626264082,0
RR-02329,3.8169484850892955e-05,0
RR-02330,3.67203307296099e-05,0
RR-02331,6.176340116355753e-05,0
RR-02332,4.71063465456868e-05,0
RR-02333,0.0001843921072187918,0
RR-02334,4.2484150184524676e-05,0
RR-02335,0.00012250076042618466,0
RR-02336,0.00025916392770921546,0
RR-02337,4.719362360823316e-05,0
RR-02338,0.00010994368237918013,0
RR-02339,0.002710403811713241,0
RR-02340,2.9196312799281095e-05,0
RR-02341,5.167182598607977e-05,0
RR-02342,0.8854114078691444,1
RR-02343,6.697403305748707e-05,0
RR-02344,0.00019390509490773317,0
RR-02345,8.064233706601898e-05,0
RR-02346,0.00043174472462626916,0
RR-02347,5.9877948222427765e-05,0
RR-02348,0.00010275529927307833,0
RR-02349,0.0001570667130159669,0
RR-02350,3.6442074223195835e-05,0
RR-02351,0.00016918947611972395,0
RR-02352,6.280067759352877e-05,0
RR-02353,0.0001352857676405902,0
RR-02354,0.00010690624572264848,0
RR-02355,4.470985385901163e-05,0
RR-02356,5.2912504088712976e-05,0
RR-02357,0.0009499051001977431,0
RR-02358,0.00020210439943237407,0
RR-02359,5.077158355505871e-05,0
RR-02360,6.71305625821684e-05,0
RR-02361,4.5518670912868474e-05,0
RR-02362,0.00010375232775198574,0
RR-02363,0.00015538411421412335,0
RR-02364,9.268024671213968e-05,0
RR-02365,9.803276032210416e-05,0
RR-02366,9.360094698223942e-05,0
RR-02367,3.227714778992923e-05,0
RR-02368,5.805803669137582e-05,0
RR-02369,0.00016210458768370407,0
RR-02370,3.246845185196363e-05,0
RR-02371,3.5590831762931625e-05,0
RR-02372,7.314371727747875e-05,0
RR-02373,0.0001419469197253269,0
RR-02374,0.0001133932184343171,0
RR-02375,0.00014267246848411494,0
RR-02376,2.9783682841052947e-05,0
RR-02377,4.240952591633336e-05,0
RR-02378,0.0004697090705008589,0
RR-02379,7.008308807180849e-05,0
RR-02380,4.9069099856309684e-05,0
RR-02381,3.0767966415534606e-05,0
RR-02382,0.00029853950004345446,0
RR-02383,0.00021454044347654874,0
RR-02384,5.4619674377460376e-05,0
RR-02385,7.546570811789261e-05,0
RR-02386,0.0001344049241898762,0
RR-02387,3.67712903052405e-05,0
RR-02388,4.312144497789333e-05,0
RR-02389,0.00010134736717038449,0
RR-02390,4.942092491303997e-05,0
RR-02391,5.405750191518404e-05,0
RR-02392,0.0001620938065707709,0
RR-02393,0.00015960476280465024,0
RR-02394,0.00023044626302736013,0
RR-02395,5.974832039223265e-05,0
RR-02396,0.00017024423523794786,0
RR-02397,8.194912780706055e-05,0
RR-02398,5.570670899756046e-05,0
RR-02399,0.0002697281236320048,0
RR-02400,0.0003306800741723588,0
RR-02401,4.694133251088475e-05,0
RR-02402,5.152559438736614e-05,0
RR-02403,0.00015085364484541649,0
RR-02404,4.5591299857412776e-05,0
RR-02405,2.6821163786251105e-05,0
RR-02406,7.451862905579384e-05,0
RR-02407,0.0004627002751395604,0
RR-02408,3.612889653967272e-05,0
RR-02409,0.00027107996164333,0
RR-02410,0.00023776650837105878,0
RR-02411,7.121230756199991e-05,0
RR-02412,0.00015976249320542407,0
RR-02413,0.000878713686430323,0
RR-02414,5.254898566221209e-05,0
RR-02415,0.00023426390331247578,0
RR-02416,0.00011026934059035945,0
RR-02417,0.0010916907084928269,0
RR-02418,0.0004538109223602393,0
RR-02419,4.301165590773504e-05,0
RR-02420,8.619153315086355e-05,0
RR-02421,9.050647010665965e-05,0
RR-02422,0.01276574244184595,0
RR-02423,0.00023063189343355174,0
RR-02424,3.741495839646063e-05,0
RR-02425,0.0011406262776107244,0
RR-02426,7.2841748397699e-05,0
RR-02427,7.327883580611331e-05,0
RR-02428,4.1435345593460105e-05,0
RR-02429,3.725481673095211e-05,0
RR-02430,0.0013864231158666567,0
RR-02431,0.00017056482644707815,0
RR-02432,6.062568533962165e-05,0
RR-02433,0.00010437546552853146,0
RR-02434,4.2079867800732595e-05,0
RR-02435,6.34000371134082e-05,0
RR-02436,6.613901307261337e-05,0
RR-02437,8.253654554751536e-05,0
RR-02438,0.00021748955089007124,0
RR-02439,8.802713750261105e-05,0
RR-02440,9.314890535304585e-05,0
RR-02441,0.0003983507660705621,0
RR-02442,0.0001849692690498046,0
RR-02443,0.002825301148602521,0
RR-02444,0.0002835097246522769,0
RR-02445,0.00031184363396830305,0
RR-02446,3.8791921649131635e-05,0
RR-02447,4.629910150301353e-05,0
RR-02448,0.00016983947786073544,0
RR-02449,4.808430393037887e-05,0
RR-02450,7.20975293199884e-05,0
RR-02451,0.0003119233477456641,0
RR-02452,3.562657808852925e-05,0
RR-02453,4.401302997171481e-05,0
RR-02454,4.949366018058496e-05,0
RR-02455,0.0004869838273292757,0
RR-02456,9.171563017157848e-05,0
RR-02457,7.401836074777243e-05,0
RR-02458,2.741263934433872e-05,0
RR-02459,0.0002404223750684963,0
RR-02460,0.00037691885847235604,0
RR-02461,3.0877269282692345e-05,0
RR-02462,0.0002347158937071073,0
RR-02463,4.6475813065547125e-05,0
RR-02464,0.002329046872002011,0
RR-02465,0.00025208274946400457,0
RR-02466,0.0006097020035341675,0
RR-02467,0.0070880539187856886,0
RR-02468,4.0573619924121876e-05,0
RR-02469,0.0039212025619241786,0
RR-02470,0.00011118937382143321,0
RR-02471,3.313221958945013e-05,0
RR-02472,3.0463971257628973e-05,0
RR-02473,0.00017313496678577245,0
RR-02474,0.4609551590903551,1
RR-02475,3.363528369474729e-05,0
RR-02476,3.966285459591379e-05,0
RR-02477,6.320162883554839e-05,0
RR-02478,0.0001579169661475462,0
RR-02479,0.0001266541824798949,0
RR-02480,0.00030581032049507894,0
RR-02481,0.0005691501561081047,0
RR-02482,3.368725760105922e-05,0
RR-02483,0.04129056646515783,0
RR-02484,0.00012660024745111753,0
RR-02485,7.641307702378233e-05,0
RR-02486,5.5778841318989255e-05,0
RR-02487,4.669901225306924e-05,0
RR-02488,7.250544563197288e-05,0
RR-02489,0.00012957362176046637,0
RR-02490,0.00014039762366625268,0
RR-02491,6.281680973919302e-05,0
RR-02492,0.00018726221318069537,0
RR-02493,5.4467879794612e-05,0
RR-02494,0.0001354627781163229,0
RR-02495,0.0006848237099488948,0
RR-02496,0.00018922280742585712,0
RR-02497,5.431511955569272e-05,0
RR-02498,6.897962488436774e-05,0
RR-02499,0.00028210105954430144,0
RR-02500,5.194728615087685e-05,0
RR-02501,5.678571388212981e-05,0
RR-02502,6.864664908452093e-05,0
RR-02503,0.00010549330289704119,0
RR-02504,3.5242017451157644e-05,0
RR-02505,0.00033384108268230824,0
RR-02506,0.00018401840782909356,0
RR-02507,5.8379869782586833e-05,0
RR-02508,6.281780692920892e-05,0
RR-02509,5.563555037405037e-05,0
RR-02510,2.69039759692358e-05,0
RR-02511,9.463599298726315e-05,0
RR-02512,0.00020824261693201923,0
RR-02513,3.8034284435550575e-05,0
RR-02514,0.0013878861156884303,0
RR-02515,6.506258149743639e-05,0
RR-02516,0.00023458354730224894,0
RR-02517,8.936719042684653e-05,0
RR-02518,4.470973610055452e-05,0
RR-02519,3.179457539833204e-05,0
RR-02520,3.361097079176677e-05,0
RR-02521,5.81454756219655e-05,0
RR-02522,4.0336297447733105e-05,0
RR-02523,3.125397573864832e-05,0
RR-02524,6.659964183594902e-05,0
RR-02525,7.949123925545196e-05,0
RR-02526,3.064737982839988e-05,0
RR-02527,3.079271118696974e-05,0
RR-02528,0.00011339805047763213,0
RR-02529,0.9947955540093311,1
RR-02530,0.00019275327151553097,0
RR-02531,0.822241633698071,1
RR-02532,0.9825388145376495,1
RR-02533,0.0006298931277563287,0
RR-02534,0.00020623448713999733,0
RR-02535,5.655901445063076e-05,0
RR-02536,8.792998368788549e-05,0
RR-02537,0.00012662305086511973,0
RR-02538,0.00011784196661195217,0
RR-02539,0.00012423381566850134,0
RR-02540,0.00032923203519713215,0
RR-02541,9.816867566165111e-05,0
RR-02542,0.0009164922190726424,0
RR-02543,7.325855767097221e-05,0
RR-02544,0.00029404353441582243,0
RR-02545,6.339405731162059e-05,0
RR-02546,0.00026175683779397393,0
RR-02547,6.728124571789825e-05,0
RR-02548,0.07384506881584724,0
RR-02549,4.655179221899927e-05,0
RR-02550,0.0004176046322925386,0
RR-02551,0.00019245829402104927,0
RR-02552,4.3364987975461316e-05,0
RR-02553,0.00026057940926317585,0
RR-02554,0.00037375369271078543,0
RR-02555,7.022144059282267e-05,0
RR-02556,7.877709434603714e-05,0
RR-02557,5.397047536343444e-05,0
RR-02558,0.00012172821266520204,0
RR-02559,5.471906515745174e-05,0
RR-02560,0.003323967955760976,0
RR-02561,0.00016909289517396843,0
RR-02562,4.775480956125822e-05,0
RR-02563,7.912198334714261e-05,0
RR-02564,5.3004654805832186e-05,0
RR-02565,7.266476880564734e-05,0
RR-02566,3.958173763748152e-05,0
RR-02567,0.00022133391594071012,0
RR-02568,6.226147194093949e-05,0
RR-02569,4.2389490983468295e-05,0
RR-02570,0.00016592819762510945,0
RR-02571,0.96561985694839,1
RR-02572,0.00017399227392064537,0
RR-02573,3.575041451246899e-05,0
RR-02574,3.934927347043622e-05,0
RR-02575,0.00019175146792938685,0
RR-02576,0.00011080325577693516,0
RR-02577,0.0015064439425968345,0
RR-02578,5.4684605280276204e-05,0
RR-02579,9.01956120542603e-05,0
RR-02580,0.007926090469491017,0
RR-02581,3.263452482131872e-05,0
RR-02582,0.0003435070439711845,0
RR-02583,0.0004318313399437418,0
RR-02584,0.00015529930332435087,0
RR-02585,8.905139874204933e-05,0
RR-02586,4.9280457219199976e-05,0
RR-02587,0.0022502687864348007,0
RR-02588,0.8466974191452462,1
RR-02589,5.486125744288472e-05,0
RR-02590,7.950870351692451e-05,0
RR-02591,2.8244911210340224e-05,0
RR-02592,0.0057250777871121015,0
RR-02593,9.918966717735124e-05,0
RR-02594,0.0003111454281572811,0
RR-02595,5.46208891125428e-05,0
RR-02596,0.000166403387425093,0
RR-02597,4.662315020209815e-05,0
RR-02598,0.00025705879338954645,0
RR-02599,5.357539455044289e-05,0
RR-02600,4.9715215693177214e-05,0
RR-02601,4.3168959775202616e-05,0
RR-02602,0.00024153505094443554,0
RR-02603,3.6453186122846774e-05,0
RR-02604,0.00016879268884650883,0
RR-02605,0.0024209507772976475,0
RR-02606,0.00023414674747883514,0
RR-02607,0.00016901690846256274,0
RR-02608,0.0013182389926794974,0
RR-02609,0.0011253264406055935,0
RR-02610,0.0008402327198751409,0
RR-02611,5.445451138386e-05,0
RR-02612,4.705758376986738e-05,0
RR-02613,4.252251548079835e-05,0
RR-02614,4.46627632873924e-05,0
RR-02615,5.0982431749490984e-05,0
RR-02616,0.0056418774478492854,0
RR-02617,0.0005682743119208542,0
RR-02618,9.038252414030369e-05,0
RR-02619,8.126280178549403e-05,0
RR-02620,0.00022001480757936442,0
RR-02621,4.931733485352488e-05,0
RR-02622,0.00029166667322003554,0
RR-02623,0.0003032914136583687,0
RR-02624,9.171085546134927e-05,0
RR-02625,3.275113453338307e-05,0
RR-02626,3.7593882323294604e-05,0
RR-02627,5.606105535686307e-05,0
RR-02628,5.239065908207417e-05,0
RR-02629,8.303792729455356e-05,0
RR-02630,6.314079332311129e-05,0
RR-02631,8.79168413757496e-05,0
RR-02632,5.059960884416473e-05,0
RR-02633,0.00011931565848010466,0
RR-02634,0.00017607825626915849,0
RR-02635,0.00017298414429230455,0
RR-02636,0.00013938955960387367,0
RR-02637,5.397396519334535e-05,0
RR-02638,0.0001692314552150541,0
RR-02639,0.00019093022433989143,0
RR-02640,0.0006020482446607163,0
RR-02641,0.00015122379280208906,0
RR-02642,5.262338952691229e-05,0
RR-02643,0.0001401299696766982,0
RR-02644,4.0838201116629885e-05,0
RR-02645,3.775773661924512e-05,0
RR-02646,6.038528032156985e-05,0
RR-02647,0.0007730892774206389,0
RR-02648,0.0001317340054490102,0
RR-02649,4.277206160563584e-05,0
RR-02650,4.9544686311197156e-05,0
RR-02651,4.545326292465969e-05,0
RR-02652,0.00029385367354045177,0
RR-02653,0.00010598970430811158,0
RR-02654,4.8705775332658186e-05,0
RR-02655,2.7067326991886083e-05,0
RR-02656,0.0006915025394972974,0
RR-02657,0.00011709978916273264,0
RR-02658,0.006721856730014502,0
RR-02659,0.000611338318524693,0
RR-02660,0.00014717981599496113,0
RR-02661,7.722732994439639e-05,0
RR-02662,9.906249160387388e-05,0
RR-02663,0.0008012300495276854,0
RR-02664,0.0002916137562739436,0
RR-02665,0.00010484604727189982,0
RR-02666,4.790081103034036e-05,0
RR-02667,0.00020215498286159185,0
RR-02668,9.137114703759314e-05,0
RR-02669,0.0031144818737239522,0
RR-02670,9.840378465669066e-05,0
RR-02671,8.985286690366679e-05,0
RR-02672,4.9135249987920416e-05,0
RR-02673,0.00011179707600228828,0
RR-02674,0.00028819747420233844,0
RR-02675,0.0002474505452186694,0
RR-02676,3.5160576054529946e-05,0
RR-02677,4.218790854049482e-05,0
RR-02678,0.00013248309766893034,0
RR-02679,6.920057779942268e-05,0
RR-02680,0.00018976897434467793,0
RR-02681,2.985845419036726e-05,0
RR-02682,0.0034024856740058145,0
RR-02683,4.7859686053159896e-05,0
RR-02684,6.682408558206178e-05,0
RR-02685,4.266793321027287e-05,0
RR-02686,5.0231793979884925e-05,0
RR-02687,0.00024126299555981263,0
RR-02688,0.00031211854253445536,0
RR-02689,0.005168800115902718,0
RR-02690,5.320645634696027e-05,0
RR-02691,3.337187055402761e-05,0
RR-02692,0.00011140304459983641,0
RR-02693,0.00011092614178632248,0
RR-02694,6.106792413684203e-05,0
RR-02695,0.0005038919148506747,0
RR-02696,0.0003375037619775393,0
RR-02697,5.1673593479181345e-05,0
RR-02698,0.00014695049594348663,0
RR-02699,8.646827158965441e-05,0
RR-02700,0.00010629612294207915,0
RR-02701,8.274585917257725e-05,0
RR-02702,0.00026969608350159614,0
RR-02703,3.172983568444086e-05,0
RR-02704,0.010543310770493758,0
RR-02705,3.6360549776572165e-05,0
RR-02706,0.0001782722366396392,0
RR-02707,0.0004757488814235431,0
RR-02708,0.00011129766022129963,0
RR-02709,0.00034162223001278316,0
RR-02710,6.469258727454849e-05,0
RR-02711,4.1840732071787616e-05,0
RR-02712,0.00025599434004669,0
RR-02713,4.561019926193539e-05,0
RR-02714,5.067846420078741e-05,0
RR-02715,0.0003060708747501243,0
RR-02716,0.0005502269554332231,0
RR-02717,0.002093335543598917,0
RR-02718,0.0003085577205957747,0
RR-02719,3.452597288748952e-05,0
RR-02720,5.227691243739321e-05,0
RR-02721,0.0068071897479453315,0
RR-02722,0.9695847569976733,1
RR-02723,0.0003672899225334082,0
RR-02724,0.0009337093921837336,0
RR-02725,0.00031553734092046234,0
RR-02726,4.587841483472367e-05,0
RR-02727,0.00017153967804278531,0
RR-02728,4.148912915730235e-05,0
RR-02729,6.611575442878069e-05,0
RR-02730,0.0005515024602106901,0
RR-02731,4.268206840561853e-05,0
RR-02732,3.68540716120895e-05,0
RR-02733,0.00010363290166120932,0
RR-02734,0.00015330746959304345,0
RR-02735,6.508770371221823e-05,0
RR-02736,0.0018457410337404123,0
RR-02737,0.00020159249012715414,0
RR-02738,0.0001554077315041499,0
RR-02739,3.7184389799400747e-05,0
RR-02740,8.434103003232728e-05,0
RR-02741,2.8750881139370436e-05,0
RR-02742,0.00010496291466501032,0
RR-02743,0.0004643001503123874,0
RR-02744,0.00011414053563868881,0
RR-02745,0.00029794331134737144,0
RR-02746,0.0003702140045950233,0
RR-02747,0.00011166554885100759,0
RR-02748,0.0011880360517141626,0
RR-02749,9.620880559682014e-05,0
RR-02750,0.0001576545778517165,0
RR-02751,4.8782110606941725e-05,0
RR-02752,6.341057271943079e-05,0
RR-02753,7.696369554332083e-05,0
RR-02754,6.812511683587668e-05,0
RR-02755,0.0002458060169024833,0
RR-02756,0.010772814075195924,0
RR-02757,0.00012185220528370727,0
RR-02758,4.736679010307878e-05,0
RR-02759,4.4935098470249433e-05,0
RR-02760,0.00010819030000842267,0
RR-02761,8.01393549349353e-05,0
RR-02762,0.0010149665628412022,0
RR-02763,3.914064573581682e-05,0
RR-02764,5.57404228296091e-05,0
RR-02765,3.903272963672559e-05,0
RR-02766,4.352703138993815e-05,0
RR-02767,0.0001314285213036005,0
RR-02768,8.533747601659937e-05,0
RR-02769,6.565460815910358e-05,0
RR-02770,0.000277066202445106,0
RR-02771,6.599171543002242e-05,0
RR-02772,5.421330936594884e-05,0
RR-02773,0.0008140772690086008,0
RR-02774,0.06018831079242433,0
RR-02775,0.9439692513059791,1
RR-02776,3.694649744510607e-05,0
RR-02777,0.00015213188338220163,0
RR-02778,5.492457196394275e-05,0
RR-02779,0.9904277157509892,1
RR-02780,0.0001143188778245561,0
RR-02781,0.00011392619513163392,0
RR-02782,3.4071060734935784e-05,0
RR-02783,5.4747485763412455e-05,0
RR-02784,4.682520686244451e-05,0
RR-02785,4.272558918673722e-05,0
RR-02786,8.072344404551522e-05,0
RR-02787,8.183998306804464e-05,0
RR-02788,0.12094918595514198,0
RR-02789,3.039495273030624e-05,0
RR-02790,0.00034691824327956917,0
RR-02791,0.00010482048667465534,0
RR-02792,0.00011478278394097016,0
RR-02793,4.4030889037098724e-05,0
RR-02794,5.5176010098068535e-05,0
RR-02795,0.00026368256033869884,0
RR-02796,0.0033812428570531073,0
RR-02797,0.0003401366885920701,0
RR-02798,0.00013774223759969792,0
RR-02799,7.298710857827109e-05,0
RR-02800,0.05397620166398613,0
RR-02801,0.994527182408729,1
RR-02802,5.1710822167700706e-05,0
RR-02803,4.752965869400701e-05,0
RR-02804,7.695580269201553e-05,0
RR-02805,4.510580079856931e-05,0
RR-02806,2.428530010904283e-05,0
RR-02807,3.687849185691963e-05,0
RR-02808,9.447015840694313e-05,0
RR-02809,0.00018273705774831525,0
RR-02810,0.0005850430782185762,0
RR-02811,6.472625399084687e-05,0
RR-02812,5.0639254605138365e-05,0
RR-02813,4.005482502337218e-05,0
RR-02814,0.0001597277284300904,0
RR-02815,4.036467590567621e-05,0
RR-02816,6.169214551824939e-05,0
RR-02817,0.0011413940382775825,0
RR-02818,0.00014670961154453072,0
RR-02819,0.0001839202629002483,0
RR-02820,0.00012119352937755036,0
RR-02821,0.00011106684409328868,0
RR-02822,9.38092654193189e-05,0
RR-02823,8.416850909398917e-05,0
RR-02824,5.323324691902415e-05,0
RR-02825,6.239520251461245e-05,0
RR-02826,0.00012141617420345936,0
RR-02827,4.051517175611368e-05,0
RR-02828,0.001030018838840625,0
RR-02829,3.695081781923229e-05,0
RR-02830,0.00017827767690575802,0
RR-02831,5.91663949705125e-05,0
RR-02832,4.533132650796082e-05,0
RR-02833,0.00011385679029431244,0
RR-02834,9.817639532103486e-05,0
RR-02835,0.0006885261799066105,0
RR-02836,0.00017014748218356805,0
RR-02837,0.00019676207421043176,0
RR-02838,0.00012772787480398097,0
RR-02839,0.0006320666956041871,0
RR-02840,3.6816543838965467e-05,0
RR-02841,0.0001224196842458781,0
RR-02842,0.00013482701895476478,0
RR-02843,0.0002258386465540809,0
RR-02844,0.5634281576569683,1
RR-02845,0.0001366081070574673,0
RR-02846,3.9533651399083e-05,0
RR-02847,5.661590088131549e-05,0
RR-02848,4.942109256218119e-05,0
RR-02849,7.497755939965816e-05,0
RR-02850,9.315046413249526e-05,0
RR-02851,0.0003343735695772185,0
RR-02852,0.0001499898463597598,0
RR-02853,0.00010856433791926421,0
RR-02854,4.703319318121975e-05,0
RR-02855,0.00013826502113729926,0
RR-02856,3.786085062930664e-05,0
RR-02857,0.00014644411284292865,0
RR-02858,0.00039574535308498294,0
RR-02859,5.668222168569016e-05,0
RR-02860,0.00011614794069600044,0
RR-02861,8.861006028323865e-05,0
RR-02862,0.00014755489108319263,0
RR-02863,0.003637619308120559,0
RR-02864,0.0002737422475292419,0
RR-02865,5.827081441779559e-05,0
RR-02866,6.546931903418689e-05,0
RR-02867,5.463267070930248e-05,0
RR-02868,3.302521756742571e-05,0
RR-02869,3.3716612108601985e-05,0
RR-02870,3.182518358440694e-05,0
RR-02871,0.00011991469107562186,0
RR-02872,0.00047854924091550986,0
RR-02873,0.023155057405860248,0
RR-02874,6.928539770560983e-05,0
RR-02875,6.006730855559618e-05,0
RR-02876,0.0001585802758076535,0
RR-02877,4.361079495935204e-05,0
RR-02878,6.626787408588716e-05,0
RR-02879,0.0003419539453872426,0
RR-02880,0.00014247057763262802,0
RR-02881,0.00026235627845672306,0
RR-02882,5.342422294911872e-05,0
RR-02883,8.222732951755003e-05,0
RR-02884,0.0005235512886751042,0
RR-02885,0.00017569375890399454,0
RR-02886,8.974216773977224e-05,0
RR-02887,4.492992606750635e-05,0
RR-02888,8.7067866519852e-05,0
RR-02889,0.0001575100574420458,0
RR-02890,3.9431462150598405e-05,0
RR-02891,0.0005571690663583265,0
RR-02892,0.0006165789992151118,0
RR-02893,4.8611868291364e-05,0
RR-02894,3.6463015373515605e-05,0
RR-02895,0.0004374480293010737,0
RR-02896,4.2078002638767005e-05,0
RR-02897,0.0006523659251667593,0
RR-02898,0.0002482989758271837,0
RR-02899,6.045448526820511e-05,0
RR-02900,0.001712512153259271,0
RR-02901,0.00041171828509307875,0
RR-02902,3.1993993570135295e-05,0
RR-02903,5.2331358723676006e-05,0
RR-02904,7.66809306933104e-05,0
RR-02905,4.817096014433306e-05,0
RR-02906,3.496695851551527e-05,0
RR-02907,3.798106432158159e-05,0
RR-02908,0.0004959471085645437,0
RR-02909,5.169684756956829e-05,0
RR-02910,0.00010208259875007762,0
RR-02911,0.0005372435995015474,0
RR-02912,6.01622854320089e-05,0
RR-02913,8.265853928833441e-05,0
RR-02914,6.729556972999e-05,0
RR-02915,0.04982088705615139,0
RR-02916,6.141437162355884e-05,0
RR-02917,4.729063910322739e-05,0
RR-02918,5.3378176534991476e-05,0
RR-02919,0.00019457496925280409,0
RR-02920,3.9812256230572375e-05,0
RR-02921,0.00026035916492977057,0
RR-02922,7.594629829337208e-05,0
RR-02923,0.0001381041291706266,0
RR-02924,0.00011526620773442317,0
RR-02925,8.399596612350066e-05,0
RR-02926,0.00018069525762420043,0
RR-02927,0.0002440687404939613,0
RR-02928,0.00013415815401843662,0
RR-02929,3.8174472095822054e-05,0
RR-02930,9.317556871299857e-05,0
RR-02931,0.29874358987201177,0
RR-02932,0.00014377525639161983,0
RR-02933,0.003323967955760976,0
RR-02934,4.527271554872696e-05,0
RR-02935,5.321643129109885e-05,0
RR-02936,0.0001393439448490808,0
RR-02937,0.9808718164590413,1
RR-02938,0.0007174020729584732,0
RR-02939,0.00012158393067302505,0
RR-02940,7.356046634032141e-05,0
RR-02941,7.993186131197785e-05,0
RR-02942,0.0027434915412321076,0
RR-02943,0.024142174086721143,1
RR-02944,0.0002706234712841823,0
RR-02945,4.560451533575452e-05,0
RR-02946,5.2873047453063255e-05,0
RR-02947,0.059014065956138485,1
RR-02948,0.00011149821944336976,0
RR-02949,3.9069962834202587e-05,0
RR-02950,7.065280180107372e-05,0
RR-02951,4.5220251396615125e-05,0
RR-02952,0.0002276402668449037,0
RR-02953,9.232186104609515e-05,0
RR-02954,5.8061262961353456e-05,0
RR-02955,7.859554383654129e-05,0
RR-02956,4.9742011577402915e-05,0
RR-02957,2.9692189738535745e-05,0
RR-02958,4.688989588196832e-05,0
RR-02959,6.897208141037549e-05,0
RR-02960,0.00042012683068599655,0
RR-02961,2.6589973620632896e-05,0
RR-02962,0.0001469079914639533,0
RR-02963,5.2247326576509375e-05,0
RR-02964,0.00010512230024348987,0
RR-02965,4.696530461991202e-05,0
RR-02966,3.655822365827535e-05,0
RR-02967,0.00010601351226589068,0
RR-02968,9.327023347076012e-05,0
RR-02969,0.00011344845857425564,0
RR-02970,0.00023474229094078492,0
RR-02971,0.00013840700238935537,0
RR-02972,0.00020714916655896598,0
RR-02973,6.807573034303662e-05,0
RR-02974,3.312534413400615e-05,0
RR-02975,3.988907386587481e-05,0
RR-02976,9.318154747433009e-05,0
RR-02977,0.0002525052001550827,0
RR-02978,6.684549827608031e-05,0
RR-02979,9.450710291551614e-05,0
RR-02980,0.0001605145163451442,0
RR-02981,3.418507269131359e-05,0
RR-02982,0.0001241883220023578,0
RR-02983,4.640780653142175e-05,0
RR-02984,0.005497327877376555,0
RR-02985,0.0009636985888877842,0
RR-02986,0.00013014330136712789,0
RR-02987,3.6782972501030675e-05,0
RR-02988,4.584695246864981e-05,0
RR-02989,7.608983309655837e-05,0
RR-02990,5.466336930089343e-05,0
RR-02991,6.2382179410414e-05,0
RR-02992,3.1424896437887824e-05,0
RR-02993,3.450566158933765e-05,0
RR-02994,5.029436405890423e-05,0
RR-02995,2.774555956816168e-05,0
RR-02996,4.8442253988933273e-05,0
RR-02997,3.892133461866299e-05,0
RR-02998,5.459249355116051e-05,0
RR-02999,6.490514517393683e-05,0
RR-03000,4.326367508177441e-05,0
RR-03001,3.123299145732302e-05,0
RR-03002,3.9815686077414685e-05,0
RR-03003,5.31937350920416e-05,0
RR-03004,0.00018010699251952455,0
RR-03005,7.455042944187526e-05,0
RR-03006,4.037939534560528e-05,0
RR-03007,7.072449022144346e-05,0
RR-03008,4.7394612424998606e-05,0
RR-03009,3.3028959309726094e-05,0
RR-03010,0.00020262891282379347,0
RR-03011,0.9140263482087055,1
RR-03012,9.389789897687086e-05,0
RR-03013,0.0002358570022521269,0
RR-03014,3.737617758940199e-05,0
RR-03015,0.004462557996553166,0
RR-03016,3.740669797052711e-05,0
RR-03017,5.841304102325713e-05,0
RR-03018,0.0011872750664702178,0
RR-03019,0.00019927874149010418,0
RR-03020,0.0005236486106502718,0
RR-03021,0.0001110554211900826,0
RR-03022,0.00011353965791697779,0
RR-03023,7.97705855213965e-05,0
RR-03024,3.172819924587217e-05,0
RR-03025,3.7427197979678535e-05,0
RR-03026,6.471841937618599e-05,0
RR-03027,5.759150505081916e-05,0
RR-03028,3.845547205169777e-05,0
RR-03029,6.378210335400814e-05,0
RR-03030,0.00010682626435705621,0
RR-03031,3.975993768456753e-05,0
RR-03032,0.0008521724957983997,0
RR-03033,3.1515500585551315e-05,0
RR-03034,7.285163383970122e-05,0
RR-03035,0.000334416099276626,0
RR-03036,6.195459828113764e-05,0
RR-03037,0.00013257611956482882,0
RR-03038,7.201441197215078e-05,0
RR-03039,0.00010857396084223475,0
RR-03040,3.885122287745844e-05,0
RR-03041,0.18474453453204298,1
RR-03042,4.352707235845358e-05,0
RR-03043,5.331209038433115e-05,0
RR-03044,3.113495733436315e-05,0
RR-03045,0.001077968591802799,0
RR-03046,5.914473141098025e-05,0
RR-03047,0.06663728924227355,0
RR-03048,0.00010144662782796996,0
RR-03049,0.00011306220210747108,0
RR-03050,0.022060672044666513,0
RR-03051,5.927187783910398e-05,0
RR-03052,3.640339022781548e-05,0
RR-03053,2.9488206256288453e-05,0
RR-03054,4.0831063308372626e-05,0
RR-03055,7.100748811015175e-05,0
RR-03056,0.0006243595467000087,0
RR-03057,3.675706306887317e-05,0
RR-03058,0.00011983763775992679,0
RR-03059,0.00029433277518053046,0
RR-03060,0.00037099993769502466,0
RR-03061,7.081999424236429e-05,0
RR-03062,0.0012189777250506584,0
RR-03063,7.53796180704835e-05,0
RR-03064,3.388435471826832e-05,0
RR-03065,0.00046839241304618453,0
RR-03066,5.8267054010198186e-05,0
RR-03067,0.004443527483748523,0
RR-03068,0.00030907429446456975,0
RR-03069,0.00019356379486842033,0
RR-03070,0.0018674097363686902,0
RR-03071,5.468179639633558e-05,0
RR-03072,0.0005247297100063853,0
RR-03073,0.0002156719924784666,0
RR-03074,0.00010624863759273173,0
RR-03075,0.0010963085998838829,0
RR-03076,4.205050861380653e-05,0
RR-03077,0.040550179754466065,0
RR-03078,6.529755640106427e-05,0
RR-03079,0.0003983021555453442,0
RR-03080,4.813523671055977e-05,0
RR-03081,3.552093571991789e-05,0
RR-03082,0.0017332856613619817,0
RR-03083,0.0002907342549351904,0
RR-03084,0.00013133912529480324,0
RR-03085,3.005409671718245e-05,0
RR-03086,0.0002554287020113915,0
RR-03087,0.00011478522875374878,0
RR-03088,3.458010105017958e-05,0
RR-03089,6.270850232902188e-05,0
RR-03090,0.0002188372148360408,0
RR-03091,5.8365906982525225e-05,0
RR-03092,3.723759598115297e-05,0
RR-03093,0.0017731468984940974,0
RR-03094,8.086401835822666e-05,0
RR-03095,5.518482285272974e-05,0
RR-03096,0.00012026271078112623,0
RR-03097,0.00014881140261575096,0
RR-03098,0.0002447965894281422,0
RR-03099,7.463388437362776e-05,0
RR-03100,0.012688285949762509,0
RR-03101,0.00016990007960176375,0
RR-03102,0.00010044869364716458,0
RR-03103,2.8365592936284243e-05,0
RR-03104,0.00030301723907649313,0
RR-03105,0.00029267419536289506,0
RR-03106,0.0005183150497508071,0
RR-03107,3.2977162961543815e-05,0
RR-03108,3.7428098199993196e-05,0
RR-03109,0.0036391506660569464,0
RR-03110,8.0650475956641e-05,0
RR-03111,6.17832126236688e-05,0
RR-03112,6.466867112213952e-05,0
RR-03113,0.0001686299275260184,0
RR-03114,6.211798040554757e-05,0
RR-03115,6.432363351001054e-05,0
RR-03116,0.0002244395901335295,0
RR-03117,0.00012551675701837675,0
RR-03118,0.0007912551775643657,0
RR-03119,0.00042818710854674886,0
RR-03120,6.774692916685526e-05,0
RR-03121,0.0004289218984118206,0
RR-03122,5.033833826244081e-05,0
RR-03123,0.00010144707220356144,0
RR-03124,3.2058819751966195e-05,0
RR-03125,5.673508634483531e-05,0
RR-03126,6.042624361756902e-05,0
RR-03127,0.000290231509226415,0
RR-03128,7.276057917562196e-05,0
RR-03129,6.360814305435621e-05,0
RR-03130,5.347290222227556e-05,0
RR-03131,0.00010568114255604618,0
RR-03132,0.00010813637768747661,0
RR-03133,7.668385149568535e-05,0
RR-03134,4.0889796444623225e-05,0
RR-03135,0.012344076053560535,0
RR-03136,0.0022655462405207732,0
RR-03137,3.360813460498848e-05,0
RR-03138,5.65497558907291e-05,0
RR-03139,7.468051280839492e-05,0
RR-03140,6.23728693562481e-05,0
RR-03141,0.00019223672405132636,0
RR-03142,5.003337899268174e-05,0
RR-03143,3.866944924139043e-05,0
RR-03144,0.0001661494167366864,0
RR-03145,3.881475627809656e-05,0
RR-03146,0.0003882771594770917,0
RR-03147,4.912940130682457e-05,0
RR-03148,9.21379548423293e-05,0
RR-03149,9.21755237708092e-05,0
RR-03150,6.3190551329476e-05,0
RR-03151,0.0003310492204209334,0
RR-03152,3.6601117840898434e-05,0
RR-03153,0.00014592796744056105,0
RR-03154,6.674028230333811e-05,0
RR-03155,6.216926558026098e-05,0
RR-03156,4.017118704758133e-05,0
RR-03157,4.040831290907487e-05,0
RR-03158,0.008282728543038685,0
RR-03159,0.00019038196855958387,0
RR-03160,8.440416122898368e-05,0
RR-03161,0.010184296314528976,0
RR-03162,5.361766194286736e-05,0
RR-03163,0.0001469079914639533,0
RR-03164,4.7215437790269356e-05,0
RR-03165,0.0008749482817410401,0
RR-03166,5.6675258124253114e-05,0
RR-03167,6.134022838624845e-05,0
RR-03168,4.1789350783182736e-05,0
RR-03169,7.360864415177745e-05,0
RR-03170,0.0002762995825494885,0
RR-03171,8.849104393457823e-05,0
RR-03172,7.675596306683828e-05,0
RR-03173,0.0012623476442478925,0
RR-03174,6.386294026022689e-05,0
RR-03175,0.00023907151592996012,0
RR-03176,6.468853571435452e-05,0
RR-03177,7.811606468922725e-05,0
RR-03178,5.067846420078741e-05,0
RR-03179,5.708880615893802e-05,0
RR-03180,5.590958305455403e-05,0
RR-03181,0.0002268680698724187,0
RR-03182,0.00015599597473594964,0
RR-03183,8.454494541513678e-05,0
RR-03184,3.6356123952727174e-05,0
RR-03185,7.081656041231454e-05,0
RR-03186,5.1236512103467185e-05,0
RR-03187,8.433439983094653e-05,0
RR-03188,5.964480043630998e-05,0
RR-03189,0.000259231530193395,0
RR-03190,3.324372643645807e-05,0
RR-03191,0.0001248835694133675,0
RR-03192,3.7946265841263105e-05,0
RR-03193,3.0405513688267027e-05,0
RR-03194,0.2846835078316597,1
RR-03195,4.1887678095215484e-05,0
RR-03196,0.00010511182480185543,0
RR-03197,6.71688382450562e-05,0
RR-03198,9.594438709471669e-05,0
RR-03199,4.519260584214342e-05,0
RR-03200,0.00010475520375690287,0
RR-03201,0.00010448044168103459,0
RR-03202,6.62180852435422e-05,0
RR-03203,0.00020615625561550417,0
RR-03204,4.716241030297353e-05,0
RR-03205,0.000417840522816402,0
RR-03206,7.453280835784076e-05,0
RR-03207,6.759076981397714e-05,0
RR-03208,0.00011221630296794613,0
RR-03209,0.00011899804416907,0
RR-03210,0.0001350203555922314,0
RR-03211,5.0457005507803864e-05,0
RR-03212,0.00017335122187502622,0
RR-03213,0.00011552491352535363,0
RR-03214,3.78241756579315e-05,0
RR-03215,2.8084018142233044e-05,0
RR-03216,0.0001462430397970913,0
RR-03217,0.0029620822537059577,0
RR-03218,0.6044239341867669,1
RR-03219,0.0007853502044318613,0
RR-03220,6.257189037127396e-05,0
RR-03221,6.275222623134996e-05,0
RR-03222,4.85436629304385e-05,0
RR-03223,5.628227933192e-05,0
RR-03224,0.00017803773935221658,0
RR-03225,0.0009335801027867028,0
RR-03226,0.8449955935112571,1
RR-03227,8.99286336849673e-05,0
RR-03228,0.8496362602283482,1
RR-03229,0.00017819849335490732,0
RR-03230,4.818434249810351e-05,0
RR-03231,2.929197669867118e-05,0
RR-03232,0.0001297433449825426,0
RR-03233,0.00013570405086708965,0
RR-03234,0.00010161898810474164,0
RR-03235,0.00010227754808462202,0
RR-03236,6.886558634342862e-05,0
RR-03237,0.00022580016813978824,0
RR-03238,0.00024436880729534474,0
RR-03239,9.323181808674584e-05,0
RR-03240,6.495088961962132e-05,0
RR-03241,3.7649518095389125e-05,0
RR-03242,0.00012482100667269528,0
RR-03243,5.0231793979884925e-05,0
RR-03244,0.0004361038439377095,0
RR-03245,3.775367455006953e-05,0
RR-03246,7.188709195675395e-05,0
RR-03247,4.3054489285635775e-05,0
RR-03248,5.207330038301361e-05,0
RR-03249,0.9613152014257351,1
RR-03250,0.0001926681763792885,0
RR-03251,0.00039041926453744135,0
RR-03252,5.948887410431091e-05,0
RR-03253,4.108556746956747e-05,0
RR-03254,0.0005233500633181324,0
RR-03255,4.439850029966222e-05,0
RR-03256,4.654191092105117e-05,0
RR-03257,3.7106369148591476e-05,0
RR-03258,0.0005447939208857839,0
RR-03259,9.894503363159154e-05,0
RR-03260,0.0006170405490646787,0
RR-03261,4.484429303939898e-05,0
RR-03262,5.8874690250303596e-05,0
RR-03263,0.020319539715985692,0
RR-03264,0.008487662439596491,0
RR-03265,0.07102012365375926,0
RR-03266,4.2373730917651635e-05,0
RR-03267,0.00010899400809373947,0
RR-03268,0.005849238939737067,0
RR-03269,0.0008153930268599317,0
RR-03270,7.272651839006691e-05,0
RR-03271,6.157421051251445e-05,0
RR-03272,4.96688444200509e-05,0
RR-03273,0.00012632993560222024,0
RR-03274,0.000211945247238069,0
RR-03275,7.162865420277486e-05,0
RR-03276,0.0007446436451117351,0
RR-03277,0.0047387989846220955,0
RR-03278,5.558206252220162e-05,0
RR-03279,9.818236785182982e-05,0
RR-03280,0.00011534723416239183,0
RR-03281,0.0001653048480870729,0
RR-03282,0.0001241528054704754,0
RR-03283,0.00012241212373743931,0
RR-03284,5.767212078356372e-05,0
RR-03285,3.3482121207672136e-05,0
RR-03286,4.1967400211945364e-05,0
RR-03287,5.0020614831945236e-05,0
RR-03288,0.0026504232078625547,0
RR-03289,6.607604963408026e-05,0
RR-03290,0.00011051113562644273,0
RR-03291,0.00024259086598867855,0
RR-03292,8.783511567188455e-05,0
RR-03293,0.00012180629302883727,0
RR-03294,0.9279821195350931,1
RR-03295,0.9962730428899746,1
RR-03296,3.546682605944524e-05,0
RR-03297,0.0006881488316692058,0
RR-03298,0.0001342961670047221,0
RR-03299,5.2743257324106094e-05,0
RR-03300,0.0004213651002587216,0
RR-03301,5.1341471465304204e-05,0
RR-03302,7.981857830605936e-05,0
RR-03303,3.6949080361437965e-05,0
RR-03304,0.00014202781094333408,0
RR-03305,0.0015890698753472116,0
RR-03306,3.1248404328628504e-05,0
RR-03307,0.00019212138694994524,0
RR-03308,0.0006608531206000435,0
RR-03309,0.04739977404273169,0
RR-03310,0.963945515422863,1
RR-03311,9.401955154418945e-05,0
RR-03312,3.041718340119692e-05,0
RR-03313,0.00011147752679278828,0
RR-03314,4.773941256643474e-05,0
RR-03315,0.03797826923508199,0
RR-03316,0.009287743994430123,0
RR-03317,5.344320823776734e-05,0
RR-03318,0.00011778101821809678,0
RR-03319,0.0001053085892056208,0
RR-03320,0.00023025881438407456,0
RR-03321,3.320804200586281e-05,0
RR-03322,5.6669239458956376e-05,0
RR-03323,9.353483450575004e-05,0
RR-03324,0.0012225183062998504,0
RR-03325,5.189119074298082e-05,0
RR-03326,6.038652970181254e-05,0
RR-03327,0.00019327980535221377,0
RR-03328,9.006691544299365e-05,0
RR-03329,0.0011007017458403731,0
RR-03330,0.0001317915228765899,0
RR-03331,0.00010593021319251435,0
RR-03332,0.0006318712777162683,0
RR-03333,3.2098844310543494e-05,0
RR-03334,0.00017231018033514459,0
RR-03335,0.00028509016177691196,0
RR-03336,0.00013419589778199348,0
RR-03337,0.9939071328677803,1
RR-03338,0.00018078973454029485,0
RR-03339,0.00011360996727135056,0
RR-03340,0.0002604307142709597,0
RR-03341,0.00027455060670716826,0
RR-03342,0.02182023515998316,0
RR-03343,8.262467676923646e-05,0
RR-03344,9.340216854958209e-05,0
RR-03345,6.523210951264644e-05,0
RR-03346,0.0001545004056147839,0
RR-03347,0.0002556555823876373,0
RR-03348,0.0015022060555769919,0
RR-03349,0.0001147367177013153,0
RR-03350,4.259458453382062e-05,0
RR-03351,7.334286651726677e-05,0
RR-03352,6.0564048819728816e-05,0
RR-03353,5.791514898390489e-05,0
RR-03354,6.0607790112057145e-05,0
RR-03355,3.615130157058576e-05,0
RR-03356,0.00013869640959771764,0
RR-03357,0.0003188091751388463,0
RR-03358,5.799803961442887e-05,0
RR-03359,4.955786275097185e-05,0
RR-03360,4.112796603074212e-05,0
RR-03361,0.00046630722468862025,0
RR-03362,5.328349425472125e-05,0
RR-03363,3.5374139129252e-05,0
RR-03364,0.9848486075624218,1
RR-03365,0.00026034511001989883,0
RR-03366,6.431694389282303e-05,0
RR-03367,7.28680119174018e-05,0
RR-03368,0.00020449319179785088,0
RR-03369,4.6562527450200926e-05,0
RR-03370,7.864975736427583e-05,0
RR-03371,3.895263629575211e-05,0
RR-03372,0.0001559127970031779,0
RR-03373,5.9572333279222774e-05,0
RR-03374,2.9874161654475232e-05,0
RR-03375,3.591904299355359e-05,0
RR-03376,0.0003661323420823487,0
RR-03377,0.0003129079817545828,0
RR-03378,2.7520985395025845e-05,0
RR-03379,4.870438175766951e-05,0
RR-03380,5.405802403860124e-05,0
RR-03381,0.00022311021397893654,0
RR-03382,3.8285116817129636e-05,0
RR-03383,7.195032533726014e-05,0
RR-03384,4.8131811120190705e-05,0
RR-03385,0.00011989669433169956,0
RR-03386,9.141830069421245e-05,0
RR-03387,8.087680034420283e-05,0
RR-03388,0.00021747766804534207,0
RR-03389,0.0003738799910883319,0
RR-03390,0.002065057358096293,0
RR-03391,7.204301956216294e-05,0
RR-03392,5.034266832140632e-05,0
RR-03393,4.125464984459227e-05,0
RR-03394,0.0006936036678790156,0
RR-03395,6.704562651546052e-05,0
RR-03396,3.918699957254635e-05,0
RR-03397,0.001269775163958922,0
RR-03398,0.00023520788332586043,0
RR-03399,4.04447723923639e-05,0
RR-03400,7.159173341014934e-05,0
RR-03401,0.9205533920812321,1
RR-03402,7.26815109886182e-05,0
RR-03403,5.5967350480878824e-05,0
RR-03404,5.4728569727490034e-05,0
RR-03405,0.00011155703965492888,0
RR-03406,0.0030150247405574333,0
RR-03407,0.0007282287396675667,0
RR-03408,4.7979295351487885e-05,0
RR-03409,0.0001670020703651565,0
RR-03410,0.0001354912347233087,0
RR-03411,0.00019145309282605604,0
RR-03412,0.00027372976481683823,0
RR-03413,0.00016006611404494143,0
RR-03414,5.525397574096317e-05,0
RR-03415,0.00010329931719875907,0
RR-03416,0.00361179323476238,0
RR-03417,5.9895595935219556e-05,0
RR-03418,0.00013320700455840984,0
RR-03419,0.019338055195967745,0
RR-03420,8.166005076430331e-05,0
RR-03421,9.670604177959158e-05,0
RR-03422,0.00024156786376802527,0
RR-03423,0.9533107025927477,1
RR-03424,9.350911166827894e-05,0
RR-03425,3.35698284574511e-05,0
RR-03426,0.00010824441940914797,0
RR-03427,0.0003322594751658533,0
RR-03428,0.0001573952726307709,0
RR-03429,8.348090048454463e-05,0
RR-03430,0.0008073648182438441,0
RR-03431,0.00034765052396782835,0
RR-03432,0.00012789532429185047,0
RR-03433,0.00010538690232952265,0
RR-03434,3.670692400144057e-05,0
RR-03435,9.557184937964021e-05,0
RR-03436,0.0005391002626387641,0
RR-03437,4.6349806772922075e-05,0
RR-03438,5.129051077149873e-05,0
RR-03439,3.7900966212471075e-05,0
RR-03440,0.00013424288414139892,0
RR-03441,0.0011526952067725388,0
RR-03442,0.002427384493505264,0
RR-03443,6.505333625578159e-05,0
RR-03444,3.499928355419983e-05,0
RR-03445,0.013085535768555352,0
RR-03446,0.00029301535348154643,0
RR-03447,7.022416236813135e-05,0
RR-03448,6.39525011260341e-05,0
RR-03449,0.00018602308672982987,0
RR-03450,0.000596738643698193,0
RR-03451,4.123112696070635e-05,0
RR-03452,6.61331596738181e-05,0
RR-03453,0.00011608567312526348,0
RR-03454,0.0007583080671462437,0
RR-03455,6.55361395777766e-05,0
RR-03456,0.00010762866863813906,0
RR-03457,4.7322219484143654e-05,0
RR-03458,2.8200273135172924e-05,0
RR-03459,3.534785978461101e-05,0
RR-03460,0.00024592955372141744,0
RR-03461,0.00010736328650094261,0
RR-03462,6.33614835797529e-05,0
RR-03463,0.00010092553041371629,0
RR-03464,5.5856539402035863e-05,0
RR-03465,7.668671075688072e-05,0
RR-03466,0.027795971205420513,1
RR-03467,8.432132192144147e-05,0
RR-03468,7.445500037057205e-05,0
RR-03469,0.00012652312173190217,0
RR-03470,7.150215485688659e-05,0
RR-03471,0.0001874803101129896,0
RR-03472,3.250717486579112e-05,0
RR-03473,0.00015687482342698005,0
RR-03474,0.00012086488649828441,0
RR-03475,0.00016272184782449144,0
RR-03476,0.011447801710930737,0
RR-03477,7.07000931367468e-05,0
RR-03478,4.951863628211451e-05,0
RR-03479,3.425810729017641e-05,0
RR-03480,0.0002020960652139387,0
RR-03481,0.00011039013883988911,0
RR-03482,0.001224585169474999,0
RR-03483,0.7455859462292088,1
RR-03484,3.792552934910401e-05,0
RR-03485,0.000417673542660264,0
RR-03486,7.667087332630713e-05,0
RR-03487,0.00020363706091810598,0
RR-03488,4.911454743530428e-05,0
RR-03489,6.957095570878204e-05,0
RR-03490,5.671832841776704e-05,0
RR-03491,4.163695572287068e-05,0
RR-03492,6.030610212400438e-05,0
RR-03493,4.5591299857412776e-05,0
RR-03494,7.101187282961559e-05,0
RR-03495,0.0001860453240017829,0
RR-03496,0.0002622660569852836,0
RR-03497,5.339434475203571e-05,0
RR-03498,0.3469877078173768,0
RR-03499,5.8337396531037546e-05,0
RR-03500,9.589075190420131e-05,0
RR-03501,0.00015884191630572453,0
RR-03502,3.7089996516742405e-05,0
RR-03503,9.189395131561773e-05,0
RR-03504,9.596736081259531e-05,0
RR-03505,7.678170115279402e-05,0
RR-03506,4.050918480571548e-05,0
RR-03507,4.1963535477533474e-05,0
RR-03508,4.631280850704365e-05,0
RR-03509,0.0002793835365236749,0
RR-03510,8.655045165588461e-05,0
RR-03511,3.968414893075259e-05,0
RR-03512,5.5766848497777154e-05,0
RR-03513,4.2549381638707766e-05,0
RR-03514,0.8263431826794848,1
RR-03515,3.657901251127508e-05,0
RR-03516,7.239253077543015e-05,0
RR-03517,4.145435395428052e-05,0
RR-03518,2.8330398190944943e-05,0
RR-03519,0.0002761432229948286,0
RR-03520,0.00014861066621160078,0
RR-03521,4.754705764499325e-05,0
RR-03522,0.0001469079914639533,0
RR-03523,0.00026057940926317585,0
RR-03524,5.429077520471136e-05,0
RR-03525,0.00010279709810879432,0
RR-03526,2.5780075487046553e-05,0
RR-03527,5.196153644979333e-05,0
RR-03528,0.008724783988171263,0
RR-03529,0.0007593742896014338,0
RR-03530,3.894542396505052e-05,0
RR-03531,0.00014388951674025716,0
RR-03532,0.005440062074697849,0
RR-03533,0.0007530274365224451,0
RR-03534,0.0001787043959555963,0
RR-03535,0.9652096828608842,1
RR-03536,0.00016436646058073766,0
RR-03537,4.419137246209973e-05,0
RR-03538,3.222135051784601e-05,0
RR-03539,0.00010967693888220612,0
RR-03540,7.824266490647667e-05,0
RR-03541,9.558129413820215e-05,0
RR-03542,3.7993382949955973e-05,0
RR-03543,0.00017396612406299136,0
RR-03544,0.0005998833280380161,0
RR-03545,0.00013327256687079242,0
RR-03546,5.221363973825005e-05,0
RR-03547,0.00023770713851009733,0
RR-03548,0.907607768753211,1
RR-03549,4.866219507286144e-05,0
RR-03550,9.629792016128608e-05,0
RR-03551,8.019778479638141e-05,0
RR-03552,4.563628295217255e-05,0
RR-03553,4.966920426007161e-05,0
RR-03554,5.1618180316961936e-05,0
RR-03555,8.644579290465153e-05,0
RR-03556,8.568813067906235e-05,0
RR-03557,4.832086663651966e-05,0
RR-03558,4.6908887930470895e-05,0
RR-03559,0.0009001940024995217,0
RR-03560,0.00020593759535841809,0
RR-03561,0.00016136511402508013,0
RR-03562,0.01323032862199666,0
RR-03563,0.00022007825245114318,0
RR-03564,0.00016643954156578204,0
RR-03565,0.0004317459535283979,0
RR-03566,0.0002647572709740611,0
RR-03567,0.00011704125215741698,0
RR-03568,0.00010298901712075814,0
RR-03569,7.773656469984831e-05,0
RR-03570,5.577129011370978e-05,0
RR-03571,2.8516709046158964e-05,0
RR-03572,9.133800108125856e-05,0
RR-03573,3.264264546833592e-05,0
RR-03574,0.00010504903334929875,0
RR-03575,3.9950246486292696e-05,0
RR-03576,8.258867830122949e-05,0
RR-03577,7.892376150975376e-05,0
RR-03578,0.0002150231553080994,0
RR-03579,5.5311143559411754e-05,0
RR-03580,0.00027343444791345966,0
RR-03581,5.381980021723519e-05,0
RR-03582,0.9975410095148013,1
RR-03583,5.4291213395047285e-05,0
RR-03584,0.0002136063372368508,0
RR-03585,5.2975569602702306e-05,0
RR-03586,0.00027131590329618644,0
RR-03587,3.0869863302626535e-05,0
RR-03588,6.749848353293954e-05,0
RR-03589,0.00023778221146331118,0
RR-03590,0.00014978896583820933,0
RR-03591,0.00016819394955644397,0
RR-03592,5.397484732075933e-05,0
RR-03593,4.226936931930625e-05,0
RR-03594,0.0002155500212952281,0
RR-03595,0.00023088425343037217,0
RR-03596,0.000470809323349034,0
RR-03597,7.641310338358082e-05,0
RR-03598,0.00025640698279419237,0
RR-03599,3.3338006370196544e-05,0
RR-03600,0.00024896844450589066,0
RR-03601,0.00010983985861382228,0
RR-03602,0.0001203524302026408,0
RR-03603,4.459004937693855e-05,0
RR-03604,9.7453891251053e-05,0
RR-03605,6.723529074064741e-05,0
RR-03606,3.490513025351624e-05,0
RR-03607,7.411513648452364e-05,0
RR-03608,0.0007418063589540382,0
RR-03609,3.594476089064351e-05,0
RR-03610,8.861409315652803e-05,0
RR-03611,0.00016859338846070068,0
RR-03612,3.7828205104795945e-05,0
RR-03613,0.000361743261254269,0
RR-03614,7.536519616193542e-05,0
RR-03615,4.6104302868360705e-05,0
RR-03616,7.24540471846223e-05,0
RR-03617,4.513088423810346e-05,0
RR-03618,9.189007822866236e-05,0
RR-03619,0.00048522559626178993,0
RR-03620,0.0009138028834922914,0
RR-03621,5.049536802544445e-05,0
RR-03622,4.451193600281477e-05,0
RR-03623,4.952021755833438e-05,0
RR-03624,0.00025024009473245885,0
RR-03625,4.587156245328577e-05,0
RR-03626,6.219959122324681e-05,0
RR-03627,0.00023203479918959742,0
RR-03628,8.843301889901239e-05,0
RR-03629,0.0002035736448563413,0
RR-03630,0.00014086271396454293,0
RR-03631,7.434136304455545e-05,0
RR-03632,4.594267677609847e-05,0
RR-03633,0.00021216371738489554,0
RR-03634,0.00032716621343778626,0
RR-03635,7.659475863371855e-05,0
RR-03636,8.945331041628852e-05,0
RR-03637,0.00017520864293775218,0
RR-03638,9.072907632078208e-05,0
RR-03639,7.242430740799095e-05,0
RR-03640,0.0004164441576880517,0
RR-03641,0.0001790853750322909,0
RR-03642,0.0001119765520136497,0
RR-03643,0.00020966088368349513,0
RR-03644,0.00014469172802598231,0
RR-03645,5.014409463687743e-05,0
RR-03646,0.00016144594181774768,0
RR-03647,4.0589816373559066e-05,0
RR-03648,0.0002574203239852763,0
RR-03649,5.183060253589797e-05,0
RR-03650,0.9747881659462037,1
RR-03651,4.7428129879388454e-05,0
RR-03652,6.574126280341884e-05,0
RR-03653,6.288946371689515e-05,0
RR-03654,3.8130807515406426e-05,0
RR-03655,9.563197333880579e-05,0
RR-03656,7.4367004952635e-05,0
RR-03657,0.00012130864710467793,0
RR-03658,4.4734264120659116e-05,0
RR-03659,0.00010181396063121864,0
RR-03660,3.9383620516321484e-05,0
RR-03661,0.002308308763883531,0
RR-03662,4.5480918003517026e-05,0
RR-03663,5.014363928442786e-05,0
RR-03664,8.109706045449288e-05,0
RR-03665,8.72929606721469e-05,0
RR-03666,0.000739760789391385,0
RR-03667,4.53786336074083e-05,0
RR-03668,0.00017524092664929284,0
RR-03669,5.528938652819542e-05,0
RR-03670,5.2651207738419275e-05,0
RR-03671,3.462903996408204e-05,0
RR-03672,0.0182032984244963,0
RR-03673,7.879072395899404e-05,0
RR-03674,4.716934194410487e-05,0
RR-03675,0.0003610639597368732,0
RR-03676,0.00010886349100710858,0
RR-03677,9.242669434176902e-05,0
RR-03678,6.510147148531226e-05,0
RR-03679,0.0002310477988610179,0
RR-03680,7.051905442564857e-05,0
RR-03681,6.814493746241807e-05,0
RR-03682,4.962539274495982e-05,0
RR-03683,5.075212831293694e-05,0
RR-03684,4.334766334147936e-05,0
RR-03685,0.004351343511181069,0
RR-03686,0.9790972949613973,1
RR-03687,6.740973384769963e-05,0
RR-03688,0.00013271485391505396,0
RR-03689,7.883686077316386e-05,0
RR-03690,0.00590414918281835,0
RR-03691,0.00012663533562133736,0
RR-03692,9.433219188374508e-05,0
RR-03693,6.53550224895334e-05,0
RR-03694,9.67631646679931e-05,0
RR-03695,0.00023282484099392505,0
RR-03696,6.989755602582564e-05,0
RR-03697,7.885249658496318e-05,0
RR-03698,7.718575081506764e-05,0
RR-03699,0.00012152346523806434,0
RR-03700,6.99919555767786e-05,0
RR-03701,6.389826398908751e-05,0
RR-03702,6.5628129419133e-05,0
RR-03703,0.00014287539396827507,0
RR-03704,0.00019033765327369776,0
RR-03705,9.25850516977398e-05,0
RR-03706,0.00017353503450188241,0
RR-03707,0.00012407233752503003,0
RR-03708,3.8584990897159154e-05,0
RR-03709,0.003871369511458492,0
RR-03710,0.00014368619196277623,0
RR-03711,0.2042486263051685,0
RR-03712,6.479412713452291e-05,0
RR-03713,4.694225191371147e-05,0
RR-03714,0.00014969202058564545,0
RR-03715,7.18205240341187e-05,0
RR-03716,3.988391939306373e-05,0
RR-03717,4.1493469655946516e-05,0
RR-03718,5.753701743422895e-05,0
RR-03719,0.00046017385244831146,0
RR-03720,4.442681389139179e-05,0
RR-03721,0.0014694842547658545,0
RR-03722,0.00013744681791939644,0
RR-03723,7.334923699200865e-05,0
RR-03724,0.00031423840407390264,0
RR-03725,5.38590967192435e-05,0
RR-03726,4.736489674505138e-05,0
RR-03727,0.0002023723519629008,0
RR-03728,0.0002548375930131231,0
RR-03729,0.0004177557557288583,0
RR-03730,0.021005640892094047,0
RR-03731,0.0002422990471940111,0
RR-03732,8.783459878799312e-05,0
RR-03733,4.4876077821916244e-05,0
RR-03734,7.048697443364681e-05,0
RR-03735,7.31520087360434e-05,0
RR-03736,0.00010036342202435074,0
RR-03737,7.484920906491494e-05,0
RR-03738,0.00016470715540268258,0
RR-03739,0.00011381094907038742,0
RR-03740,0.0001267606003597966,0
RR-03741,0.00019277363894416259,0
RR-03742,4.510237321980766e-05,0
RR-03743,0.9681957920519733,1
RR-03744,5.202791552748927e-05,0
RR-03745,9.213439897168591e-05,0
RR-03746,6.315125729813785e-05,0
RR-03747,7.007545911804519e-05,0
RR-03748,3.690104809463519e-05,0
RR-03749,8.34366579844145e-05,0
RR-03750,7.046220536193826e-05,0
RR-03751,8.156795586520151e-05,0
RR-03752,0.0002653962347709713,0
RR-03753,4.321727643020846e-05,0
RR-03754,4.315012417444625e-05,0
RR-03755,0.000712093883098851,0
RR-03756,6.838052927162915e-05,0
RR-03757,0.0001483891425429871,0
RR-03758,0.00018266339556397072,0
RR-03759,0.006291257604932264,0
RR-03760,0.0002200037959900872,0
RR-03761,0.00012088894750450575,0
RR-03762,0.0070514160017066015,0
RR-03763,0.9825385137861993,1
RR-03764,0.00012370253841867263,0
RR-03765,0.00011856296311022977,0
RR-03766,0.00024325574241533936,0
RR-03767,6.294688641470217e-05,0
RR-03768,0.006071602659109097,0
RR-03769,0.00010105542479573769,0
RR-03770,0.0001429816029010083,0
RR-03771,8.029192252501155e-05,0
RR-03772,0.00018673068361545385,0
RR-03773,0.00034499839679228057,0
RR-03774,5.3336151908141975e-05,0
RR-03775,0.016094597879642465,0
RR-03776,0.00024889906790412554,0
RR-03777,0.00016459669316730568,0
RR-03778,0.0005240048201837546,0
RR-03779,0.00019388205546074454,0
RR-03780,0.0001286604419697941,0
RR-03781,4.5261093215792174e-05,0
RR-03782,3.2063872497065754e-05,0
RR-03783,2.849471033040835e-05,0
RR-03784,5.469433982241373e-05,0
RR-03785,0.012544910735035254,0
RR-03786,4.5012883822492164e-05,0
RR-03787,6.946173548654098e-05,0
RR-03788,0.00020626312569152903,0
RR-03789,3.0876570842223975e-05,0
RR-03790,0.00010623424689064194,0
RR-03791,0.00661503988804501,0
RR-03792,0.00021044313702272852,0
RR-03793,3.026164687846565e-05,0
RR-03794,6.635138190827667e-05,0
RR-03795,8.660277298588026e-05,0
RR-03796,0.0003398625680437657,0
RR-03797,8.095078722418554e-05,0
RR-03798,0.01100484663248338,0
RR-03799,0.0002052126083466325,0
RR-03800,0.00013449090436530754,0
RR-03801,8.763073475464195e-05,0
RR-03802,0.0003942389093831899,0
RR-03803,0.0005294843267874644,0
RR-03804,5.6536419716621886e-05,0
RR-03805,3.569569974778826e-05,0
RR-03806,0.00015317680603641105,0
RR-03807,4.897791775267346e-05,0
RR-03808,0.003486884517582275,0
RR-03809,7.464482444891602e-05,0
RR-03810,6.535869701454122e-05,0
RR-03811,6.913674284799237e-05,0
RR-03812,4.041765316666546e-05,0
RR-03813,5.7254093853396325e-05,0
RR-03814,0.00016359457999768384,0
RR-03815,0.00011370490798903127,0
RR-03816,0.00016263645335976506,0
RR-03817,4.943581494835485e-05,0
RR-03818,3.84895344457169e-05,0
RR-03819,0.0014751499559046237,0
RR-03820,9.401555486849504e-05,0
RR-03821,0.00013548670873565974,0
RR-03822,2.849335490851711e-05,0
RR-03823,3.851200139457078e-05,0
RR-03824,5.89128945616857e-05,0
RR-03825,8.15390481509489e-05,0
RR-03826,7.831421441512258e-05,0
RR-03827,0.0001024861445415144,0
RR-03828,0.0017554139866835677,0
RR-03829,9.088735777624307e-05,0
RR-03830,0.00038108495898571675,0
RR-03831,6.824903925641895e-05,0
RR-03832,0.0009565011170159309,0
RR-03833,0.0002546252500483407,0
RR-03834,8.459107090624e-05,0
RR-03835,0.0001022187714703864,0
RR-03836,0.00010158951133867604,0
RR-03837,0.00012616417457559108,0
RR-03838,3.591316922140794e-05,0
RR-03839,0.0010254751819355613,0
RR-03840,0.0004689978380374405,0
RR-03841,0.00046630722468862025,0
RR-03842,0.00017900481041544544,0
RR-03843,9.951460585136498e-05,0
RR-03844,9.481167437074753e-05,0
RR-03845,0.9429336005145401,1
RR-03846,0.000350469332424583,0
RR-03847,0.9908272247941967,1
RR-03848,6.67057613620887e-05,0
RR-03849,8.012427941198162e-05,0
RR-03850,6.590169582612833e-05,0
RR-03851,0.0008328486818519547,0
RR-03852,0.00013582876597702863,0
RR-03853,8.604998669766647e-05,0
RR-03854,5.439432808283195e-05,0
RR-03855,0.00026970227021807033,0
RR-03856,0.0002030149448585282,0
RR-03857,0.0015586452058935294,0
RR-03858,5.4478099815899235e-05,0
RR-03859,0.00014678353451760907,0
RR-03860,3.5503507519004486e-05,0
RR-03861,0.004034285979262534,0
RR-03862,0.00013166331431594948,0
RR-03863,0.00018126989807570402,0
RR-03864,0.0003229417596504161,0
RR-03865,0.00014441672042581692,0
RR-03866,6.536217663728741e-05,0
RR-03867,0.0003864594770511607,0
RR-03868,0.00023091800603446867,0
RR-03869,7.026467284571971e-05,0
RR-03870,3.724400984779602e-05,0
RR-03871,0.00016584114541262296,0
RR-03872,7.842491742007176e-05,0
RR-03873,6.054105427693848e-05,0
RR-03874,4.524900170692234e-05,0
RR-03875,0.00023567746824338534,0
RR-03876,6.006140115504328e-05,0
RR-03877,7.893481429195755e-05,0
RR-03878,5.700799963460081e-05,0
RR-03879,6.362889830742924e-05,0
RR-03880,6.746604003104122e-05,0
RR-03881,0.00017482358796729852,0
RR-03882,0.0009018520033614073,0
RR-03883,7.848446109453108e-05,0
RR-03884,0.0001065313589482056,0
RR-03885,0.0001608246607258576,0
RR-03886,3.919763428445522e-05,0
RR-03887,3.356321781928636e-05,0
RR-03888,6.338384454318986e-05,0
RR-03889,0.00012224247346696325,0
RR-03890,0.00013967596444142014,0
RR-03891,4.663523562943735e-05,0
RR-03892,4.16960059924769e-05,0
RR-03893,0.0001637793535309946,0
RR-03894,0.9843349770962921,1
RR-03895,0.0001340637381385253,0
RR-03896,9.25354286793021e-05,0
RR-03897,7.321734282205704e-05,0
RR-03898,2.9530946805130683e-05,0
RR-03899,3.694435033763952e-05,0
RR-03900,9.309230986348423e-05,1
RR-03901,4.7684727059963246e-05,0
RR-03902,5.0852318578991245e-05,0
RR-03903,0.00016339520386703433,0
RR-03904,9.435910970704069e-05,0
RR-03905,9.811150412659183e-05,0
RR-03906,0.00010980457687187164,0
RR-03907,8.706663738226009e-05,0
RR-03908,0.0007752835546849218,0
RR-03909,0.004625479662287236,0
RR-03910,7.645550340108168e-05,0
RR-03911,7.478350364446206e-05,0
RR-03912,0.0018613939002125898,0
RR-03913,0.00013153883582733624,0
RR-03914,0.00018452764441615808,0
RR-03915,3.9724615626994635e-05,0
RR-03916,5.585579827028481e-05,0
RR-03917,4.6906874821414665e-05,0
RR-03918,5.959612144383519e-05,0
RR-03919,6.189637095318883e-05,0
RR-03920,0.0001598296434869341,0
RR-03921,0.00011124580798735894,0
RR-03922,7.634429837222203e-05,0
RR-03923,0.00010452054116003129,0
RR-03924,9.24084811378869e-05,0
RR-03925,3.092586301383339e-05,0
RR-03926,0.0001755721514380367,0
RR-03927,0.00011023020687480611,0
RR-03928,4.457599193386902e-05,0
RR-03929,3.3224236474671976e-05,0
RR-03930,7.698341072523977e-05,0
RR-03931,0.00010631695139369012,0
RR-03932,3.8793871052951664e-05,0
RR-03933,0.0002376499819858452,0
RR-03934,4.661855266276826e-05,0
RR-03935,0.00015244906660493506,0
RR-03936,4.406552734435638e-05,0
RR-03937,3.071773438521983e-05,0
RR-03938,0.0006608482644648987,0
RR-03939,0.00010009047372573647,0
RR-03940,4.1393708788458e-05,0
RR-03941,0.0014880203891195754,0
RR-03942,4.946799890082912e-05,0
RR-03943,5.014969293714913e-05,0
RR-03944,4.16193718145291e-05,0
RR-03945,0.0002907354854015554,0
RR-03946,0.00015048950583442352,0
RR-03947,0.000227804937194038,0
RR-03948,5.326593613348249e-05,0
RR-03949,5.12517788164804e-05,0
RR-03950,0.0001972933430656741,0
RR-03951,4.875725489369973e-05,0
RR-03952,0.0009012989835097975,0
RR-03953,0.00019933293849058026,0
RR-03954,0.00016190912692888774,0
RR-03955,7.236696172994849e-05,0
RR-03956,0.00021931109612575135,0
RR-03957,0.0003031825393776791,0
RR-03958,0.00010653986327997678,0
RR-03959,8.841291034993861e-05,0
RR-03960,7.651055732896607e-05,0
RR-03961,4.459734994368383e-05,0
RR-03962,4.995707353839865e-05,0
RR-03963,0.0002670488123312042,0
RR-03964,3.179124843894798e-05,0
RR-03965,0.00018244287035037646,0
RR-03966,3.5770596124678034e-05,0
RR-03967,8.479707561406536e-05,0
RR-03968,0.00039970596935462276,0
RR-03969,2.8207340349779626e-05,0
RR-03970,3.196485448898083e-05,0
RR-03971,5.284811745926868e-05,0
RR-03972,0.00013387289757456092,0
RR-03973,5.270684923725007e-05,0
RR-03974,0.00014349153707249969,0
RR-03975,7.579866814240204e-05,0
RR-03976,0.00016598848432787985,0
RR-03977,0.0002251679960252238,0
RR-03978,0.0012413483201963106,0
RR-03979,0.0002825497655586902,0
RR-03980,5.1079713082658815e-05,0
RR-03981,3.191562698656602e-05,0
RR-03982,0.0033642442600653696,0
RR-03983,3.0110314965139254e-05,0
RR-03984,0.00038879427493627967,0
RR-03985,6.003952020858028e-05,0
RR-03986,0.0003138385484252708,0
RR-03987,0.00013049931664518412,0
RR-03988,4.525890840401981e-05,0
RR-03989,0.9877221460112561,1
RR-03990,0.00016622542774153521,0
RR-03991,0.0003460864860102051,0
RR-03992,9.13857126323741e-05,0
RR-03993,0.00017158207003975575,0
RR-03994,0.00013725005027854516,0
RR-03995,5.6536419716621886e-05,0
RR-03996,0.9709887937501552,1
RR-03997,0.00015558588840618398,0
RR-03998,5.984909643950135e-05,0
RR-03999,4.227539845601172e-05,0
RR-04000,4.271589068795005e-05,0
RR-04001,6.21963107393444e-05,0
RR-04002,0.00013629500041788275,0
RR-04003,0.00013574547776064173,0
RR-04004,0.00035688445073436104,0
RR-04005,0.0001758935939063114,0
RR-04006,6.400308507457299e-05,0
RR-04007,0.0001901002939461805,0
RR-04008,0.0002137280955465344,0
RR-04009,3.031121598153499e-05,0
RR-04010,0.9888850316010567,1
RR-04011,8.887005761771365e-05,0
RR-04012,5.7071950017046e-05,0
RR-04013,9.2943955507953e-05,0
RR-04014,0.00023754594088519173,0
RR-04015,0.0004581262449522619,0
RR-04016,5.2895224039303874e-05,0
RR-04017,0.00012526331986528166,0
RR-04018,0.00012048985929100458,0
RR-04019,0.00016606394743540637,0
RR-04020,6.360049970553021e-05,0
RR-04021,5.1877521211243014e-05,0
RR-04022,0.00015719694817859824,0
RR-04023,4.9764639879034626e-05,0
RR-04024,0.00011241955003217501,0
RR-04025,0.0001235081526882562,0
RR-04026,0.00014007921298076102,0
RR-04027,0.0003645564254523788,0
RR-04028,5.966000147930136e-05,0
RR-04029,0.002551250420883978,0
RR-04030,4.248343631691001e-05,0
RR-04031,6.448162407443445e-05,0
RR-04032,5.746806123801244e-05,0
RR-04033,0.0009944189524796376,0
RR-04034,6.167292004373422e-05,0
RR-04035,0.0001999069413813235,0
RR-04036,8.587196693920631e-05,0
RR-04037,7.02719737549804e-05,0
RR-04038,0.00018053123122048698,0
RR-04039,5.1451020424185454e-05,0
RR-04040,7.510217029777893e-05,0
RR-04041,0.00011035135576947952,0
RR-04042,0.0001563065139130637,0
RR-04043,4.451243717322801e-05,0
RR-04044,0.0001058199728196678,0
RR-04045,0.0014425679833980083,0
RR-04046,4.186482271584859e-05,0
RR-04047,0.0034657669712488868,0
RR-04048,0.00014870239735222644,0
RR-04049,0.0005401168668938233,0
RR-04050,6.994008388555295e-05,0
RR-04051,5.046705635884868e-05,0
RR-04052,0.00012081469038429529,0
RR-04053,0.000206036853858752,0
RR-04054,3.256720304346638e-05,0
RR-04055,7.93964801789272e-05,0
RR-04056,0.00012491522121560185,0
RR-04057,0.8583660484522501,1
RR-04058,0.0002488233678029071,0
RR-04059,5.168122422652842e-05,0
RR-04060,0.0001476049227754799,0
RR-04061,0.00010957937127479489,0
RR-04062,0.0009360248099639291,0
RR-04063,3.130153865816863e-05,0
RR-04064,0.00013417775114398325,0
RR-04065,6.477343653625385e-05,0
RR-04066,0.00012607364218665895,0
RR-04067,6.643963723589004e-05,0
RR-04068,0.000215895664700732,0
RR-04069,4.715230081093565e-05,0
RR-04070,0.00010908935651267002,0
RR-04071,7.417748063921153e-05,0
RR-04072,7.327886941910888e-05,0
RR-04073,7.440062597673569e-05,0
RR-04074,7.378477332867838e-05,0
RR-04075,4.088551551402751e-05,0
RR-04076,4.184692386670034e-05,0
RR-04077,5.6050672318699906e-05,0
RR-04078,0.0001052327635264548,0
RR-04079,6.959138695178755e-05,0
RR-04080,6.304332060332133e-05,0
RR-04081,0.0004348893067598752,0
RR-04082,0.00010448719354018533,0
RR-04083,3.9126067430084985e-05,0
RR-04084,6.171233636308712e-05,0
RR-04085,0.0007557922965583966,0
RR-04086,3.4448750730116635e-05,0
RR-04087,0.00011519143110955782,0
RR-04088,2.5732825442915036e-05,0
RR-04089,0.4535786237249388,1
RR-04090,0.0003629519329182894,0
RR-04091,4.242101425516087e-05,0
RR-04092,0.00011177149011876221,0
RR-04093,0.0001793432267918138,0
RR-04094,0.0004031374440018174,0
RR-04095,6.465053648314769e-05,0
RR-04096,0.23821171175506595,0
RR-04097,7.581144109094796e-05,0
RR-04098,0.0006935992317462613,0
RR-04099,8.620840254042094e-05,0
RR-04100,3.5933256227718015e-05,0
RR-04101,0.0004875307853310285,0
RR-04102,0.00695399437834521,0
RR-04103,0.00016376890720715844,0
RR-04104,8.774978519420566e-05,0
RR-04105,0.00017679842297521546,0
RR-04106,0.002365812540851323,0
RR-04107,3.876507461851138e-05,0
RR-04108,0.0015849397258620496,0
RR-04109,0.9252605879965593,1
RR-04110,5.794043237461993e-05,0
RR-04111,0.00019293783434842166,0
RR-04112,0.00021601129035388138,0
RR-04113,6.813346276525692e-05,0
RR-04114,0.4254296920252655,1
RR-04115,2.9907510405729143e-05,0
RR-04116,6.92383214501178e-05,0
RR-04117,0.0014442645645941624,0
RR-04118,3.179457539833204e-05,0
RR-04119,0.00010934114454989584,0
RR-04120,3.143489196116638e-05,0
RR-04121,7.490775680269577e-05,0
RR-04122,0.0001248335006651469,0
RR-04123,3.9795709593633175e-05,0
RR-04124,6.381030671913296e-05,0
RR-04125,0.0002197375638749624,0
RR-04126,4.006520441363837e-05,0
RR-04127,4.5351763310548984e-05,0
RR-04128,6.332645825456485e-05,0
RR-04129,0.0004390393002695125,0
RR-04130,8.354149123849535e-05,0
RR-04131,9.421207012984049e-05,0
RR-04132,0.00010542978052543688,0
RR-04133,0.0005269873543002783,0
RR-04134,7.231617466831345e-05,0
RR-04135,3.9123498492072475e-05,0
RR-04136,0.0004755235646010864,0
RR-04137,0.008098723732535831,0
RR-04138,5.5947231513010326e-05,0
RR-04139,3.871422906217886e-05,0
RR-04140,7.064696416233339e-05,0
RR-04141,0.00020205923953112636,0
RR-04142,3.645497285958168e-05,0
RR-04143,7.562894540673647e-05,0
RR-04144,5.568860216006156e-05,0
RR-04145,0.0003091532041063219,0
RR-04146,6.332739710989354e-05,0
RR-04147,7.131342353048754e-05,0
RR-04148,0.022131251659492136,0
RR-04149,6.74346371474809e-05,0
RR-04150,6.376880663728782e-05,0
RR-04151,0.0293851127838854,0
RR-04152,8.180794844582979e-05,0
RR-04153,4.406831567314057e-05,0
RR-04154,4.23842996429941e-05,0
RR-04155,0.00014692958293584422,0
RR-04156,5.7446809889649016e-05,0
RR-04157,0.0003275939645169116,0
RR-04158,0.00020943879297427603,0
RR-04159,0.00042827609508888393,0
RR-04160,0.00015793166047177906,0
RR-04161,0.00026219273766774103,0
RR-04162,7.35888062442259e-05,0
RR-04163,0.0011475138797221868,0
RR-04164,6.934556841663208e-05,0
RR-04165,0.0010395123332008367,0
RR-04166,0.00017181598136273868,0
RR-04167,0.00011285355201107864,0
RR-04168,0.0001458044862406968,0
RR-04169,3.1120504050305563e-05,0
RR-04170,0.00031161847976273437,0
RR-04171,0.00013323677992924118,0
RR-04172,3.874423823011707e-05,0
RR-04173,3.862695805454334e-05,0
RR-04174,0.007073900063353081,0
RR-04175,0.0003117146073205564,0
RR-04176,0.0014321519696238031,0
RR-04177,4.339025423815105e-05,0
RR-04178,0.0001181107978897387,0
RR-04179,0.00019952566833028297,0
RR-04180,0.00017366927759013696,0
RR-04181,0.00018215161558993918,0
RR-04182,0.00017890966814479732,0
RR-04183,8.020780629898803e-05,0
RR-04184,0.00013931072698513737,0
RR-04185,0.00010832036270844637,0
RR-04186,3.78554403495691e-05,0
RR-04187,0.00015193878286298883,0
RR-04188,0.00023706146216468562,0
RR-04189,0.0001376285750276952,0
RR-04190,5.882326548565179e-05,0
RR-04191,7.72191840301656e-05,0
RR-04192,0.00020204229131306976,0
RR-04193,7.315137064989373e-05,0
RR-04194,0.00010489513970374947,0
RR-04195,0.00015630554582874085,0
RR-04196,9.03950790264741e-05,0
RR-04197,0.0009657313831252617,0
RR-04198,0.0002441608803999048,0
RR-04199,4.9312338041456946e-05,0
RR-04200,5.579632586628824e-05,0
RR-04201,0.00011574232648826529,0
RR-04202,8.146686705752339e-05,0
RR-04203,5.0697714102463454e-05,0
RR-04204,0.0006670474182881999,0
RR-04205,5.2720434297134656e-05,0
RR-04206,6.0435241841226746e-05,0
RR-04207,4.6713329605252554e-05,0
RR-04208,0.000146057404586848,0
RR-04209,3.3600571455392186e-05,0
RR-04210,0.0001012365666805783,0
RR-04211,3.9401791252191485e-05,0
RR-04212,0.00033384108268230824,0
RR-04213,6.721807937819569e-05,0
RR-04214,4.550177714123867e-05,0
RR-04215,7.053511837264189e-05,0
RR-04216,0.00026430394178577195,0
RR-04217,5.3295396555831626e-05,0
RR-04218,4.106040583174037e-05,0
RR-04219,6.696022534445052e-05,0
RR-04220,5.9941213888002166e-05,0
RR-04221,0.8895367332402969,1
RR-04222,4.3427833850840314e-05,0
RR-04223,6.937855759648042e-05,0
RR-04224,8.80831069504405e-05,0
RR-04225,6.745954014312591e-05,0
RR-04226,4.326436336872764e-05,0
RR-04227,0.00021907415718233947,0
RR-04228,0.00013311082363353424,0
RR-04229,0.0007895599267243195,0
RR-04230,8.0650475956641e-05,0
RR-04231,6.430501810369864e-05,0
RR-04232,0.00012114049836774579,0
RR-04233,0.00013359843847664984,0
RR-04234,9.756453728685905e-05,0
RR-04235,2.8595022933198597e-05,0
RR-04236,7.159263505696534e-05,0
RR-04237,3.694979222194959e-05,0
RR-04238,3.076308126772499e-05,0
RR-04239,3.1906582871451485e-05,0
RR-04240,4.292746905746168e-05,0
RR-04241,0.00028204484330024844,0
RR-04242,0.00012184380665407675,0
RR-04243,0.002363581174835091,0
RR-04244,3.232668218606489e-05,0
RR-04245,0.0003932181185813556,0
RR-04246,0.00026133045673830104,0
RR-04247,0.0002163093484833382,0
RR-04248,5.37446679941698e-05,0
RR-04249,7.204451694530947e-05,0
RR-04250,0.008144453003777715,0
RR-04251,0.0003347630271574682,0
RR-04252,0.0004613263118836571,0
RR-04253,0.0002548165484274027,0
RR-04254,0.00017325508604718794,0
RR-04255,0.00026238507637948717,0
RR-04256,4.752965869400701e-05,0
RR-04257,0.0002578539391378662,0
RR-04258,0.0002389847722292794,0
RR-04259,0.0011511381280872343,0
RR-04260,0.010712659857314418,0
RR-04261,0.0001650710464686028,0
RR-04262,0.0007593742896014338,0
RR-04263,0.00021815019263394424,0
RR-04264,0.0007086738381819194,0
RR-04265,6.74346371474809e-05,0
RR-04266,3.383266878540591e-05,0
RR-04267,0.00014648550264857144,0
RR-04268,0.0004643001503123874,0
RR-04269,0.9948539501080365,1
RR-04270,6.349673310530914e-05,0
RR-04271,8.956836470634219e-05,0
RR-04272,0.0007954716716890271,0
RR-04273,5.3614283651382613e-05,0
RR-04274,8.135596672028928e-05,0
RR-04275,0.00014541953483279067,0
RR-04276,8.349189831019929e-05,0
RR-04277,0.0003480608108980465,0
RR-04278,0.00018432118033918462,0
RR-04279,0.00012562949354462968,0
RR-04280,0.00010055942536189402,0
RR-04281,7.717679340173608e-05,0
RR-04282,0.0032139183508395597,0
RR-04283,0.00032347285078445037,0
RR-04284,0.00011287601942973757,0
RR-04285,4.0346068197465195e-05,0
RR-04286,7.314901260515752e-05,0
RR-04287,7.530797510070708e-05,0
RR-04288,4.6543700456218694e-05,0
RR-04289,0.00010464418928281468,0
RR-04290,7.954209102861309e-05,0
RR-04291,5.937327148625238e-05,0
RR-04292,0.0002862205169482067,0
RR-04293,0.0007468895915115697,0
RR-04294,6.001342274708018e-05,0
RR-04295,3.4991025880131504e-05,0
RR-04296,5.37436436987166e-05,0
RR-04297,3.519612392442128e-05,0
RR-04298,8.005812650206525e-05,0
RR-04299,5.330171734299195e-05,0
RR-04300,0.00010963951580218423,0
RR-04301,4.793938489489498e-05,0
RR-04302,0.0001051932823885813,0
RR-04303,8.794079789147728e-05,0
RR-04304,0.00011585438531293665,0
RR-04305,0.003846647426025756,0
RR-04306,4.540334113750677e-05,0
RR-04307,0.000528287616215646,0
RR-04308,4.066490611034713e-05,0
RR-04309,4.4094374008654005e-05,0
RR-04310,6.403023671357617e-05,0
RR-04311,0.0003989416126946648,0
RR-04312,2.9327010442877895e-05,0
RR-04313,4.465082091336344e-05,0
RR-04314,0.0010698789544053278,0
RR-04315,4.677335208829669e-05,0
RR-04316,0.00010685305794688548,0
RR-04317,9.100937832667398e-05,0
RR-04318,0.6359708151754371,0
RR-04319,4.0363896240108644e-05,0
RR-04320,3.662145371001614e-05,0
RR-04321,0.00031836254091087294,0
RR-04322,0.00036386916480051027,0
RR-04323,4.833130416898816e-05,0
RR-04324,7.270707244844601e-05,0
RR-04325,0.0002219202527753262,0
RR-04326,0.0004200430298535283,0
RR-04327,0.0004863454082581931,0
RR-04328,0.08259312348936287,0
RR-04329,3.717330111539744e-05,0
RR-04330,0.037431121584758566,0
RR-04331,5.2913252834862435e-05,0
RR-04332,0.00036131537724936615,0
RR-04333,0.00024680208293383445,0
RR-04334,0.000518427439570069,0
RR-04335,0.00014446589010760254,0
RR-04336,6.546793688674886e-05,0
RR-04337,4.560443980257654e-05,0
RR-04338,4.788491781793668e-05,0
RR-04339,8.411914358284112e-05,0
RR-04340,6.819197934737084e-05,0
RR-04341,4.383765323457369e-05,0
RR-04342,0.0002634580720334651,0
RR-04343,0.00147146888839988,0
RR-04344,4.6379347209101156e-05,0
RR-04345,3.3197424157723966e-05,0
RR-04346,0.0002036428948399022,0
RR-04347,8.289233331494808e-05,0
RR-04348,6.52784773338986e-05,0
RR-04349,6.173553395015054e-05,0
RR-04350,3.5813371214129786e-05,0
RR-04351,0.00010744984005214127,0
RR-04352,0.0002925397718905573,0
RR-04353,0.00019095460409691557,0
RR-04354,0.000703241342779767,0
RR-04355,5.397396519334535e-05,0
RR-04356,6.0358146650216216e-05,0
RR-04357,9.550838093819873e-05,0
RR-04358,0.0005162421362485628,0
RR-04359,0.0005402251141711403,0
RR-04360,9.790872775660851e-05,0
RR-04361,8.156929866711211e-05,0
RR-04362,0.00016611394559318542,0
RR-04363,9.52384603127916e-05,0
RR-04364,6.138559329564105e-05,0
RR-04365,5.690386429118083e-05,0
RR-04366,0.002551691791093862,0
RR-04367,5.352710396340372e-05,0
RR-04368,0.9842211350999476,1
RR-04369,4.952118207552531e-05,0
RR-04370,9.144098573104456e-05,0
RR-04371,5.1097728455035986e-05,0
RR-04372,4.55930175941369e-05,0
RR-04373,3.915833954210328e-05,0
RR-04374,0.0003850684267821696,0
RR-04375,0.000198340519832549,0
RR-04376,5.6047502527709556e-05,0
RR-04377,5.8210383736615075e-05,0
RR-04378,0.0002560804295662571,0
RR-04379,6.786232130480658e-05,0
RR-04380,0.00012802018870469733,0
RR-04381,0.0001185677559625771,0
RR-04382,0.00016328106917001765,0
RR-04383,0.0033949873645033996,0
RR-04384,5.135756425142711e-05,0
RR-04385,0.9792583859730954,1
RR-04386,4.0117719877487606e-05,0
RR-04387,0.07439371219091406,0
RR-04388,0.00010704485161970572,0
RR-04389,7.08880328275354e-05,0
RR-04390,6.003715217800012e-05,0
RR-04391,3.106879364821577e-05,0
RR-04392,0.00026128383630851887,0
RR-04393,0.00014112472179802352,0
RR-04394,5.197993794947824e-05,0
RR-04395,4.449038704970493e-05,0
RR-04396,0.0010492818792194858,0
RR-04397,4.013126817636867e-05,0
RR-04398,0.0653323767383175,0
RR-04399,4.83120084301946e-05,0
RR-04400,0.0005821002626501528,0
RR-04401,0.00017778810349198905,0
RR-04402,0.0001819367783836313,0
RR-04403,6.623143800457483e-05,0
RR-04404,3.255860961283194e-05,0
RR-04405,7.86606405221605e-05,0
RR-04406,0.9967145788363251,1
RR-04407,0.00013344228185551294,0
RR-04408,6.950507092571865e-05,0
RR-04409,0.00019189253572079716,0
RR-04410,0.00044927076406091245,0
RR-04411,0.00011884086233852571,0
RR-04412,4.152932772142944e-05,0
RR-04413,0.0029954586674029184,0
RR-04414,0.00017221155699114894,0
RR-04415,0.09225027265467906,0
RR-04416,0.0006055506928784095,0
RR-04417,0.0002200731811778997,0
RR-04418,4.2729245440487335e-05,0
RR-04419,9.758415214637984e-05,0
RR-04420,0.0006887487405601154,0
RR-04421,0.00014491104433279,0
RR-04422,3.663479860584456e-05,0
RR-04423,4.318412765655265e-05,0
RR-04424,0.0008518483776875699,0
RR-04425,8.309475405904715e-05,0
RR-04426,0.00013832406639320655,0
RR-04427,4.268669645364492e-05,0
RR-04428,0.00013463487930573444,0
RR-04429,0.0001836450698047953,0
RR-04430,4.369412926861532e-05,0
RR-04431,6.500851874671374e-05,0
RR-04432,3.499120621950879e-05,0
RR-04433,6.406734957380268e-05,0
RR-04434,0.0003036227191545152,0
RR-04435,0.00012445101374338144,0
RR-04436,0.00011062005730078375,0
RR-04437,6.262909609820573e-05,0
RR-04438,0.0008907966362776612,0
RR-04439,0.0001358489570630934,0
RR-04440,0.00017461919801773132,0
RR-04441,0.0001344049241898762,0
RR-04442,5.2985208910291615e-05,0
RR-04443,0.00012105001228522378,0
RR-04444,0.00010776220824667388,0
RR-04445,0.00011512207990887852,0
RR-04446,6.537869750484293e-05,0
RR-04447,0.00015793166047177906,0
RR-04448,8.534024556697017e-05,0
RR-04449,0.00013645319276735913,0
RR-04450,7.839750484877477e-05,0
RR-04451,0.0003830921567260612,0
RR-04452,2.8066164483329296e-05,0
RR-04453,7.462498280461182e-05,0
RR-04454,0.00018187697498495196,0
RR-04455,3.45130290641161e-05,0
RR-04456,0.0006538669421503251,0
RR-04457,8.929698110666579e-05,0
RR-04458,8.943629992870064e-05,0
RR-04459,6.265589110776054e-05,0
RR-04460,0.00023097384665416205,0
RR-04461,7.445096871924925e-05,0
RR-04462,0.00011486597350469395,0
RR-04463,0.0002322052201015007,0
RR-04464,3.165065408011788e-05,0
RR-04465,0.0002000229418559689,0
RR-04466,0.00010067087646717278,0
RR-04467,0.4300766446992879,0
RR-04468,0.00034136360631217334,0
RR-04469,3.093207056840595e-05,0
RR-04470,5.2407043965096796e-05,0
RR-04471,0.0002642614019813657,0
RR-04472,4.475245452548892e-05,0
RR-04473,0.00016542157064815293,0
RR-04474,0.0002700963314922995,0
RR-04475,0.8668901843522842,1
RR-04476,4.491982078090963e-05,0
RR-04477,8.185606749225726e-05,0
RR-04478,0.0016625164853369323,0
RR-04479,5.6353208352464805e-05,0
RR-04480,0.00024344366682170328,0
RR-04481,7.509099280308656e-05,0
RR-04482,0.0330074538513131,0
RR-04483,0.0020119408542987145,0
RR-04484,7.862983506471481e-05,0
RR-04485,0.0001569369837390048,0
RR-04486,0.00015297181300687193,0
RR-04487,6.423347395263948e-05,0
RR-04488,4.431460246813613e-05,0
RR-04489,0.00016086733554044385,0
RR-04490,6.354447150704433e-05,0
RR-04491,0.00013251966220601352,0
RR-04492,0.00018002620169562145,0
RR-04493,0.00036472089381395,0
RR-04494,0.0005133898227686512,0
RR-04495,5.862131631622004e-05,0
RR-04496,0.00010358522559622268,0
RR-04497,3.294712412654498e-05,0
RR-04498,0.00014407593198023346,0
RR-04499,0.0001249793470415193,0
RR-04500,0.0762075926544515,0
RR-04501,0.00030575478759588,0
RR-04502,9.260108086882228e-05,0
RR-04503,5.734494614273002e-05,0
RR-04504,2.654705527619903e-05,0
RR-04505,7.315233884940552e-05,0
RR-04506,0.03503182537646255,0
RR-04507,5.368782915196855e-05,0
RR-04508,3.287273153181381e-05,0
RR-04509,5.152559438736614e-05,0
RR-04510,3.3341663753917794e-05,0
RR-04511,3.834734230250767e-05,0
RR-04512,8.846157707978845e-05,0
RR-04513,0.0004268502043269031,0
RR-04514,7.64744873023915e-05,0
RR-04515,0.00011050353530384987,0
RR-04516,0.003788598084276057,0
RR-04517,0.056965517579207,1
RR-04518,0.00019523681340603496,0
RR-04519,8.861216505290565e-05,0
RR-04520,6.263777922740771e-05,0
RR-04521,0.004735515238106152,0
RR-04522,0.0004960179121800184,0
RR-04523,0.0006765616348416935,0
RR-04524,6.497862146564796e-05,0
RR-04525,0.00015995580437408742,0
RR-04526,3.1968969121058064e-05,0
RR-04527,0.0006956499919551743,0
RR-04528,3.552331206847294e-05,0
RR-04529,5.0644528530324885e-05,0
RR-04530,0.00033618732549148836,0
RR-04531,6.905175784491764e-05,0
RR-04532,0.000365616666611805,0
RR-04533,9.575173748666265e-05,0
RR-04534,0.0003346172421597506,0
RR-04535,0.0008784585386908376,0
RR-04536,4.2036032608979606e-05,0
RR-04537,0.0009196456374708604,0
RR-04538,3.8277715388038426e-05,0
RR-04539,4.7706408698199104e-05,0
RR-04540,3.799498674325101e-05,0
RR-04541,7.530063214264883e-05,0
RR-04542,4.02320169131304e-05,0
RR-04543,8.381456887386684e-05,0
RR-04544,0.013032097979438672,0
RR-04545,5.282426563880024e-05,0
RR-04546,3.6582543318207403e-05,0
RR-04547,0.08989362840572715,0
RR-04548,0.0023740637572473647,0
RR-04549,6.372522186148627e-05,0
RR-04550,3.917564435465927e-05,0
RR-04551,4.1742714972339994e-05,0
RR-04552,0.00011489944867791618,0
RR-04553,0.00011652879871862957,0
RR-04554,9.433792288915307e-05,0
RR-04555,0.0001756760818085768,0
RR-04556,0.00012337755306067054,0
RR-04557,8.80541350435665e-05,0
RR-04558,0.00016127740584474782,0
RR-04559,0.00013309965434232904,0
RR-04560,7.112863946047818e-05,0
RR-04561,0.00019688077543508526,0
RR-04562,0.003909015242620741,0
RR-04563,0.00010784543474729274,0
RR-04564,0.00010047433957563266,0
RR-04565,0.00012568904361452086,0
RR-04566,0.0004397123528967478,0
RR-04567,3.340226482599156e-05,0
RR-04568,4.7876070829010544e-05,0
RR-04569,0.00019217855819507864,0
RR-04570,6.0584602798414504e-05,0
RR-04571,0.01575120857712448,0
RR-04572,8.906440919661924e-05,0
RR-04573,0.0003427142583286611,0
RR-04574,9.261088912085148e-05,0
RR-04575,6.500917252694895e-05,0
RR-04576,3.0721448988299406e-05,0
RR-04577,0.00016035504503004712,0
RR-04578,0.0009455128247276685,0
RR-04579,6.700060000974133e-05,0
RR-04580,0.00020444660579709746,0
RR-04581,3.3941896534280557e-05,0
RR-04582,0.00014920672544315353,0
RR-04583,0.00013939378625470232,0
RR-04584,3.297167961900729e-05,0
RR-04585,0.00010707214784858385,0
RR-04586,7.14217072095609e-05,0
RR-04587,4.2040320723758956e-05,0
RR-04588,5.567011709532373e-05,0
RR-04589,0.0002717287060472514,0
RR-04590,0.0001590738894016857,0
RR-04591,5.981942900020041e-05,0
RR-04592,0.00010680422863296114,0
RR-04593,0.0002436873671450204,0
RR-04594,5.050485060147477e-05,0
RR-04595,5.539550736172957e-05,0
RR-04596,0.0016071205163061646,0
RR-04597,4.103741274168096e-05,0
RR-04598,9.540060175953725e-05,0
RR-04599,7.457512518920767e-05,0
RR-04600,9.184450609005102e-05,0
RR-04601,5.13456480373209e-05,0
RR-04602,3.718761859009806e-05,0
RR-04603,7.007579312175186e-05,0
RR-04604,8.633186280076457e-05,0
RR-04605,0.0011092812305805886,0
RR-04606,0.0002384190653437912,0
RR-04607,0.0015072532756787397,0
RR-04608,0.00021223234903315846,0
RR-04609,0.00016844612575844757,0
RR-04610,4.9599885251434986e-05,0
RR-04611,0.00029608480949230154,0
RR-04612,5.476169767104226e-05,0
RR-04613,0.00017369723320805175,0
RR-04614,0.0005682743119208542,0
RR-04615,0.0005715624961775852,0
RR-04616,5.326708072915087e-05,0
RR-04617,0.0005931119106043054,0
RR-04618,9.7824389225426e-05,0
RR-04619,0.001221898069006397,0
RR-04620,0.00029794331134737144,0
RR-04621,3.721103017051914e-05,0
RR-04622,3.819667346724689e-05,0
RR-04623,7.46375868252622e-05,0
RR-04624,6.356373798327169e-05,0
RR-04625,0.0002628493552441603,0
RR-04626,0.0002311864064721018,0
RR-04627,8.242963248531856e-05,0
RR-04628,8.303690494009826e-05,0
RR-04629,0.0004952495812622182,0
RR-04630,0.00017228169609252042,0
RR-04631,5.413652985997659e-05,0
RR-04632,3.9671398582042094e-05,0
RR-04633,0.0001238155754289615,0
RR-04634,0.000215635800056428,0
RR-04635,0.0010514278704353913,0
RR-04636,4.676287194340698e-05,0
RR-04637,4.7772620847656735e-05,0
RR-04638,2.941988646873253e-05,0
RR-04639,0.00010773621190722868,0
RR-04640,0.00039338593634223834,0
RR-04641,3.428249314427004e-05,0
RR-04642,0.00014055015550784022,0
RR-04643,6.34298545933694e-05,0
RR-04644,3.892974517069181e-05,0
RR-04645,3.50132760611758e-05,0
RR-04646,2.6936434738421678e-05,0
RR-04647,0.00016067082488411681,0
RR-04648,7.79135328001426e-05,0
RR-04649,0.00013171585489260405,0
RR-04650,0.00021566583037243255,0
RR-04651,0.004979234783958766,0
RR-04652,0.0005493225605804075,0
RR-04653,7.488810790905896e-05,0
RR-04654,5.4932111139305883e-05,0
RR-04655,0.2778161211208975,0
RR-04656,0.0009493849739026118,0
RR-04657,0.0001813564046096059,0
RR-04658,0.0002634196352942587,0
RR-04659,9.03111272160861e-05,0
RR-04660,0.00019410049396798368,0
RR-04661,0.00018296816034677033,0
RR-04662,6.909385840573102e-05,0
RR-04663,5.470515890780636e-05,0
RR-04664,8.517928273494631e-05,0
RR-04665,9.44627817147562e-05,0
RR-04666,6.558976918224878e-05,0
RR-04667,3.9888905729369965e-05,0
RR-04668,0.00019510947278161302,0
RR-04669,0.00019985348699870696,0
RR-04670,0.00038887301195112003,0
RR-04671,6.004945808454348e-05,0
RR-04672,0.00600111427130098,0
RR-04673,0.00013126148491266005,0
RR-04674,0.000119852114702133,0
RR-04675,0.00013673581932879806,0
RR-04676,7.636772852672225e-05,0
RR-04677,0.00033621354603043124,0
RR-04678,4.5472927711866076e-05,0
RR-04679,4.908266360476346e-05,0
RR-04680,7.419942360731062e-05,0
RR-04681,0.004448079673821056,0
RR-04682,3.744676023231472e-05,0
RR-04683,0.9306165666559907,1
RR-04684,0.0001365762535029417,0
RR-04685,0.00013725996643546793,0
RR-04686,0.0006948226638820436,0
RR-04687,4.0968862315244524e-05,0
RR-04688,5.9391566768166546e-05,0
RR-04689,9.721258328478717e-05,0
RR-04690,0.0006310784913844233,0
RR-04691,9.96804949238591e-05,0
RR-04692,7.474979971281952e-05,0
RR-04693,0.000153523450467602,0
RR-04694,0.00016438247513705795,0
RR-04695,0.9146017883240445,1
RR-04696,0.00011070094878954577,0
RR-04697,5.397834877802234e-05,0
RR-04698,0.00011347781181421679,0
RR-04699,8.442849345657943e-05,0
RR-04700,0.00024663217051475433,0
RR-04701,0.0015893400933576492,0
RR-04702,4.5434062391326364e-05,0
RR-04703,8.783465833165957e-05,0
RR-04704,4.6220843827115734e-05,0
RR-04705,0.00022691740834230017,0
RR-04706,9.380236259734105e-05,0
RR-04707,6.946721380597548e-05,0
RR-04708,0.0005634691066512387,0
RR-04709,6.560984044806462e-05,0
RR-04710,6.734014308494385e-05,0
RR-04711,0.0001339350448710396,0
RR-04712,0.00018392305542476542,0
RR-04713,8.170573402965766e-05,0
RR-04714,7.167189980766968e-05,0
RR-04715,3.988217815494911e-05,0
RR-04716,0.00010852138874746021,0
RR-04717,2.7699000743739292e-05,0
RR-04718,0.8529324563951228,0
RR-04719,3.557494011017782e-05,0
RR-04720,0.0021697833440627924,0
RR-04721,8.49424200618708e-05,0
RR-04722,3.92499328485043e-05,0
RR-04723,0.00045399029947917343,0
RR-04724,8.823205860598484e-05,0
RR-04725,5.166792475829676e-05,0
RR-04726,6.614585624697303e-05,0
RR-04727,6.36332744488271e-05,0
RR-04728,0.00021281844327667408,0
RR-04729,7.759463916019282e-05,0
RR-04730,0.00021777383893332105,0
RR-04731,3.237194408238379e-05,0
RR-04732,0.00025394299040612826,0
RR-04733,0.00014478774541174552,0
RR-04734,6.965058525817722e-05,0
RR-04735,0.00017828582674471905,0
RR-04736,4.6681381251853854e-05,0
RR-04737,3.8290035338297156e-05,0
RR-04738,5.2121438811477895e-05,0
RR-04739,0.00012744351529592817,0
RR-04740,0.0001848338584204459,0
RR-04741,6.528593174222516e-05,0
RR-04742,3.948474949668396e-05,0
RR-04743,6.059824420722508e-05,0
RR-04744,5.36667138321771e-05,0
RR-04745,0.0004478134977968557,0
RR-04746,3.890600586190162e-05,0
RR-04747,6.437061428905853e-05,0
RR-04748,0.0003771916026076063,0
RR-04749,3.71195836075273e-05,0
RR-04750,4.048547887221324e-05,0
RR-04751,4.572551674336706e-05,0
RR-04752,0.00019259658380644216,0
RR-04753,0.00042696248742658203,0
RR-04754,3.574400466959307e-05,0
RR-04755,6.813346276525692e-05,0
RR-04756,0.0001011619595998389,0
RR-04757,0.00012486279124475014,0
RR-04758,4.9694728521278774e-05,0
RR-04759,4.2569709272822304e-05,0
RR-04760,0.0014896793356028641,0
RR-04761,3.3334728629061034e-05,0
RR-04762,0.0003772507746490875,0
RR-04763,4.618688542814525e-05,0
RR-04764,4.220570577192366e-05,0
RR-04765,0.000346272883325201,0
RR-04766,3.453135188347824e-05,0
RR-04767,7.062176525105671e-05,0
RR-04768,4.824149899073356e-05,0
RR-04769,0.00019916494129575198,0
RR-04770,0.009319497611196811,0
RR-04771,0.0002901561689592189,0
RR-04772,7.237311799444583e-05,0
RR-04773,7.783334614647192e-05,0
RR-04774,4.109373109981923e-05,0
RR-04775,0.00011634859679012992,0
RR-04776,2.86519698836075e-05,0
RR-04777,0.00011899766151092298,0
RR-04778,6.17573222598493e-05,0
RR-04779,4.339920137447576e-05,0
RR-04780,0.00023293536237852964,0
RR-04781,8.829852157291329e-05,0
RR-04782,8.963671245264386e-05,0
RR-04783,0.8996098857983522,1
RR-04784,2.7774127902471273e-05,0
RR-04785,7.277052057918268e-05,0
RR-04786,6.372562263363927e-05,0
RR-04787,0.00011452919733503407,0
RR-04788,0.000199155731976228,0
RR-04789,2.809362393362914e-05,0
RR-04790,5.1693783045103e-05,0
RR-04791,4.52460481112788e-05,0
RR-04792,2.890177035781125e-05,0
RR-04793,6.559547364558709e-05,0
RR-04794,0.00012534476456123528,0
RR-04795,3.1283850045264475e-05,0
RR-04796,5.0976870738226796e-05,0
RR-04797,2.9070703382105423e-05,0
RR-04798,7.033482191478266e-05,0
RR-04799,3.724839798829696e-05,0
RR-04800,5.225690990026904e-05,0
RR-04801,0.00013628533472556317,0
RR-04802,0.0002121210429292782,0
RR-04803,0.0004513624296500397,0
RR-04804,9.630697897030786e-05,0
RR-04805,8.984023121835957e-05,0
RR-04806,7.253230134489565e-05,0
RR-04807,0.0001394413441234886,0
RR-04808,8.85156445365569e-05,0
RR-04809,4.1273132648125e-05,0
RR-04810,4.128005836849823e-05,0
RR-04811,0.19632622372172934,0
RR-04812,7.531841452431106e-05,0
RR-04813,5.5718898031794595e-05,0
RR-04814,0.45296793929828894,1
RR-04815,0.0007683517342639071,0
RR-04816,7.268273590799969e-05,0
RR-04817,0.0012036353389069635,0
RR-04818,8.847469170171486e-05,0
RR-04819,5.1055998185334836e-05,0
RR-04820,0.00010984691857004082,0
RR-04821,0.0003075777809393929,0
RR-04822,6.139944368546406e-05,0
RR-04823,0.002160908682590832,0
RR-04824,5.2567153210159545e-05,0
RR-04825,4.763984985310001e-05,0
RR-04826,6.423185081055392e-05,0
RR-04827,0.010017846085322453,0
RR-04828,0.00022318219442893643,0
RR-04829,7.699302843029993e-05,0
RR-04830,3.483066931187986e-05,0
RR-04831,4.566498066151347e-05,0
RR-04832,0.00016218076440064212,0
RR-04833,9.090774659471258e-05,0
RR-04834,9.32864180496486e-05,0
RR-04835,2.6450413135790155e-05,0
RR-04836,0.0008249239368135503,0
RR-04837,3.9402449401373516e-05,0
RR-04838,7.445096871924925e-05,0
RR-04839,6.160191234712302e-05,0
RR-04840,9.577833394687366e-05,0
RR-04841,0.0001560867782426705,0
RR-04842,3.574016474922834e-05,0
RR-04843,7.712682884761582e-05,0
RR-04844,0.0002029373734621007,0
RR-04845,3.1088030533529695e-05,0
RR-04846,5.350329631349873e-05,0
RR-04847,8.008829232825132e-05,0
RR-04848,3.206302327145753e-05,0
RR-04849,0.00017619607298891365,0
RR-04850,3.9558878410837364e-05,0
RR-04851,7.83648933898431e-05,0
RR-04852,6.0848328238784925e-05,0
RR-04853,4.98178262304302e-05,0
RR-04854,0.00010473966625768753,0
RR-04855,3.702296528023224e-05,0
RR-04856,7.329213301564807e-05,0
RR-04857,3.4634515164075896e-05,0
RR-04858,7.238193457428197e-05,0
RR-04859,4.374242621682676e-05,0
RR-04860,0.20468339257876741,0
RR-04861,0.0007435648157879839,0
RR-04862,8.38258786945865e-05,0
RR-04863,0.003446600950994503,0
RR-04864,4.239022331809518e-05,0
RR-04865,6.493079064243887e-05,0
RR-04866,5.3690736550412806e-05,0
RR-04867,0.07745579535566027,0
RR-04868,3.748134674820223e-05,0
RR-04869,0.0008954052477764634,0
RR-04870,0.00017502317040471522,0
RR-04871,6.292163303245366e-05,0
RR-04872,0.00018468844720920366,0
RR-04873,0.00917761591216722,0
RR-04874,7.176745496316636e-05,0
RR-04875,0.00012270268170107998,0
RR-04876,6.103532557280555e-05,0
RR-04877,4.925232101930063e-05,0
RR-04878,7.38844199112478e-05,0
RR-04879,0.00012632023161335002,0
RR-04880,4.56647665445034e-05,0
RR-04881,4.046135158712077e-05,0
RR-04882,5.0532623379004466e-05,0
RR-04883,4.196980222890574e-05,0
RR-04884,0.00017314026557829678,0
RR-04885,8.393679007337878e-05,0
RR-04886,0.0001036218796409017,0
RR-04887,8.115829419405289e-05,0
RR-04888,3.954802128768844e-05,0
RR-04889,5.7453049959945544e-05,0
RR-04890,0.9253851468410645,1
RR-04891,4.253342216994551e-05,0
RR-04892,0.5881589020304713,1
RR-04893,4.101540293679659e-05,0
RR-04894,4.051517175611368e-05,0
RR-04895,0.00010571153080367227,0
RR-04896,7.606585007304833e-05,0
RR-04897,0.00013143482569670466,0
RR-04898,4.352566474380421e-05,0
RR-04899,9.379093623646334e-05,0
RR-04900,0.014180808689304523,0
RR-04901,0.00259727117466156,0
RR-04902,0.0001013059608714888,0
RR-04903,0.0004375057294794342,0
RR-04904,6.281425768493948e-05,0
RR-04905,4.452239557114836e-05,0
RR-04906,8.79820245094788e-05,0
RR-04907,0.00016983301700234998,0
RR-04908,5.674506684386128e-05,0
RR-04909,0.00013668483808193364,0
RR-04910,8.308680533762612e-05,0
RR-04911,0.00022530698854317526,0
RR-04912,4.805046117121601e-05,0
RR-04913,0.00015423049435750824,0
RR-04914,0.0190765994071257,0
RR-04915,0.0002047425683211959,0
RR-04916,6.049685851403959e-05,0
RR-04917,8.18209087936979e-05,0
RR-04918,0.0001417889051227159,0
RR-04919,0.00019447185056388177,0
RR-04920,5.676631694398773e-05,0
RR-04921,0.00041450011945070794,0
RR-04922,5.6319721693610045e-05,0
RR-04923,4.194103780350079e-05,0
RR-04924,9.189676568161917e-05,0
RR-04925,0.0006482664329782981,0
RR-04926,0.00018550411821763432,0
RR-04927,0.00011497252595493996,0
RR-04928,5.147781469521033e-05,0
RR-04929,0.00028499198849487017,0
RR-04930,3.654568974679557e-05,0
RR-04931,0.00015618472081897284,0
RR-04932,0.0002695336409743761,0
RR-04933,3.858235471524118e-05,0
RR-04934,0.8621699746102374,1
RR-04935,6.514513770651417e-05,0
RR-04936,0.723364659752939,1
RR-04937,4.334367614598745e-05,0
RR-04938,0.00032976729849019937,0
RR-04939,0.00021810138309388556,0
RR-04940,0.002921947070780468,0
RR-04941,8.86263953275274e-05,0
RR-04942,9.196345558633035e-05,0
RR-04943,0.018718351589427012,0
RR-04944,4.334046834176348e-05,0
RR-04945,0.00010948764961740142,0
RR-04946,9.989237736737437e-05,0
RR-04947,0.0006905306286563922,0
RR-04948,8.699027327913372e-05,0
RR-04949,0.00011410478957991494,0
RR-04950,4.284587827491467e-05,0
RR-04951,8.007113163325229e-05,0
RR-04952,0.00027022918148294155,0
RR-04953,0.0001433227833390728,0
RR-04954,0.00010455521256731862,0
RR-04955,0.002227404875837587,0
RR-04956,0.00017790530984505934,0
RR-04957,5.477352013183547e-05,0
RR-04958,0.0001392722653974705,0
RR-04959,0.00016751819731667124,0
RR-04960,0.001475882739012756,0
RR-04961,9.031069218624874e-05,0
RR-04962,9.19629290545514e-05,0
RR-04963,0.0002754307570709171,0
RR-04964,9.269626879184785e-05,0
RR-04965,3.41939918925178e-05,0
RR-04966,5.55990073479812e-05,0
RR-04967,5.372615227691127e-05,0
RR-04968,0.00014403055442745072,0
RR-04969,0.00038239474239961215,0
RR-04970,9.691483304058641e-05,0
RR-04971,0.0001291473971086705,0
RR-04972,6.058570264909974e-05,0
RR-04973,7.506541961276354e-05,0
RR-04974,0.4281511788048018,0
RR-04975,0.00022887358318466727,0
RR-04976,0.0002445078804945813,0
RR-04977,9.829031860057967e-05,0
RR-04978,6.962258411576934e-05,0
RR-04979,3.79107076620025e-05,0
RR-04980,0.0008669078685333955,0
RR-04981,0.00016628442091911195,0
RR-04982,0.00014715355600343933,0
RR-04983,4.679021955704397e-05,0
RR-04984,4.556476081116435e-05,0
RR-04985,5.180399200454814e-05,0
RR-04986,6.894549045438004e-05,0
RR-04987,9.218199820460787e-05,0
RR-04988,5.632312812630114e-05,0
RR-04989,6.590589278976585e-05,0
RR-04990,9.898819478388475e-05,0
RR-04991,0.0010934059466821385,0
RR-04992,7.65334393326454e-05,0
RR-04993,4.188939304437529e-05,0
RR-04994,9.302078176713378e-05,0
RR-04995,7.776315822217688e-05,0
RR-04996,0.00010821373805009801,0
RR-04997,0.00013204803047612104,0
RR-04998,0.022855693392358996,0
RR-04999,4.475507661647771e-05,0
RR-05000,0.00012140236568761632,0
RR-05001,5.3834651546169833e-05,0
RR-05002,9.19067797042311e-05,0
RR-05003,3.832503266321834e-05,0
RR-05004,0.00012687428255202338,0
RR-05005,0.00011580004160193325,0
RR-05006,6.626331099611299e-05,0
RR-05007,5.525931300695353e-05,0
RR-05008,6.997416529569093e-05,0
RR-05009,0.0003034889448493339,0
RR-05010,0.0012302876149412455,0
RR-05011,6.46559065839486e-05,0
RR-05012,7.158616550961911e-05,0
RR-05013,3.465775432768147e-05,0
RR-05014,0.00012064556335030292,0
RR-05015,5.2393988211965584e-05,0
RR-05016,6.528347666701081e-05,0
RR-05017,3.847347275108489e-05,0
RR-05018,8.838436836623633e-05,0
RR-05019,0.0006015605653290862,0
RR-05020,5.714371046575936e-05,0
RR-05021,4.968204354189444e-05,0
RR-05022,0.0019670580184037176,0
RR-05023,0.00011179792896933276,0
RR-05024,0.00033327999982314443,0
RR-05025,7.776111551906572e-05,0
RR-05026,5.025254938831144e-05,0
RR-05027,0.0007699195963233265,0
RR-05028,8.848115219463393e-05,0
RR-05029,8.926140954524139e-05,0
RR-05030,2.9031111457074605e-05,0
RR-05031,9.30145553497193e-05,0
RR-05032,0.00010514189214954562,0
RR-05033,0.0010281438031338496,0
RR-05034,7.592523809901705e-05,0
RR-05035,7.664902401016341e-05,0
RR-05036,4.228345109544046e-05,0
RR-05037,0.00010581679267193114,0
RR-05038,4.169324730315353e-05,0
RR-05039,0.0003131522201102606,0
RR-05040,8.479916847812606e-05,0
RR-05041,0.00013345406774671433,0
RR-05042,0.2824635079908913,0
RR-05043,0.00028161692049935626,0
RR-05044,0.0005749677325944377,0
RR-05045,0.00016754341030167705,0
RR-05046,0.00012666796125718804,0
RR-05047,0.0004060460891187092,0
RR-05048,0.00023282484099392505,0
RR-05049,8.187590730669284e-05,0
RR-05050,3.590822587814924e-05,0
RR-05051,6.757960971622129e-05,0
RR-05052,6.804369205139541e-05,0
RR-05053,8.161812408179436e-05,0
RR-05054,0.0001080331300124836,0
RR-05055,0.0001319053478031506,0
RR-05056,5.665822414603769e-05,0
RR-05057,0.00021861533960785824,0
RR-05058,0.00034551946576791645,0
RR-05059,0.00024792840944968825,0
RR-05060,3.3404660870191796e-05,0
RR-05061,0.0009755907306376366,0
RR-05062,0.009402111853857814,0
RR-05063,0.00020552740682185645,0
RR-05064,6.374062130739263e-05,0
RR-05065,3.9444821355208636e-05,0
RR-05066,0.00011953439886739905,0
RR-05067,3.339638521357217e-05,0
RR-05068,7.259656828243156e-05,0
RR-05069,3.130702412072731e-05,0
RR-05070,0.9933645745276378,1
RR-05071,0.08702872449201562,1
RR-05072,0.0019505344005185286,1
RR-05073,0.00015037574340786834,0
RR-05074,4.3406379227313686e-05,0
RR-05075,0.00019121605428980214,0
RR-05076,3.6997623840905405e-05,0
RR-05077,3.5416809953723524e-05,0
RR-05078,6.866157881362488e-05,0
RR-05079,0.00013189618005103064,0
RR-05080,8.659810603288676e-05,0
RR-05081,5.185374842491473e-05,0
RR-05082,3.3009170435999666e-05,0
RR-05083,0.032346057263916685,0
RR-05084,8.235257924290856e-05,0
RR-05085,0.43859791840158646,0
RR-05086,0.00020397556089791832,0
RR-05087,5.4561980680433705e-05,0
RR-05088,0.00046482387102805947,0
RR-05089,2.6474093981128284e-05,0
RR-05090,0.00910585049242045,0
RR-05091,0.00012092369746680152,0
RR-05092,3.96252223821394e-05,0
RR-05093,0.8935494623041764,1
RR-05094,4.779520627877097e-05,0
RR-05095,0.00021035413936955227,0
RR-05096,8.495835338806127e-05,0
RR-05097,7.962407297488417e-05,0
RR-05098,0.0009260354902170261,0
RR-05099,0.0005735610203252437,0
RR-05100,9.90290564059054e-05,0
RR-05101,0.00020524043170859032,0
RR-05102,0.9476166329575115,1
RR-05103,4.7689956623876715e-05,0
RR-05104,0.0023487120240609023,0
RR-05105,7.526353476778144e-05,0
RR-05106,0.8576279913873222,0
RR-05107,6.405606287004754e-05,0
RR-05108,0.0001278626766175407,0
RR-05109,0.0016613261851350257,0
RR-05110,0.0002588203154932401,0
RR-05111,8.708721159464884e-05,0
RR-05112,4.345597229462798e-05,0
RR-05113,6.584590981386504e-05,0
RR-05114,0.00010532697791537733,0
RR-05115,6.490631836960273e-05,0
RR-05116,0.0018390880542933398,0
RR-05117,0.002603314178136214,0
RR-05118,3.0472348726789676e-05,0
RR-05119,0.001744649320394532,0
RR-05120,0.00017486414937260088,0
RR-05121,0.0002472820224440827,0
RR-05122,0.00011838164327695753,0
RR-05123,6.456245881191196e-05,0
RR-05124,0.00014712263710972708,0
RR-05125,8.699216963254276e-05,0
RR-05126,8.804129349629688e-05,0
RR-05127,0.00021951365572107066,0
RR-05128,3.662072179694473e-05,0
RR-05129,4.690817579126194e-05,0
RR-05130,4.9278387189530713e-05,0
RR-05131,6.31486481243794e-05,0
RR-05132,0.0011157447740398068,0
RR-05133,0.00015636834189489254,0
RR-05134,0.026415519210666077,0
RR-05135,0.00017477726187516135,0
RR-05136,0.0003406223899256333,0
RR-05137,7.748010194744083e-05,0
RR-05138,0.000428189554697296,0
RR-05139,0.0003627832429084126,0
RR-05140,6.04678735488253e-05,0
RR-05141,7.229827273704007e-05,0
RR-05142,0.0005186090435586683,0
RR-05143,8.960667404754027e-05,0
RR-05144,0.00016562077107412586,0
RR-05145,9.673258147992172e-05,0
RR-05146,0.29641289640428414,0
RR-05147,5.356717666541538e-05,0
RR-05148,6.102812077561358e-05,0
RR-05149,3.6351232488608265e-05,0
RR-05150,3.148853572882984e-05,0
RR-05151,2.7144013836271192e-05,0
RR-05152,3.968736466607093e-05,0
RR-05153,6.52112419643228e-05,0
RR-05154,5.488551890820846e-05,0
RR-05155,5.1667934543048144e-05,0
RR-05156,8.12226520335581e-05,0
RR-05157,0.00013272136500843063,0
RR-05158,0.0004158230067569314,0
RR-05159,0.9427374074514049,1
RR-05160,0.0001622093913431435,0
RR-05161,0.00017944827629842838,0
RR-05162,5.9361796150307305e-05,0
RR-05163,3.6602604774447704e-05,0
RR-05164,5.502797535848247e-05,0
RR-05165,0.0005656052195230315,0
RR-05166,5.48285612279606e-05,0
RR-05167,0.00012276750280902242,0
RR-05168,0.00021168920345149235,0
RR-05169,0.012409967938967223,0
RR-05170,0.8241460340060247,1
RR-05171,4.506057940969122e-05,0
RR-05172,3.6732407160594763e-05,0
RR-05173,0.02007966832613566,0
RR-05174,0.00022935993839158647,0
RR-05175,4.964637128224142e-05,0
RR-05176,8.842448478285787e-05,0
RR-05177,4.7854846569949924e-05,0
RR-05178,0.00013397685094908892,0
RR-05179,6.10377119067221e-05,0
RR-05180,0.000528287616215646,0
RR-05181,3.557978924381899e-05,0
RR-05182,0.00015943249758341757,0
RR-05183,9.083708703725177e-05,0
RR-05184,5.093929790987845e-05,0
RR-05185,9.488630258121104e-05,0
RR-05186,0.0001760426641518294,0
RR-05187,5.754590305118823e-05,0
RR-05188,0.0005050710337361942,0
RR-05189,0.001283507618124361,0
RR-05190,5.1914105759453513e-05,0
RR-05191,0.013175512704686256,0
RR-05192,0.00010063451327879639,0
RR-05193,5.1588006184759486e-05,0
RR-05194,9.819377304991392e-05,0
RR-05195,7.559523517193245e-05,0
RR-05196,0.00010196797293208698,0
RR-05197,0.00018091921141797767,0
RR-05198,0.0004797973907540521,0
RR-05199,0.00011646739640343758,0
RR-05200,0.0002500433176044245,0
RR-05201,0.0004389003203982059,0
RR-05202,0.00010818310903356277,0
RR-05203,6.237245556761317e-05,0
RR-05204,5.573812325940756e-05,0
RR-05205,0.0022423664768354166,0
RR-05206,4.4272193074877686e-05,0
RR-05207,0.0010446519056726492,0
RR-05208,0.00013427465433787903,0
RR-05209,2.8459196082324714e-05,0
RR-05210,4.316289301460369e-05,0
RR-05211,3.3313753847220654e-05,0
RR-05212,7.64500780483662e-05,0
RR-05213,0.9562453206774928,1
RR-05214,0.00011045231079020186,0
RR-05215,9.239087516466578e-05,0
RR-05216,8.240154078839192e-05,0
RR-05217,9.246050348759461e-05,0
RR-05218,5.480862127467702e-05,0
RR-05219,0.0009548070001381591,0
RR-05220,5.2199427858813516e-05,0
RR-05221,4.890929762412163e-05,0
RR-05222,0.0003615977876111844,0
RR-05223,0.00011812477533875047,0
RR-05224,0.00028865637378112685,0
RR-05225,0.00011170300516060775,0
RR-05226,6.106829127510662e-05,0
RR-05227,8.949248409468859e-05,0
RR-05228,0.0002458475383368566,0
RR-05229,4.110634491999816e-05,0
RR-05230,3.3745106001262905e-05,0
RR-05231,0.00020569815371900279,0
RR-05232,4.319813581724259e-05,0
RR-05233,7.369906817077832e-05,0
RR-05234,4.1952176398506344e-05,0
RR-05235,0.00037889237885900247,0
RR-05236,0.00012307384143144757,0
RR-05237,4.815992651860474e-05,0
RR-05238,0.0002248778751767797,0
RR-05239,7.736613662488142e-05,0
RR-05240,4.1420708271205716e-05,0
RR-05241,0.00015600638978851452,0
RR-05242,7.206879002434326e-05,0
RR-05243,0.00032848288513643166,0
RR-05244,0.0020283538838845117,0
RR-05245,3.278337135661942e-05,0
RR-05246,0.00011727244461966843,0
RR-05247,0.019063262973515543,0
RR-05248,0.0009715604050270014,0
RR-05249,6.914492955719561e-05,0
RR-05250,5.899622897720421e-05,0
RR-05251,4.432398132766751e-05,0
RR-05252,0.0003275310515435261,0
RR-05253,5.059367735207591e-05,0
RR-05254,0.00016672176811121907,0
RR-05255,6.482348086471122e-05,0
RR-05256,7.714059762403579e-05,0
RR-05257,7.814452973375146e-05,0
RR-05258,0.0001301317566764739,0
RR-05259,8.515516118561907e-05,0
RR-05260,3.657901251127508e-05,0
RR-05261,5.640436337163386e-05,0
RR-05262,5.707221593013605e-05,0
RR-05263,0.00019566367466901244,0
RR-05264,2.9065175840894688e-05,0
RR-05265,8.341759002305333e-05,0
RR-05266,0.00030020709099028094,0
RR-05267,6.486154796496721e-05,0
RR-05268,5.02935089768702e-05,0
RR-05269,5.669991932212617e-05,0
RR-05270,5.7453200769240866e-05,0
RR-05271,0.0001093038147907233,0
RR-05272,7.349545494067942e-05,0
RR-05273,6.538325522692498e-05,0
RR-05274,4.268236256825176e-05,0
RR-05275,4.74567043661353e-05,0
RR-05276,3.6816543838965467e-05,0
RR-05277,4.741786123409161e-05,0
RR-05278,6.337567074191151e-05,0
RR-05279,0.00047954464484692693,0
RR-05280,0.0001254400676625903,0
RR-05281,0.00010065200742233381,0
RR-05282,8.232894053013124e-05,0
RR-05283,8.014353051118062e-05,0
RR-05284,3.888766052275432e-05,0
RR-05285,0.00020107513212669735,0
RR-05286,4.5053546355034074e-05,0
RR-05287,0.784183817416114,1
RR-05288,3.326675845991739e-05,0
RR-05289,0.0007159639970116388,0
RR-05290,0.00010789390458852738,0
RR-05291,9.280418081149505e-05,0
RR-05292,3.2293379093895365e-05,0
RR-05293,0.0008623573515327894,0
RR-05294,5.5442393676786715e-05,0
RR-05295,0.0004971029356578184,0
RR-05296,4.7712472035231086e-05,0
RR-05297,5.570450128100211e-05,0
RR-05298,0.00019397868679800638,0
RR-05299,5.9524061406433325e-05,0
RR-05300,0.00011332457536745145,0
RR-05301,5.930952674521422e-05,0
RR-05302,5.026237236845136e-05,0
RR-05303,8.676193699378596e-05,0
RR-05304,4.050599383893528e-05,0
RR-05305,0.00022852110805704473,0
RR-05306,3.064033649879062e-05,0
RR-05307,6.0221704232304556e-05,0
RR-05308,9.12491058399341e-05,0
RR-05309,0.00010855799025078543,0
RR-05310,3.696792013924709e-05,0
RR-05311,0.00015796146757316495,0
RR-05312,0.00036158519235254843,0
RR-05313,0.00023312782653973918,0
RR-05314,6.308824129859714e-05,0
RR-05315,0.0003007530332651993,0
RR-05316,0.012936378283575167,0
RR-05317,0.0007404793074127936,0
RR-05318,4.4069142230414994e-05,0
RR-05319,5.620105363076565e-05,0
RR-05320,0.00034179716735467826,0
RR-05321,4.852267937282517e-05,0
RR-05322,0.00021198852559513862,0
RR-05323,0.0002222918879815544,0
RR-05324,5.081315237595378e-05,0
RR-05325,9.122988677672368e-05,0
RR-05326,9.319289848774435e-05,0
RR-05327,0.003036007526815702,0
RR-05328,5.150564969487918e-05,0
RR-05329,0.00014772833130579144,0
RR-05330,5.365148683068931e-05,0
RR-05331,7.16468403062276e-05,0
RR-05332,0.00016309211784597857,0
RR-05333,0.0017884278034283549,0
RR-05334,0.00027151072490836444,0
RR-05335,0.00013206978956870335,0
RR-05336,0.00025638940455319063,0
RR-05337,0.00012374169711495836,0
RR-05338,3.0025783110157312e-05,0
RR-05339,0.00020471849380360264,0
RR-05340,0.00013146459728755923,0
RR-05341,3.999954319386728e-05,0
RR-05342,4.6135012243351994e-05,0
RR-05343,0.012344076053560535,0
RR-05344,5.330936128258964e-05,0
RR-05345,4.982061723073171e-05,0
RR-05346,4.001208801569699e-05,0
RR-05347,0.001395564393323473,0
RR-05348,0.0002998301335922278,0
RR-05349,0.00015835750536067624,0
RR-05350,0.0006574536569868527,0
RR-05351,0.00017389834496142858,0
RR-05352,4.642963081246533e-05,0
RR-05353,6.349561164182292e-05,0
RR-05354,3.5425232173816983e-05,0
RR-05355,0.0002745152811601233,0
RR-05356,0.000475510913834903,0
RR-05357,0.0010953606645699974,0
RR-05358,0.6784169941797835,0
RR-05359,0.00044309501118849697,0
RR-05360,4.012361843546353e-05,0
RR-05361,0.007904688183508217,0
RR-05362,0.00017661305938895466,0
RR-05363,6.398842517418951e-05,0
RR-05364,0.00018365028023997325,0
RR-05365,3.95201399092302e-05,0
RR-05366,7.242910851412638e-05,0
RR-05367,7.585626411518304e-05,0
RR-05368,0.0003301675039071555,0
RR-05369,3.908665128244753e-05,0
RR-05370,7.382951560043478e-05,0
RR-05371,0.0001020233838156147,0
RR-05372,8.558204052327441e-05,0
RR-05373,0.001042514977200437,0
RR-05374,4.562123780891058e-05,0
RR-05375,8.072918346735588e-05,0
RR-05376,6.793413819543176e-05,0
RR-05377,0.00013757663655131213,0
RR-05378,0.000504506780423756,0
RR-05379,3.0479962175549326e-05,0
RR-05380,0.0003243409082186,0
RR-05381,7.986744259410724e-05,0
RR-05382,0.20157582056268694,0
RR-05383,0.00022816421397077295,0
RR-05384,0.00010654822203986361,0
RR-05385,0.0006858144462704538,0
RR-05386,0.0036344071842056105,0
RR-05387,4.533285048286104e-05,0
RR-05388,0.00021174805949493949,0
RR-05389,6.401059514221277e-05,0
RR-05390,9.685471928708797e-05,0
RR-05391,0.00026055341396585927,0
RR-05392,7.085556815089476e-05,0
RR-05393,0.0001102125385826446,0
RR-05394,0.0003910882612501602,0
RR-05395,6.264835023178688e-05,0
RR-05396,0.00011402649146473856,0
RR-05397,0.00011316140038797767,0
RR-05398,5.072411842001455e-05,0
RR-05399,0.00035029012084533505,0
RR-05400,0.0001521851923810788,0
RR-05401,2.8438099880944476e-05,0
RR-05402,5.1531923378298335e-05,0
RR-05403,5.130970831012497e-05,0
RR-05404,0.00017063319190605865,0
RR-05405,0.0010742705278536185,0
RR-05406,5.12660583140658e-05,0
RR-05407,0.00045896975540724044,0
RR-05408,3.14958411801496e-05,0
RR-05409,0.0009105080650450369,0
RR-05410,0.0026183493406981015,0
RR-05411,0.0003611374252327121,0
RR-05412,0.00010221715026468183,0
RR-05413,0.00018962705073050865,0
RR-05414,3.116141614289544e-05,0
RR-05415,0.00012545241067046431,0
RR-05416,0.00011759490141247705,0
RR-05417,4.4457389686081816e-05,0
RR-05418,0.03208894493720703,0
RR-05419,4.353099367870609e-05,0
RR-05420,3.4407955964068916e-05,0
RR-05421,0.00010271560666419399,0
RR-05422,0.0004558174247588201,0
RR-05423,0.0004692155534022069,0
RR-05424,3.423186282459479e-05,0
RR-05425,0.00025528370774889993,0
RR-05426,4.365116818135621e-05,0
RR-05427,3.201590558212397e-05,0
RR-05428,3.32925970058836e-05,0
RR-05429,0.00017662982778430316,0
RR-05430,0.00014922359644606694,0
RR-05431,5.191031570248828e-05,0
RR-05432,5.50851412755613e-05,0
RR-05433,6.792758202664181e-05,0
RR-05434,0.041382291497049285,1
RR-05435,5.1902353377256966e-05,0
RR-05436,0.0004390616697265247,0
RR-05437,0.0002469326716058568,0
RR-05438,7.288280954116828e-05,0
RR-05439,0.00031734712435567685,0
RR-05440,4.0156706107775386e-05,0
RR-05441,0.0003469280438272573,0
RR-05442,0.00012200106437709728,0
RR-05443,0.0011211057285585547,0
RR-05444,6.149442133370046e-05,0
RR-05445,0.003219167983430608,0
RR-05446,5.0933616422922094e-05,0
RR-05447,5.0306660579841894e-05,0
RR-05448,5.1745753135140915e-05,0
RR-05449,0.9299944083994954,0
RR-05450,6.941300256144171e-05,0
RR-05451,0.0002696027693950411,0
RR-05452,0.00011375904840828491,0
RR-05453,6.898995637236876e-05,0
RR-05454,5.090332867534317e-05,0
RR-05455,7.717337479270256e-05,0
RR-05456,0.00011384180317309593,0
RR-05457,0.00018089627013171135,0
RR-05458,0.00013446687650084407,0
RR-05459,0.00010480995942427607,0
RR-05460,0.0003352270432611543,0
RR-05461,0.9444133772161176,1
RR-05462,0.00011650531114765415,0
RR-05463,0.00018570478260779126,0
RR-05464,9.03242418817285e-05,0
RR-05465,0.0161499343701101,1
RR-05466,0.00014962749662016442,0
RR-05467,0.00013480041091094985,0
RR-05468,4.484436671739201e-05,0
RR-05469,0.0003212644490008296,0
RR-05470,4.030044326052884e-05,0
RR-05471,9.531609443647046e-05,0
RR-05472,5.885751944182309e-05,0
RR-05473,3.68499651735743e-05,0
RR-05474,4.065705874759515e-05,0
RR-05475,0.0002301728426737725,0
RR-05476,5.798731474151156e-05,0
RR-05477,2.8210747354410694e-05,0
RR-05478,0.0018940649921848495,0
RR-05479,0.00021266345330851248,0
RR-05480,0.00010801397615784951,0
RR-05481,9.770866235995301e-05,0
RR-05482,3.422453009225886e-05,0
RR-05483,8.845066307765039e-05,0
RR-05484,0.0007423938575811512,0
RR-05485,3.911690435358863e-05,0
RR-05486,6.82458878969218e-05,0
RR-05487,5.5057792646319097e-05,0
RR-05488,8.803473644588304e-05,0
RR-05489,2.719187158468286e-05,0
RR-05490,4.741628792279073e-05,0
RR-05491,3.924513355952511e-05,0
RR-05492,0.9300570060932212,1
RR-05493,0.00010926529135234782,0
RR-05494,0.000170180549183997,0
RR-05495,3.565567724155059e-05,0
RR-05496,5.810512062667841e-05,0
RR-05497,5.7585956341308464e-05,0
RR-05498,4.409659275516662e-05,0
RR-05499,0.00014474298365158413,0
RR-05500,0.00015592837524480954,0
RR-05501,0.00022128543615803598,0
RR-05502,0.00019662544625928736,0
RR-05503,4.373859177530523e-05,0
RR-05504,0.0001144946854751805,0
RR-05505,6.788964709876666e-05,0
RR-05506,0.10302883158042266,0
RR-05507,0.00013172714443179413,0
RR-05508,9.433219188374508e-05,0
RR-05509,0.00014243068304747495,0
RR-05510,4.234459512303904e-05,0
RR-05511,5.374688040678351e-05,0
RR-05512,9.21236033214074e-05,0
RR-05513,8.273389613051797e-05,0
RR-05514,0.0006309456046704945,0
RR-05515,0.00014223142960604143,0
RR-05516,4.928805275005645e-05,0
RR-05517,7.33632738697721e-05,0
RR-05518,0.0002982814859690978,0
RR-05519,7.298997315468119e-05,0
RR-05520,0.00022353283336969625,0
RR-05521,7.04832508166563e-05,0
RR-05522,4.4075707330654396e-05,0
RR-05523,3.257620206015121e-05,0
RR-05524,0.00012726955350874272,0
RR-05525,5.8193891940735114e-05,0
RR-05526,9.070979617094059e-05,0
RR-05527,0.0003935778098124239,0
RR-05528,0.00015054340217005412,0
RR-05529,7.598726988802697e-05,0
RR-05530,4.81580406186092e-05,0
RR-05531,0.00026950853736218904,0
RR-05532,7.129675782868039e-05,0
RR-05533,4.040617243813094e-05,0
RR-05534,6.763744477049579e-05,0
RR-05535,9.37860844858951e-05,0
RR-05536,0.00017659176412163777,0
RR-05537,6.03398919736321e-05,0
RR-05538,0.0010115995917001192,0
RR-05539,0.0010129603242460335,0
RR-05540,0.0002620509393846628,0
RR-05541,5.928376608848349e-05,0
RR-05542,0.00031876304833177615,0
RR-05543,0.0008954952082764885,0
RR-05544,5.391906707304267e-05,0
RR-05545,0.00030890714178010624,0
RR-05546,6.585804627265607e-05,0
RR-05547,9.387984709063891e-05,0
RR-05548,6.397882793369982e-05,0
RR-05549,4.282659930954476e-05,0
RR-05550,5.169620725356621e-05,0
RR-05551,5.751672618010179e-05,0
RR-05552,0.009287743994430123,0
RR-05553,3.649454705031973e-05,0
RR-05554,4.6316288745885195e-05,0
RR-05555,0.00017522749163031311,0
RR-05556,0.2023899900681618,1
RR-05557,7.601825595736665e-05,0
RR-05558,7.974365543794253e-05,0
RR-05559,0.0011518125683556005,0
RR-05560,3.230139149868409e-05,0
RR-05561,3.200521374386237e-05,0
RR-05562,5.2720434297134656e-05,0
RR-05563,4.188672092008009e-05,0
RR-05564,0.0002982480359436121,0
RR-05565,0.00022507218016125981,0
RR-05566,0.00011095043903891605,0
RR-05567,0.0009212719006094252,0
RR-05568,5.246927962584463e-05,0
RR-05569,0.0006410922189503624,0
RR-05570,0.00017535497828437908,0
RR-05571,7.557762102492156e-05,0
RR-05572,6.693750307462986e-05,0
RR-05573,0.00016797552415463092,0
RR-05574,0.0001794616894571619,0
RR-05575,5.324568395345202e-05,0
RR-05576,5.6613729971634905e-05,0
RR-05577,0.003800583826987715,0
RR-05578,6.914144093641777e-05,0
RR-05579,4.0420058369352675e-05,0
RR-05580,0.0013126296051673657,0
RR-05581,9.786576165362724e-05,0
RR-05582,0.00013320782082639585,0
RR-05583,4.7991804495220355e-05,0
RR-05584,4.191911913314227e-05,0
RR-05585,0.6976069357221005,1
RR-05586,3.486707692396842e-05,0
RR-05587,0.00012005346050886956,0
RR-05588,0.00011520641867811436,0
RR-05589,0.7408217975250355,1
RR-05590,9.470644416689868e-05,0
RR-05591,0.00042298047558358124,0
RR-05592,3.0992463905325386e-05,0
RR-05593,0.0003686905153892339,0
RR-05594,4.035873484819575e-05,0
RR-05595,0.00015795637976477933,0
RR-05596,9.488641019844635e-05,0
RR-05597,0.0002819864193894714,0
RR-05598,0.00016497212496200338,0
RR-05599,0.0006175207654642664,0
RR-05600,0.00021223234903315846,0
RR-05601,0.0001447590161853098,0
RR-05602,7.510015552922685e-05,0
RR-05603,6.089121271022866e-05,0
RR-05604,4.5510455628892366e-05,0
RR-05605,0.0007296682403628656,0
RR-05606,0.00017298971563595744,0
RR-05607,0.00024038640892668902,0
RR-05608,0.00012800711177609874,0
RR-05609,5.8586547133084096e-05,0
RR-05610,7.25345598115186e-05,0
RR-05611,3.740669797052711e-05,0
RR-05612,0.0002108932896131114,0
RR-05613,0.00010175163634877198,0
RR-05614,6.397081932922538e-05,0
RR-05615,5.245431380485624e-05,0
RR-05616,0.0007985049563966889,0
RR-05617,0.0006401543156084127,0
RR-05618,3.8889382388406367e-05,0
RR-05619,4.215240226403167e-05,0
RR-05620,7.570920835561837e-05,0
RR-05621,0.0001221297848562349,0
RR-05622,5.0189414746685844e-05,0
RR-05623,7.308224713448756e-05,0
RR-05624,0.0008965300042709772,0
RR-05625,2.9535261600627507e-05,0
RR-05626,5.490764567093249e-05,0
RR-05627,3.589667996512234e-05,0
RR-05628,5.938663412554393e-05,0
RR-05629,0.00025800479202736914,0
RR-05630,8.164084801787916e-05,0
RR-05631,6.136510742347104e-05,0
RR-05632,6.664806942234658e-05,0
RR-05633,3.312037530312811e-05,0
RR-05634,0.9890327106740499,1
RR-05635,0.00032920587692275945,0
RR-05636,4.979242898854238e-05,0
RR-05637,6.1011570684226515e-05,0
RR-05638,4.745321096095298e-05,0
RR-05639,3.703961294824329e-05,0
RR-05640,0.00020357154070325565,0
RR-05641,9.448817036947063e-05,0
RR-05642,0.884002089605347,1
RR-05643,6.96764694586041e-05,0
RR-05644,8.528433721432411e-05,0
RR-05645,4.8307034643409205e-05,0
RR-05646,0.000253776850094452,0
RR-05647,0.00022039369484609607,0
RR-05648,0.0006804727145744628,0
RR-05649,3.473492011254578e-05,0
RR-05650,0.0005141242858206338,0
RR-05651,8.02593425973882e-05,0
RR-05652,0.00033559575102038775,0
RR-05653,3.7682247200994655e-05,0
RR-05654,5.760203128810116e-05,0
RR-05655,7.040249833166892e-05,0
RR-05656,9.554253959416007e-05,0
RR-05657,0.00014774065123382074,0
RR-05658,7.309908853250933e-05,0
RR-05659,0.0010779428338539231,0
RR-05660,6.047254812136813e-05,0
RR-05661,0.00012124020911237544,0
RR-05662,3.6959091222479165e-05,0
RR-05663,0.0004710054074445836,0
RR-05664,8.66937875308272e-05,0
RR-05665,0.00016105113287863746,0
RR-05666,0.00020735209110700053,0
RR-05667,4.445361671671715e-05,0
RR-05668,0.00010889329844860694,0
RR-05669,4.262200185692302e-05,0
RR-05670,3.922762199422985e-05,0
RR-05671,0.00010832754783212397,0
RR-05672,0.00024036207539694678,0
RR-05673,0.028268509978354537,0
RR-05674,3.324824847384502e-05,0
RR-05675,0.00016998370884542695,0
RR-05676,5.166291323240938e-05,0
RR-05677,7.717394556383523e-05,0
RR-05678,5.186954103201188e-05,0
RR-05679,4.486474926427077e-05,0
RR-05680,0.0009359624556296923,0
RR-05681,5.693371020338331e-05,0
RR-05682,0.0001378041981255958,0
RR-05683,0.0003227273058521699,0
RR-05684,0.029766195749269815,0
RR-05685,0.00017278376057668697,0
RR-05686,6.987843297148792e-05,0
RR-05687,9.051033321064858e-05,0
RR-05688,0.5159724310575311,1
RR-05689,2.742824014216783e-05,0
RR-05690,4.608744404030679e-05,0
RR-05691,0.00012801938552794298,0
RR-05692,7.236268644386901e-05,0
RR-05693,0.0003233231841969294,0
RR-05694,5.6807849931970026e-05,0
RR-05695,5.0599500283443254e-05,0
RR-05696,4.0219950463154974e-05,0
RR-05697,5.29556064115207e-05,0
RR-05698,7.143271918932515e-05,0
RR-05699,0.0001611953770379665,0
RR-05700,4.10112844978057e-05,0
RR-05701,0.00016945256142493522,0
RR-05702,8.193876814348555e-05,0
RR-05703,6.100636255706122e-05,0
RR-05704,0.007005608647516672,0
RR-05705,0.00040704425749550323,0
RR-05706,0.00020274613033690066,0
RR-05707,0.027978771104151767,0
RR-05708,0.00012059828792109926,0
RR-05709,5.984496983613839e-05,0
RR-05710,4.734314766642027e-05,0
RR-05711,0.00016146635218050834,0
RR-05712,0.000108315032404276,0
RR-05713,8.663492525744305e-05,0
RR-05714,4.8595922349767273e-05,0
RR-05715,7.675860036037514e-05,0
RR-05716,0.9714799197423373,1
RR-05717,0.0019184842711853214,0
RR-05718,4.2132037065755293e-05,0
RR-05719,0.00046534989361633934,0
RR-05720,6.297701965283703e-05,0
RR-05721,6.444610447642047e-05,0
RR-05722,6.0231823308875624e-05,0
RR-05723,4.6808262048179695e-05,0
RR-05724,7.625604343813475e-05,0
RR-05725,0.000185436964286439,0
RR-05726,4.5571514530510905e-05,0
RR-05727,8.717210323190292e-05,0
RR-05728,9.699964632475066e-05,0
RR-05729,0.00016245723865272732,0
RR-05730,0.00011640573917941608,0
RR-05731,8.456085558112863e-05,0
RR-05732,0.00012159160376627181,0
RR-05733,0.00017998429411005134,0
RR-05734,3.2901722910047446e-05,0
RR-05735,3.0413237814715794e-05,0
RR-05736,8.041052483357688e-05,0
RR-05737,5.2416869371580226e-05,0
RR-05738,0.0010196685636998603,0
RR-05739,7.265145802844427e-05,0
RR-05740,7.827459973386696e-05,0
RR-05741,4.7881569351952165e-05,0
RR-05742,6.456773618760576e-05,0
RR-05743,3.801268990374037e-05,0
RR-05744,5.102742526233968e-05,0
RR-05745,0.0002178996099435676,0
RR-05746,3.433593642045121e-05,0
RR-05747,0.00018012838877600148,0
RR-05748,0.00011062272471165009,0
RR-05749,8.013250819996645e-05,0
RR-05750,6.103532557280555e-05,0
RR-05751,5.494122024564322e-05,0
RR-05752,6.650895698034286e-05,0
RR-05753,0.00028600202409763214,0
RR-05754,5.773064002885768e-05,0
RR-05755,0.00011773228189019596,0
RR-05756,6.490988629046467e-05,0
RR-05757,3.943992406212789e-05,0
RR-05758,0.000155228262831472,0
RR-05759,6.352941297263606e-05,0
RR-05760,0.00011768721654599342,0
RR-05761,7.671475446592777e-05,0
RR-05762,0.00026876147936521637,0
RR-05763,6.084149034617918e-05,0
RR-05764,9.59776117532236e-05,0
RR-05765,0.0005553276754072047,0
RR-05766,0.00017528294601620108,0
RR-05767,8.408897223184626e-05,0
RR-05768,0.00013620482910915016,0
RR-05769,0.00010557148428025604,0
RR-05770,0.0004971925528358092,0
RR-05771,0.004945772961199737,0
RR-05772,5.244350948588256e-05,0
RR-05773,3.4600600884998125e-05,0
RR-05774,9.555611026586026e-05,0
RR-05775,2.5447304510773936e-05,0
RR-05776,5.056836087936126e-05,0
RR-05777,0.00013526568888993083,0
RR-05778,5.412795612277458e-05,0
RR-05779,6.05633090648013e-05,0
RR-05780,4.3357563006913685e-05,0
RR-05781,9.41932860755602e-05,0
RR-05782,9.307721170683941e-05,0
RR-05783,0.00012474106794328337,0
RR-05784,0.0001474717247062135,0
RR-05785,0.0005982917255060135,0
RR-05786,5.409786533413929e-05,0
RR-05787,0.00017564038854131096,0
RR-05788,3.261105131246418e-05,0
RR-05789,0.0001772996248578093,0
RR-05790,8.411112487576086e-05,0
RR-05791,0.0009869623113354,0
RR-05792,8.616098181440177e-05,0
RR-05793,5.322496071810464e-05,0
RR-05794,0.0009590279388703235,0
RR-05795,3.4808995381167006e-05,0
RR-05796,4.189018563153064e-05,0
RR-05797,7.691213599570394e-05,0
RR-05798,0.00012592497989516625,0
RR-05799,0.000136843119039174,0
RR-05800,6.114907218696105e-05,0
RR-05801,0.0001073516886556863,0
RR-05802,4.0336297447733105e-05,0
RR-05803,5.353712579985974e-05,0
RR-05804,0.0002064479093059663,0
RR-05805,3.5154594537346556e-05,0
RR-05806,0.00013365303529429116,0
RR-05807,7.893040016434215e-05,0
RR-05808,4.52941866584548e-05,0
RR-05809,3.907189232062776e-05,0
RR-05810,0.00010882108891353592,0
RR-05811,0.0001829363572968851,0
RR-05812,0.023234186499719048,0
RR-05813,4.3564382111950586e-05,0
RR-05814,0.003323967955760976,0
RR-05815,5.372879204878475e-05,0
RR-05816,0.0002267252560928534,0
RR-05817,0.0004309551774147863,0
RR-05818,0.00011108085492269835,0
RR-05819,0.001167101289819241,0
RR-05820,6.920995162836573e-05,0
RR-05821,4.560761952633501e-05,0
RR-05822,4.7619687010382075e-05,0
RR-05823,3.340932684648475e-05,0
RR-05824,0.0001248945651868414,0
RR-05825,0.00013914923938923305,0
RR-05826,4.8212829195849196e-05,0
RR-05827,6.302420414426653e-05,0
RR-05828,0.00018015127360295694,0
RR-05829,0.00013544250228358627,0
RR-05830,0.0004160278377071721,0
RR-05831,0.00014216618508433164,0
RR-05832,7.285056758237159e-05,0
RR-05833,6.386920019225148e-05,0
RR-05834,0.00011392024653753883,0
RR-05835,0.0001245078493009389,0
RR-05836,4.424172686240564e-05,0
RR-05837,3.668876705677697e-05,0
RR-05838,5.556138931681183e-05,0
RR-05839,0.00017218069406697302,0
RR-05840,9.59216979095879e-05,0
RR-05841,0.00012794920435433272,0
RR-05842,0.00023353294329421986,0
RR-05843,3.557097495550885e-05,0
RR-05844,7.234390792424426e-05,0
RR-05845,9.068982118572504e-05,0
RR-05846,6.457893176105798e-05,0
RR-05847,8.393237095315958e-05,0
RR-05848,5.566558253546974e-05,0
RR-05849,0.0001881155203968567,0
RR-05850,0.001870279775413143,0
RR-05851,0.0004931155218078297,0
RR-05852,0.9339509895503676,1
RR-05853,8.68130097315327e-05,0
RR-05854,3.810445439963124e-05,0
RR-05855,4.9157850115058674e-05,0
RR-05856,0.0001615265865519064,0
RR-05857,9.747588960248879e-05,0
RR-05858,4.533993613358592e-05,0
RR-05859,7.065280180107372e-05,0
RR-05860,9.728433373023358e-05,0
RR-05861,4.196129951643237e-05,0
RR-05862,0.05675527244528168,0
RR-05863,2.6541473356948174e-05,0
RR-05864,3.9015274840195936e-05,0
RR-05865,4.1095108475272695e-05,0
RR-05866,6.205608988737839e-05,0
RR-05867,6.454520758396938e-05,0
RR-05868,0.0001710214568010108,0
RR-05869,4.096760117682939e-05,0
RR-05870,0.00035289935048531313,0
RR-05871,2.7579821304088115e-05,0
RR-05872,7.787763306253904e-05,0
RR-05873,3.0151138532194284e-05,0
RR-05874,0.00011267153605630822,0
RR-05875,0.00011906356814981698,0
RR-05876,3.3284582475834616e-05,0
RR-05877,3.7222879321859965e-05,0
RR-05878,8.447269944216635e-05,0
RR-05879,0.00022243284534920839,0
RR-05880,0.0002789746583419004,0
RR-05881,3.878548241530403e-05,0
RR-05882,0.00023398233698112316,0
RR-05883,8.706073946270293e-05,0
RR-05884,4.2204053925438785e-05,0
RR-05885,7.214132455288485e-05,0
RR-05886,3.1971285908640183e-05,0
RR-05887,0.8482104702098959,1
RR-05888,0.0013372791045139602,0
RR-05889,0.00010723493706651665,0
RR-05890,0.00010613828046299155,0
RR-05891,0.0004840418914844604,0
RR-05892,7.00444223270667e-05,0
RR-05893,0.0030173542144423743,0
RR-05894,0.00010491033371123064,0
RR-05895,5.1844777120869934e-05,0
RR-05896,0.00013123926485687797,0
RR-05897,4.7261452675899105e-05,0
RR-05898,0.00010933659419121882,0
RR-05899,6.069674470545037e-05,0
RR-05900,0.00011926777921165654,0
RR-05901,0.0004830804644188282,0
RR-05902,3.618508434550666e-05,0
RR-05903,0.00024005572016746435,0
RR-05904,0.09865824403152545,0
RR-05905,0.00019063269176246324,0
RR-05906,0.00027228586260031636,0
RR-05907,4.749653895824754e-05,0
RR-05908,2.724420025831618e-05,0
RR-05909,0.006092378692644043,0
RR-05910,0.00021765895508035516,0
RR-05911,0.0007529124456340948,0
RR-05912,0.00013453307999268708,0
RR-05913,5.460934063068984e-05,0
RR-05914,9.747588960248879e-05,0
RR-05915,0.00013677992558649887,0
RR-05916,0.0006745509030890632,0
RR-05917,5.405283374629208e-05,0
RR-05918,3.159502430742507e-05,0
RR-05919,5.995015693134563e-05,0
RR-05920,7.66718364747779e-05,0
RR-05921,0.00038337204390839573,0
RR-05922,0.002140787002374859,0
RR-05923,0.0004886596077201001,0
RR-05924,5.69984725111277e-05,0
RR-05925,0.012947400257655069,0
RR-05926,5.915743640939924e-05,0
RR-05927,0.00010322037267415966,0
RR-05928,0.001108329560242296,0
RR-05929,6.391828029576749e-05,0
RR-05930,5.856363761181922e-05,0
RR-05931,3.3201548091392255e-05,0
RR-05932,6.71103268703612e-05,0
RR-05933,0.00010111434137360046,0
RR-05934,0.007180160333573743,0
RR-05935,0.7568430744737652,1
RR-05936,0.000579303232009483,0
RR-05937,3.1647629617429025e-05,0
RR-05938,5.9496239454407164e-05,0
RR-05939,0.00037228001548424004,0
RR-05940,6.912737014912857e-05,0
RR-05941,0.00036638261495404814,0
RR-05942,6.541898847261808e-05,0
RR-05943,6.19258476596956e-05,0
RR-05944,0.00017871452571225174,0
RR-05945,0.00026653641761401997,0
RR-05946,8.721908909604335e-05,0
RR-05947,4.3349955854671253e-05,0
RR-05948,6.710389869759776e-05,0
RR-05949,6.791601355057446e-05,0
RR-05950,3.58050363586349e-05,0
RR-05951,9.422491013850586e-05,0
RR-05952,4.281718470718238e-05,0
RR-05953,0.0001529401595621655,0
RR-05954,0.03298816344430896,0
RR-05955,3.526306142805649e-05,0
RR-05956,7.00744617124196e-05,0
RR-05957,0.08045818809814724,0
RR-05958,8.109290049247497e-05,0
RR-05959,0.00014903024706170977,0
RR-05960,0.00020096172106623183,0
RR-05961,0.00046063699417274906,0
RR-05962,2.923152664047602e-05,0
RR-05963,4.563628295217255e-05,0
RR-05964,0.0003861601624025366,0
RR-05965,4.8148401882962015e-05,0
RR-05966,4.779131257048661e-05,0
RR-05967,0.0001762317397244687,0
RR-05968,4.1825201941919235e-05,0
RR-05969,5.2423215763832124e-05,0
RR-05970,9.56701186577056e-05,0
RR-05971,0.0011837698569635202,0
RR-05972,0.00035334252922181484,0
RR-05973,6.042810626494508e-05,0
RR-05974,0.00020843529783145091,0
RR-05975,0.0001225158089691463,0
RR-05976,3.653595904249102e-05,0
RR-05977,0.02462977961621783,0
RR-05978,0.9944815298739768,1
RR-05979,2.6801981732700325e-05,0
RR-05980,5.5775672195831516e-05,0
RR-05981,0.00033704470921495217,0
RR-05982,8.542022364543977e-05,0
RR-05983,0.0003847343970606938,0
RR-05984,6.453461907495618e-05,0
RR-05985,5.6517499119525544e-05,0
RR-05986,4.824215582054252e-05,0
RR-05987,3.563972378267735e-05,0
RR-05988,0.0003015169655062654,0
RR-05989,0.00010221182177431208,0
RR-05990,4.670383202785308e-05,0
RR-05991,5.508829188581973e-05,0
RR-05992,6.231346860159883e-05,0
RR-05993,5.277855159014176e-05,0
RR-05994,0.00013593227942265815,0
RR-05995,0.00024326074763151865,0
RR-05996,0.00012334883955886211,0
RR-05997,4.619789095919779e-05,0
RR-05998,0.0001268907278294267,0
RR-05999,3.7840995399457186e-05,0
RR-06000,0.9008992144872502,1
RR-06001,9.542918139228514e-05,0
RR-06002,0.0002796674199556629,0
RR-06003,6.246100629711268e-05,0
RR-06004,8.621854838222459e-05,0
RR-06005,0.00017617540510449242,0
RR-06006,0.00016060822960684376,0
RR-06007,0.00040249249087646427,0
RR-06008,4.970054617392693e-05,0
RR-06009,0.00013742569594340826,0
RR-06010,0.00015320278142977182,0
RR-06011,0.016534486865511348,0
RR-06012,6.306414577489177e-05,0
RR-06013,4.7460096746024626e-05,0
RR-06014,0.0015849397258620496,0
RR-06015,0.016386926711547515,1
RR-06016,4.09921135826578e-05,0
RR-06017,0.0001261682650288989,0
RR-06018,0.00022642559595596485,0
RR-06019,4.978276278151361e-05,0
RR-06020,4.218171416952223e-05,0
RR-06021,0.0005681604394372515,0
RR-06022,4.885595879020061e-05,0
RR-06023,4.835695562147263e-05,0
RR-06024,7.122232377282504e-05,0
RR-06025,3.0954242396001155e-05,0
RR-06026,0.0001771629226954503,0
RR-06027,5.5895065659251385e-05,0
RR-06028,0.00018599262182398743,0
RR-06029,4.4995515293940945e-05,0
RR-06030,0.0004111688724994476,0
RR-06031,5.286457674210556e-05,0
RR-06032,0.0010166917226673304,0
RR-06033,0.00010586472790422057,0
RR-06034,9.42543160171084e-05,0
RR-06035,0.00029844220442748736,0
RR-06036,8.279107688785962e-05,0
RR-06037,0.00011203637852752842,0
RR-06038,0.00011047632862058665,0
RR-06039,0.0006985129813100161,0
RR-06040,7.018791978379176e-05,0
RR-06041,0.001300697971345238,0
RR-06042,5.46907661225866e-05,0
RR-06043,0.0002236489363666747,0
RR-06044,7.856662558305428e-05,0
RR-06045,0.00012342082970539636,0
RR-06046,3.635131464297816e-05,0
RR-06047,3.125035104326682e-05,0
RR-06048,0.00019506916487064657,0
RR-06049,0.0003523421771701303,0
RR-06050,0.00013106732735924096,0
RR-06051,3.571829727993404e-05,0
RR-06052,0.0005002976065729579,0
RR-06053,0.0001072910624656131,0
RR-06054,0.0003692173028645675,0
RR-06055,6.086694627449608e-05,0
RR-06056,3.2098244243950446e-05,0
RR-06057,0.00044403581741275306,0
RR-06058,5.445969892804728e-05,0
RR-06059,9.723577203139648e-05,0
RR-06060,0.28871173050027016,0
RR-06061,0.000241213177651445,0
RR-06062,5.2649337968002024e-05,0
RR-06063,0.000400295022956122,0
RR-06064,0.0005700895399625144,0
RR-06065,0.026154119446652017,1
RR-06066,0.00017998259632545727,0
RR-06067,4.838592214760759e-05,0
RR-06068,5.404822635372829e-05,0
RR-06069,6.447167481876323e-05,0
RR-06070,0.00016956517248863134,0
RR-06071,0.00017448074706536887,0
RR-06072,3.929852877565815e-05,0
RR-06073,5.32705596869059e-05,0
RR-06074,0.00043779642443811455,0
RR-06075,4.328621424985399e-05,0
RR-06076,0.00012650505909819927,0
RR-06077,0.00011253094664787663,0
RR-06078,4.980006447747156e-05,0
RR-06079,3.571084345200036e-05,0
RR-06080,3.633998034415371e-05,0
RR-06081,0.00027510152624016135,0
RR-06082,0.00024119762399699623,0
RR-06083,7.732836623801938e-05,0
RR-06084,4.93585385587421e-05,0
RR-06085,5.257062373223747e-05,0
RR-06086,8.011045511854942e-05,0
RR-06087,0.0003574317852743274,0
RR-06088,0.0004825704866326932,0
RR-06089,6.109768742991768e-05,0
RR-06090,0.0005268914546987826,0
RR-06091,3.3124394327815386e-05,0
RR-06092,0.00035064721995869074,0
RR-06093,8.869454703421236e-05,0
RR-06094,4.226857789324487e-05,0
RR-06095,6.794022182549622e-05,0
RR-06096,0.00014135971272979876,0
RR-06097,3.1100528963900856e-05,0
RR-06098,4.441105349411997e-05,0
RR-06099,4.268783554235824e-05,0
RR-06100,9.804410704370493e-05,0
RR-06101,0.00012362824541510003,0
RR-06102,0.00019685080040192482,0
RR-06103,0.0004532790105729669,0
RR-06104,6.524821745943839e-05,0
RR-06105,3.0414259439125708e-05,0
RR-06106,5.9332958334859766e-05,0
RR-06107,3.0171035623311426e-05,0
RR-06108,0.032127455560927595,0
RR-06109,0.0004932326441889569,0
RR-06110,0.005803789050418474,0
RR-06111,0.00014424992546937756,0
RR-06112,7.185632646100874e-05,0
RR-06113,0.00012614771251912932,0
RR-06114,7.228498948344722e-05,0
RR-06115,4.447233317465947e-05,0
RR-06116,0.00012358312999929982,0
RR-06117,0.0005370073390020749,0
RR-06118,7.578880511263264e-05,0
RR-06119,6.74532879457408e-05,0
RR-06120,0.000660433946553865,0
RR-06121,0.0007718808062743768,0
RR-06122,3.769682608301187e-05,0
RR-06123,7.70939846310316e-05,0
RR-06124,0.00023192648073050974,0
RR-06125,2.8164160412998162e-05,0
RR-06126,0.0003055777226623491,0
RR-06127,0.00010203050156948431,0
RR-06128,4.7059361967490416e-05,0
RR-06129,4.5003435045347656e-05,0
RR-06130,3.7893271795419055e-05,0
RR-06131,0.9325432222603807,1
RR-06132,0.0001619166663331119,0
RR-06133,0.0002495786270451733,0
RR-06134,4.4423668416518225e-05,0
RR-06135,0.6355653733172915,0
RR-06136,6.356369505512992e-05,0
RR-06137,0.0003054365667936693,0
RR-06138,7.978361860155787e-05,0
RR-06139,8.118888499592085e-05,0
RR-06140,0.25630405262292455,0
RR-06141,0.0009122190430750544,0
RR-06142,7.908489142096205e-05,0
RR-06143,3.558035641541553e-05,0
RR-06144,3.223251145031405e-05,0
RR-06145,0.0007514625363774656,0
RR-06146,0.000883174473993418,0
RR-06147,9.93302665581041e-05,0
RR-06148,0.0003415656506886816,0
RR-06149,5.468506885347824e-05,0
RR-06150,0.00014510867464983878,0
RR-06151,0.00024339921644517658,0
RR-06152,4.8212829195849196e-05,0
RR-06153,3.5317702884247626e-05,0
RR-06154,7.340314098814146e-05,0
RR-06155,5.431071285487995e-05,0
RR-06156,0.0001007536312934999,0
RR-06157,3.76065045988331e-05,0
RR-06158,0.0002661322141061932,0
RR-06159,0.00010274163761306364,0
RR-06160,0.9904471366462155,1
RR-06161,0.017322673323860893,0
RR-06162,0.7590330021663807,1
RR-06163,4.807348305556022e-05,0
RR-06164,0.00013666573839679462,0
RR-06165,2.8627872350870423e-05,0
RR-06166,4.686389953835198e-05,0
RR-06167,3.0067071089365208e-05,0
RR-06168,7.049664232547666e-05,0
RR-06169,5.1740985259075134e-05,0
RR-06170,0.00015410242099011002,0
RR-06171,8.313930335446547e-05,0
RR-06172,0.00018750056188373963,0
RR-06173,0.0001068964506122041,0
RR-06174,0.0022961914901402946,0
RR-06175,6.447167481876323e-05,0
RR-06176,0.00011025747339108893,0
RR-06177,0.00014206165130463167,0
RR-06178,0.013324755987562097,0
RR-06179,4.344975818458403e-05,0
RR-06180,9.278618377824181e-05,0
RR-06181,0.0008132692426464838,0
RR-06182,0.00022266302809065326,0
RR-06183,3.500044134218488e-05,0
RR-06184,7.598721779633995e-05,0
RR-06185,0.00023091669265436907,0
RR-06186,3.8526369904131126e-05,0
RR-06187,0.00025734079438513726,0
RR-06188,0.0003052713927919,0
RR-06189,8.104971544719651e-05,0
RR-06190,5.150274593858662e-05,0
RR-06191,0.00011352389475757754,0
RR-06192,7.73511451366586e-05,0
RR-06193,0.0004163692266653052,0
RR-06194,5.945846668199769e-05,0
RR-06195,5.089391962354717e-05,0
RR-06196,0.0006097661045963092,0
RR-06197,0.0002956587737867709,0
RR-06198,0.00013432666486370358,0
RR-06199,0.00013928164264666437,0
RR-06200,8.990306410539751e-05,0
RR-06201,3.392608944729057e-05,0
RR-06202,0.0001516263694253574,0
RR-06203,0.0001670567796701893,0
RR-06204,6.885441871488137e-05,0
RR-06205,0.0002171649255761087,0
RR-06206,0.00020749320871503213,0
RR-06207,0.0027434915412321076,0
RR-06208,0.00010451711664103837,0
RR-06209,4.343547389089226e-05,0
RR-06210,5.341346898830428e-05,0
RR-06211,0.00014255732180862846,0
RR-06212,4.959014063678985e-05,0
RR-06213,5.883928948647644e-05,0
RR-06214,0.008717418583653942,0
RR-06215,7.982565491079243e-05,0
RR-06216,0.0006418350366851763,0
RR-06217,9.778716876693007e-05,0
RR-06218,3.897157133233505e-05,0
RR-06219,6.49058269616441e-05,0
RR-06220,4.573269848960526e-05,0
RR-06221,4.572528405633469e-05,0
RR-06222,6.235696047797318e-05,0
RR-06223,5.31804889255597e-05,0
RR-06224,0.00014881140261575096,0
RR-06225,5.85877539314216e-05,0
RR-06226,0.00011326983458685652,0
RR-06227,5.300884536951919e-05,0
RR-06228,0.8987847667221798,1
RR-06229,5.598687316890524e-05,0
RR-06230,2.967169407733734e-05,0
RR-06231,5.0229951281727405e-05,0
RR-06232,6.0289169158146514e-05,0
RR-06233,7.117448394959041e-05,0
RR-06234,0.00011802926287118411,0
RR-06235,0.00018110802227843452,0
RR-06236,5.4390196853872314e-05,0
RR-06237,7.144844388315916e-05,0
RR-06238,6.450856074852254e-05,0
RR-06239,0.0002631747326071663,0
RR-06240,4.723554968273128e-05,0
RR-06241,6.906280861969733e-05,0
RR-06242,0.0008235505406306648,0
RR-06243,7.386231647277005e-05,0
RR-06244,4.88440562712102e-05,0
RR-06245,0.00011432067553014,0
RR-06246,0.00033925498313670306,0
RR-06247,0.0003430792068181612,0
RR-06248,4.342818947125512e-05,0
RR-06249,5.4825763854990956e-05,0
RR-06250,5.771172177824775e-05,0
RR-06251,0.00011863749071390286,0
RR-06252,3.520785945877737e-05,0
RR-06253,5.3577182528332264e-05,0
RR-06254,0.00010253054548449344,0
RR-06255,9.620880559682014e-05,0
RR-06256,0.00012747933932936634,0
RR-06257,0.0006267796320795012,0
RR-06258,0.00015624825514486728,0
RR-06259,0.9934944203482429,1
RR-06260,0.00023751993972374804,0
RR-06261,0.00014358096080588654,0
RR-06262,4.619153611972085e-05,0
RR-06263,3.752886541106904e-05,0
RR-06264,3.721665724692399e-05,0
RR-06265,5.874296989139878e-05,0
RR-06266,0.00010611306017160008,0
RR-06267,0.00016695102479359324,0
RR-06268,8.140236013297607e-05,0
RR-06269,0.0005637868770289815,0
RR-06270,4.7451685190520374e-05,0
RR-06271,6.794098497476872e-05,0
RR-06272,6.525599512546076e-05,0
RR-06273,0.0006428309499435795,0
RR-06274,0.011617791057104868,0
RR-06275,4.3190138307806266e-05,0
RR-06276,5.1224031460416706e-05,0
RR-06277,0.0005178267438476945,0
RR-06278,0.00011648779243856626,0
RR-06279,0.00017431979294100011,0
RR-06280,0.00010054193021196336,0
RR-06281,5.575351288789512e-05,0
RR-06282,0.004991949008676232,1
RR-06283,6.299523607881504e-05,0
RR-06284,7.499865813725437e-05,0
RR-06285,8.545285837603233e-05,0
RR-06286,5.2794287977199626e-05,0
RR-06287,0.9842477627533706,1
RR-06288,3.2504004933904284e-05,0
RR-06289,0.002944966052148932,0
RR-06290,0.0003881373985189958,0
RR-06291,0.004111421567715603,1
RR-06292,8.003875013164333e-05,0
RR-06293,0.00040791419413381406,0
RR-06294,7.039648155346175e-05,0
RR-06295,9.36396389892839e-05,0
RR-06296,0.01532114216322962,0
RR-06297,3.833229629305541e-05,0
RR-06298,4.498029571101573e-05,0
RR-06299,6.846936153848142e-05,0
RR-06300,5.511742615395722e-05,0
RR-06301,4.3272899688987856e-05,0
RR-06302,0.0002421081951851375,0
RR-06303,4.2030263937401085e-05,0
RR-06304,0.00012261932078519203,0
RR-06305,0.0001499204019126853,0
RR-06306,0.0005199078419293463,0
RR-06307,0.00013103572551046268,0
RR-06308,8.308852856001752e-05,0
RR-06309,6.788964709876666e-05,0
RR-06310,4.7991341158580886e-05,0
RR-06311,0.00012322733840535767,0
RR-06312,0.00016220728178606634,0
RR-06313,5.813696903098935e-05,0
RR-06314,4.920585743404009e-05,0
RR-06315,4.760443153293645e-05,0
RR-06316,7.00214173286893e-05,0
RR-06317,0.0001126350064302838,0
RR-06318,3.909359968589167e-05,0
RR-06319,8.670479291575865e-05,0
RR-06320,0.9553640424763753,1
RR-06321,0.0004630870075008608,0
RR-06322,0.00020283081228065052,0
RR-06323,9.156467793083729e-05,0
RR-06324,3.001168619160477e-05,0
RR-06325,0.00012589349338411302,0
RR-06326,6.413795754439467e-05,0
RR-06327,3.93050409132716e-05,0
RR-06328,5.526851604380198e-05,0
RR-06329,3.374553353637588e-05,0
RR-06330,0.0001610879067982544,0
RR-06331,5.6287084981178004e-05,0
RR-06332,5.4046142357520456e-05,0
RR-06333,0.00015193413080992875,0
RR-06334,4.3185347516469344e-05,0
RR-06335,5.1494837063363867e-05,0
RR-06336,7.607874540417728e-05,0
RR-06337,2.852184242108355e-05,0
RR-06338,0.00010239376223645506,0
RR-06339,5.425371847116924e-05,0
RR-06340,0.00011116132083373282,0
RR-06341,0.00022447132214965993,0
RR-06342,3.169684949329343e-05,0
RR-06343,8.319763162149265e-05,0
RR-06344,9.620996032798464e-05,0
RR-06345,3.926022791254461e-05,0
RR-06346,4.2032262882268715e-05,0
RR-06347,0.0006571430801644387,0
RR-06348,0.00020132075825582134,0
RR-06349,5.820634791755088e-05,0
RR-06350,5.4427345423795774e-05,0
RR-06351,3.941044395010605e-05,0
RR-06352,0.00016866726539132787,0
RR-06353,5.832197137515404e-05,0
RR-06354,4.213826308969964e-05,0
RR-06355,0.00012131886290852726,0
RR-06356,0.000252042461871214,0
RR-06357,9.891285988401077e-05,0
RR-06358,9.85185744482923e-05,0
RR-06359,0.0002503843320036227,0
RR-06360,3.399517626382468e-05,0
RR-06361,0.00019309807786808917,0
RR-06362,3.2807262433401344e-05,0
RR-06363,0.00035975823428861906,0
RR-06364,0.001642662349931494,0
RR-06365,7.85900022209783e-05,0
RR-06366,3.759783308105432e-05,0
RR-06367,8.333871529972378e-05,0
RR-06368,0.00020038083479798356,0
RR-06369,7.149467990761255e-05,0
RR-06370,3.72121504087407e-05,0
RR-06371,7.851223326907193e-05,0
RR-06372,4.909531066877658e-05,0
RR-06373,0.0004303983701181408,0
RR-06374,0.00012720945320511822,0
RR-06375,9.527662013061498e-05,0
RR-06376,0.00023447763365242597,0
RR-06377,0.00011291820478511033,0
RR-06378,0.01276574244184595,0
RR-06379,0.00047894808738452635,0
RR-06380,0.0009154275113452704,0
RR-06381,5.056765433864816e-05,0
RR-06382,0.00022817940074924692,0
RR-06383,0.003323967955760976,0
RR-06384,5.3575198192134946e-05,0
RR-06385,0.0003531891930163231,0
RR-06386,4.2174141619094726e-05,0
RR-06387,9.191060688017843e-05,0
RR-06388,9.283961646990478e-05,0
RR-06389,0.0002253212405372963,0
RR-06390,0.0007727104052407839,0
RR-06391,0.001618116557186507,0
RR-06392,4.254236953025221e-05,0
RR-06393,5.0933616422922094e-05,0
RR-06394,0.0017533768046123002,0
RR-06395,0.0001369774497168248,0
RR-06396,0.0002014596881188513,0
RR-06397,6.0782879528707056e-05,0
RR-06398,4.705700180629306e-05,0
RR-06399,4.4995515293940945e-05,0
RR-06400,0.00017488291001201687,0
RR-06401,0.0002572320582718768,0
RR-06402,3.29365967257426e-05,0
RR-06403,0.00010371365867383564,0
RR-06404,3.612289099437947e-05,0
RR-06405,0.0003862637465982521,0
RR-06406,0.00022449918611459012,0
RR-06407,0.0003821862281413601,0
RR-06408,0.00020583144921379663,0
RR-06409,3.230586555331457e-05,0
RR-06410,0.0004164441576880517,0
RR-06411,9.441287439976611e-05,0
RR-06412,0.00012267597336877308,0
RR-06413,4.2607747025268535e-05,0
RR-06414,3.6318013846927355e-05,0
RR-06415,4.819401739812956e-05,0
RR-06416,7.145938615513308e-05,0
RR-06417,6.681857005666508e-05,0
RR-06418,3.123393684596045e-05,0
RR-06419,0.00010975464588784645,0
RR-06420,3.573330588031707e-05,0
RR-06421,0.0005174124012614341,0
RR-06422,0.0009425039793638074,0
RR-06423,5.226628659148272e-05,0
RR-06424,3.818749715707329e-05,0
RR-06425,4.264039692977179e-05,0
RR-06426,0.00014637425147979996,0
RR-06427,0.0047436582045720915,0
RR-06428,0.00020733380347164724,0
RR-06429,0.0004889364523776793,0
RR-06430,3.56494351946305e-05,0
RR-06431,0.00015434020843649258,0
RR-06432,3.640821124085985e-05,0
RR-06433,0.00010131512305902849,0
RR-06434,0.00010362188675079336,0
RR-06435,7.256269288927588e-05,0
RR-06436,3.689068783980808e-05,0
RR-06437,0.0036854067836118425,0
RR-06438,0.0113239896673592,0
RR-06439,0.00010764476606778442,0
RR-06440,3.034239457036444e-05,0
RR-06441,0.00026794992598871655,0
RR-06442,0.00016063816083622626,0
RR-06443,9.164697016992196e-05,0
RR-06444,7.215355018697035e-05,0
RR-06445,0.0001120104111118035,0
RR-06446,5.016198756322081e-05,0
RR-06447,9.121551386744871e-05,0
RR-06448,0.000346921526815074,0
RR-06449,0.00028451439668773884,0
RR-06450,0.002114270125730169,0
RR-06451,6.264228588800805e-05,0
RR-06452,7.008629303377228e-05,0
RR-06453,0.00010745875481313996,0
RR-06454,4.89221091320949e-05,0
RR-06455,0.00010850583034789199,0
RR-06456,0.00016276894209524582,0
RR-06457,0.0002603096919409452,0
RR-06458,0.006659461545722341,0
RR-06459,9.534135459631335e-05,0
RR-06460,0.00013547598354201582,0
RR-06461,3.421375420596349e-05,0
RR-06462,0.00014133443844065627,0
RR-06463,0.0008535229861577794,0
RR-06464,0.00015191805381753478,0
RR-06465,7.759332930831262e-05,0
RR-06466,8.755532619399828e-05,0
RR-06467,0.0003546603615444175,0
RR-06468,0.0002547213394291393,0
RR-06469,6.581231637391727e-05,0
RR-06470,0.0001619166663331119,0
RR-06471,6.481895249825928e-05,0
RR-06472,3.312534413400615e-05,0
RR-06473,4.244318973355505e-05,0
RR-06474,5.058055000354608e-05,0
RR-06475,9.181061657226501e-05,0
RR-06476,4.756633093249604e-05,0
RR-06477,7.7079757620745e-05,0
RR-06478,3.8180756935171284e-05,0
RR-06479,3.600634777524726e-05,0
RR-06480,6.56544755158035e-05,0
RR-06481,0.0001313869418540428,0
RR-06482,0.0003730179270965505,0
RR-06483,9.56479991671858e-05,0
RR-06484,0.001089212939998075,0
RR-06485,0.0056515752079022985,0
RR-06486,3.716344852768386e-05,0
RR-06487,3.633077926509824e-05,0
RR-06488,8.192253413541116e-05,0
RR-06489,4.05651079397447e-05,0
RR-06490,7.274932528760487e-05,0
RR-06491,3.071993947475506e-05,0
RR-06492,4.155122770240202e-05,0
RR-06493,0.0013930032607634155,0
RR-06494,6.32282412806519e-05,0
RR-06495,2.985555144511141e-05,0
RR-06496,5.1761064414285003e-05,0
RR-06497,0.00022731379476547753,0
RR-06498,0.9830661793696199,1
RR-06499,0.0001772461550630148,0
RR-06500,4.142662130271712e-05,0
RR-06501,7.142400940644594e-05,0
RR-06502,4.483714048157284e-05,0
RR-06503,7.757253135062781e-05,0
RR-06504,0.00021882552062873985,0
RR-06505,0.00011917575187031641,0
RR-06506,0.0011317463423728812,0
RR-06507,0.00043923710594600087,0
RR-06508,9.697653469813373e-05,0
RR-06509,0.00010822986172667992,0
RR-06510,7.646888151047056e-05,0
RR-06511,3.1418740540157404e-05,0
RR-06512,0.992810987771974,1
RR-06513,0.0002622712943360206,0
RR-06514,0.0005790045405343631,0
RR-06515,0.00017283141371188005,0
RR-06516,0.0001007114243836203,0
RR-06517,5.5664499833202776e-05,0
RR-06518,5.839244917753735e-05,0
RR-06519,0.00018797093457261117,0
RR-06520,0.00013213638210988595,0
RR-06521,3.6735523165065915e-05,0
RR-06522,8.690470588401257e-05,0
RR-06523,0.0002345464448962847,0
RR-06524,5.6322666168724e-05,0
RR-06525,0.00014367813535243697,0
RR-06526,0.00017124810132705442,0
RR-06527,0.00012183193561966338,0
RR-06528,2.8940094992812326e-05,0
RR-06529,0.0001645990897267387,0
RR-06530,9.545913386249351e-05,0
RR-06531,0.00011992947875200769,0
RR-06532,3.581691385960221e-05,0
RR-06533,3.8945976517927786e-05,0
RR-06534,0.000553551445842958,0
RR-06535,0.00013439985731302103,0
RR-06536,0.00010282859680809386,0
RR-06537,6.0337012511994894e-05,0
RR-06538,9.919326690445829e-05,0
RR-06539,0.033756599019586844,0
RR-06540,0.0001922439773624786,0
RR-06541,4.183736270540067e-05,0
RR-06542,2.7791930676534023e-05,0
RR-06543,0.00014046403643300364,0
RR-06544,4.351981681971955e-05,0
RR-06545,0.00014118360220541237,0
RR-06546,7.35057661096645e-05,0
RR-06547,6.569984479619179e-05,0
RR-06548,0.00044969016011157763,0
RR-06549,0.00019011531860994312,0
RR-06550,5.370739406739105e-05,0
RR-06551,0.00018468844720920366,0
RR-06552,5.858207175769805e-05,0
RR-06553,0.00025977360911502836,0
RR-06554,8.826737751012925e-05,0
RR-06555,0.00019040326822847907,0
RR-06556,0.006150579446356867,0
RR-06557,3.733391429683939e-05,0
RR-06558,0.0003585689300270758,0
RR-06559,0.00015111894097198848,0
RR-06560,3.6542454307467104e-05,0
RR-06561,0.000449891284488303,0
RR-06562,0.00014014277347621092,0
RR-06563,0.0001614064720281012,0
RR-06564,4.5440198155451356e-05,0
RR-06565,0.0007556371350573809,0
RR-06566,6.984705959965796e-05,0
RR-06567,6.947167732768711e-05,0
RR-06568,0.00014116728632368526,0
RR-06569,3.458010105017958e-05,0
RR-06570,4.8616930882358626e-05,0
RR-06571,0.00016445386619959074,0
RR-06572,0.0003259991179791317,0
RR-06573,3.64925754763256e-05,0
RR-06574,3.150107327251171e-05,0
RR-06575,0.0005794745104872215,0
RR-06576,8.542487419324922e-05,0
RR-06577,0.0001540374622800936,0
RR-06578,3.905863058714892e-05,0
RR-06579,4.022151112346027e-05,0
RR-06580,0.00011508572008192768,0
RR-06581,4.9161496124412093e-05,0
RR-06582,0.00011656431960487519,0
RR-06583,3.2958349476064934e-05,0
RR-06584,9.849589615441731e-05,0
RR-06585,5.630614499872429e-05,0
RR-06586,7.354552850297674e-05,0
RR-06587,4.0734926417165495e-05,0
RR-06588,2.820320857858955e-05,0
RR-06589,7.619595753810864e-05,0
RR-06590,0.0002848858138735506,0
RR-06591,3.637794180066593e-05,0
RR-06592,3.579214465529422e-05,0
RR-06593,3.791893957759496e-05,0
RR-06594,5.387290364670088e-05,0
RR-06595,0.0001769403086019223,0
RR-06596,8.281459615002003e-05,0
RR-06597,3.9429243673669944e-05,0
RR-06598,7.476766397045735e-05,0
RR-06599,5.6286335661045e-05,0
RR-06600,4.339721748343767e-05,0
RR-06601,0.0001483891425429871,0
RR-06602,7.78078633326927e-05,0
RR-06603,0.00012329797591926675,0
RR-06604,0.00017106577766384294,1
RR-06605,0.0008038804201762843,0
RR-06606,5.971146143091469e-05,0
RR-06607,4.3397480517766166e-05,0
RR-06608,4.389456646181473e-05,0
RR-06609,9.661338473013582e-05,0
RR-06610,4.778789086034928e-05,0
RR-06611,0.019293388156802867,1
RR-06612,5.656573045124474e-05,0
RR-06613,8.69395365447353e-05,0
RR-06614,8.398891762244107e-05,0
RR-06615,2.8767471687676976e-05,0
RR-06616,0.00018286646776928786,0
RR-06617,3.513383629111814e-05,0
RR-06618,0.00011711453366378276,0
RR-06619,0.0001735612931980438,0
RR-06620,0.0001525155789703652,0
RR-06621,0.003397491769845779,0
RR-06622,0.00010736704716416963,0
RR-06623,0.00018484351431748375,0
RR-06624,0.00016977788659874556,0
RR-06625,0.0004559223155087944,0
RR-06626,6.146015974331041e-05,0
RR-06627,0.002825301148602521,0
RR-06628,0.00017861472534873437,0
RR-06629,0.032698667868837045,0
RR-06630,9.556877091162576e-05,0
RR-06631,0.0020227429845914397,0
RR-06632,6.36821692135114e-05,0
RR-06633,0.0003893135393018358,0
RR-06634,0.0020557587446769217,0
RR-06635,3.305471494869802e-05,0
RR-06636,7.143952237265444e-05,0
RR-06637,0.0008825757457828819,0
RR-06638,9.20285903492773e-05,0
RR-06639,0.0001307731619163478,0
RR-06640,0.0003414768802797821,0
RR-06641,0.00011113177972554522,0
RR-06642,0.0002800308788083518,0
RR-06643,4.1025938553705756e-05,0
RR-06644,3.9389187291167965e-05,0
RR-06645,5.6239070873066233e-05,0
RR-06646,0.005492473138663782,0
RR-06647,8.521406196368927e-05,0
RR-06648,0.00010305580016286978,0
RR-06649,0.0001270318552927564,0
RR-06650,0.00017995590497378683,0
RR-06651,4.644183594040822e-05,0
RR-06652,0.0006594913611556484,0
RR-06653,4.4910107910814096e-05,0
RR-06654,0.0003348129390387606,0
RR-06655,0.00010077831949985239,0
RR-06656,3.7245335414647364e-05,0
RR-06657,0.00010796717177462114,0
RR-06658,3.941966133162525e-05,0
RR-06659,0.00040043586151006455,0
RR-06660,5.1529731996593894e-05,0
RR-06661,0.00015258658594459855,0
RR-06662,4.2079867800732595e-05,0
RR-06663,0.0002705478767236077,0
RR-06664,8.251132274178734e-05,0
RR-06665,6.534300974917438e-05,0
RR-06666,0.0003160664517220997,0
RR-06667,6.90009861484432e-05,0
RR-06668,0.0011317463423728812,0
RR-06669,0.00013323800622175766,0
RR-06670,0.00012012642459987433,0
RR-06671,2.9076717953096094e-05,0
RR-06672,0.0003925899896384494,0
RR-06673,0.00031712680403448785,0
RR-06674,0.0005290808195829164,0
RR-06675,5.878150662021516e-05,0
RR-06676,0.00013376333533492697,0
RR-06677,3.071528985504659e-05,0
RR-06678,0.00018472933985470906,0
RR-06679,0.00019608529236768725,0
RR-06680,3.0838792437036277e-05,0
RR-06681,3.5225715890319494e-05,0
RR-06682,7.273810558451899e-05,0
RR-06683,4.198294656795568e-05,0
RR-06684,9.667665778496638e-05,0
RR-06685,3.212208693909099e-05,0
RR-06686,5.710557715779296e-05,0
RR-06687,0.19632622372172934,0
RR-06688,0.004603793011059384,0
RR-06689,0.00021749262109320704,0
RR-06690,5.801484823264729e-05,0
RR-06691,0.00017554857573450747,0
RR-06692,8.295407531104659e-05,0
RR-06693,3.878737304036854e-05,0
RR-06694,2.9808039882542367e-05,0
RR-06695,6.705056139373531e-05,0
RR-06696,0.0001597962925308159,0
RR-06697,2.8961706155335763e-05,0
RR-06698,0.00010444912017939897,0
RR-06699,3.5167645835742406e-05,0
RR-06700,8.967117092206994e-05,0
RR-06701,0.00014965203047829148,0
RR-06702,5.89283771424846e-05,0
RR-06703,8.760633446359593e-05,0
RR-06704,0.0006835590711507966,0
RR-06705,0.012344076053560535,0
RR-06706,5.997224553466743e-05,0
RR-06707,6.584666973537308e-05,0
RR-06708,0.0002415017616806969,0
RR-06709,0.00036499901513293914,0
RR-06710,7.65161612917278e-05,0
RR-06711,0.00011645149010308373,0
RR-06712,2.92894430569624e-05,0
RR-06713,0.00016933206146704837,0
RR-06714,0.0001284807655955061,0
RR-06715,0.0006620168671239417,0
RR-06716,5.556138931681183e-05,0
RR-06717,0.00012294167871417655,0
RR-06718,9.268917489271521e-05,0
RR-06719,0.0007096602328667775,0
RR-06720,5.9178126792430554e-05,0
RR-06721,5.819026821962641e-05,0
RR-06722,3.892974517069181e-05,0
RR-06723,0.03820861525199319,0
RR-06724,3.181237330660173e-05,0
RR-06725,0.00015460718166949061,0
RR-06726,3.480766342209997e-05,0
RR-06727,6.468534798851885e-05,0
RR-06728,5.818032004352774e-05,0
RR-06729,8.102763280021632e-05,0
RR-06730,0.0001662418246002717,0
RR-06731,5.05779172724628e-05,0
RR-06732,6.0925438064788034e-05,0
RR-06733,0.0001128045204749584,0
RR-06734,0.00011740749357600924,0
RR-06735,0.0004996488262645669,0
RR-06736,0.003496829536220644,0
RR-06737,5.0165935077913705e-05,0
RR-06738,5.9890179869293136e-05,0
RR-06739,0.9799518548989942,1
RR-06740,7.596826360408782e-05,0
RR-06741,7.159916878604435e-05,0
RR-06742,0.00022182214061836037,0
RR-06743,0.0001399477370919888,0
RR-06744,6.31088616715526e-05,0
RR-06745,0.00011137792796121026,0
RR-06746,3.386608371448374e-05,0
RR-06747,4.595405906035338e-05,0
RR-06748,7.398361821804659e-05,0
RR-06749,6.770511496467442e-05,0
RR-06750,4.540936107893667e-05,0
RR-06751,0.0006263674916131381,0
RR-06752,4.0719180272233353e-05,0
RR-06753,7.74794927893419e-05,0
RR-06754,0.000433142830265572,0
RR-06755,0.00014648128150077515,0
RR-06756,5.730897693801278e-05,0
RR-06757,5.790325052111779e-05,0
RR-06758,0.00013719548584043465,0
RR-06759,0.00010340670289632593,0
RR-06760,0.00022898389694579955,0
RR-06761,2.691637500319294e-05,0
RR-06762,0.00025302020933088706,0
RR-06763,0.0001363590092104273,0
RR-06764,0.00010593404315801767,0
RR-06765,0.0009362517801486962,0
RR-06766,0.00014456803570698566,0
RR-06767,0.00014618655956285696,0
RR-06768,0.00012953773798706872,0
RR-06769,0.000145420144225775,0
RR-06770,4.54730680050384e-05,0
RR-06771,0.001665646033485547,0
RR-06772,0.00013373156556276464,0
RR-06773,4.128257146632729e-05,0
RR-06774,0.00027637578505505307,0
RR-06775,0.0013418520552656603,0
RR-06776,0.00011266376515271245,0
RR-06777,0.0011406262776107244,0
RR-06778,0.0006309456046704945,0
RR-06779,5.714143535965032e-05,0
RR-06780,0.029545504256395565,0
RR-06781,3.519312475989948e-05,0
RR-06782,4.2340761516121366e-05,0
RR-06783,0.00011162187977297369,0
RR-06784,7.438852857475461e-05,0
RR-06785,4.57354302117998e-05,0
RR-06786,9.983365852598071e-05,0
RR-06787,4.4935231960219115e-05,0
RR-06788,0.007061327428058679,0
RR-06789,0.00011012953340225809,0
RR-06790,7.40336994719922e-05,0
RR-06791,5.589843068523383e-05,0
RR-06792,0.0004020214428184018,0
RR-06793,6.472594964618466e-05,0
RR-06794,5.179643720764987e-05,0
RR-06795,4.22124245677974e-05,0
RR-06796,9.217751324058212e-05,0
RR-06797,4.932654900480663e-05,0
RR-06798,0.00012005321923242017,0
RR-06799,0.00010710154261040786,0
RR-06800,5.730123551015197e-05,0
RR-06801,3.877382974746968e-05,0
RR-06802,3.5362822365630364e-05,0
RR-06803,0.00027495024147125276,0
RR-06804,2.7491424149520083e-05,0
RR-06805,7.221452215154948e-05,0
RR-06806,0.00015552196335101982,0
RR-06807,0.00016997526738248142,0
RR-06808,7.018883141927785e-05,0
RR-06809,0.0008376922363913783,0
RR-06810,6.57798252571982e-05,0
RR-06811,7.950332939656421e-05,0
RR-06812,0.00020878653108467564,0
RR-06813,0.00048247220524725204,0
RR-06814,0.903196199194765,1
RR-06815,6.0569012823344195e-05,0
RR-06816,0.0003455373119293184,0
RR-06817,0.00127506708861551,0
RR-06818,6.821035988093451e-05,0
RR-06819,5.157631393009256e-05,0
RR-06820,0.00010636758307790824,0
RR-06821,3.326675845991739e-05,0
RR-06822,0.00015217184673615004,0
RR-06823,6.555195615800817e-05,0
RR-06824,0.9161552901467945,1
RR-06825,4.1728284216223904e-05,0
RR-06826,6.191459331153477e-05,0
RR-06827,0.00017330954812676172,0
RR-06828,0.0005095112259996582,0
RR-06829,3.877794860516846e-05,0
RR-06830,0.00010785510995177115,0
RR-06831,9.839428890543285e-05,0
RR-06832,0.0003105223224188882,0
RR-06833,0.00010862174943396942,0
RR-06834,8.671610578907275e-05,0
RR-06835,0.0005255241717569242,0
RR-06836,5.973831343118287e-05,0
RR-06837,5.4059569955707e-05,0
RR-06838,5.137800280216551e-05,0
RR-06839,4.66069307984662e-05,0
RR-06840,4.168666589505504e-05,0
RR-06841,0.00018817606865856863,0
RR-06842,0.00010347707624871497,0
RR-06843,0.9591443499896034,1
RR-06844,4.733384965272229e-05,0
RR-06845,7.06857955029031e-05,0
RR-06846,0.0006671555646059531,0
RR-06847,0.00010548372576716972,0
RR-06848,0.000291947608613277,0
RR-06849,7.832188644379928e-05,0
RR-06850,0.0001223305913449594,0
RR-06851,0.003059616272289569,0
RR-06852,5.8273213529464356e-05,0
RR-06853,0.000241213177651445,0
RR-06854,0.00021882687738972515,0
RR-06855,6.952459499940899e-05,0
RR-06856,7.003560223000309e-05,0
RR-06857,5.111085429836873e-05,0
RR-06858,0.0001040284329195809,0
RR-06859,0.0002810866813972892,0
RR-06860,4.9681617542083856e-05,0
RR-06861,3.212626794442573e-05,0
RR-06862,0.00018688487822738644,0
RR-06863,5.0976870738226796e-05,0
RR-06864,6.711214601972926e-05,0
RR-06865,7.360570291161639e-05,0
RR-06866,3.236166613944247e-05,0
RR-06867,5.4168455879281116e-05,0
RR-06868,0.00023640105885285126,0
RR-06869,0.0007898648854165859,0
RR-06870,7.072223490142804e-05,0
RR-06871,0.0001050726790956526,0
RR-06872,0.0003053117061259877,0
RR-06873,0.001388096816418805,0
RR-06874,7.261320682663959e-05,0
RR-06875,5.5986889806568944e-05,0
RR-06876,3.88737040009381e-05,0
RR-06877,0.00014849763510780506,0
RR-06878,0.00025862878371952835,0
RR-06879,3.523936793944255e-05,0
RR-06880,4.361649068451683e-05,0
RR-06881,0.0016830144337561682,0
RR-06882,6.473244281990205e-05,0
RR-06883,0.0002867501851063874,0
RR-06884,5.066416030907729e-05,0
RR-06885,4.294115910960622e-05,0
RR-06886,0.00016688842703102284,0
RR-06887,0.01276574244184595,0
RR-06888,5.2896091107283186e-05,0
RR-06889,4.510541169507448e-05,0
RR-06890,0.00029794383889504214,0
RR-06891,6.476281289764567e-05,0
RR-06892,0.00014720323977728968,0
RR-06893,8.516827623615134e-05,0
RR-06894,0.0010305243298622652,0
RR-06895,5.7416890229738295e-05,0
RR-06896,0.0005130301289789475,0
RR-06897,0.021397899708351233,0
RR-06898,0.000456261473493018,0
RR-06899,0.0001588205946061736,0
RR-06900,4.529040243596078e-05,0
RR-06901,0.0003808084109867515,0
RR-06902,0.0005018681051512248,0
RR-06903,6.36615491696962e-05,0
RR-06904,2.836175402194255e-05,0
RR-06905,0.9592616430368592,1
RR-06906,0.00014039766069068847,0
RR-06907,0.0003404169339162643,0
RR-06908,0.0010158517633379203,0
RR-06909,5.592825873626902e-05,0
RR-06910,5.3557028947911934e-05,0
RR-06911,4.6790359061006355e-05,0
RR-06912,0.0008481151670778792,0
RR-06913,4.353945438956794e-05,0
RR-06914,5.252559940949564e-05,0
RR-06915,0.00010647846951992913,0
RR-06916,0.04923415567563778,0
RR-06917,0.00032144060530391364,0
RR-06918,0.00015792922649714316,0
RR-06919,8.224352223943547e-05,0
RR-06920,5.3397826846278244e-05,0
RR-06921,0.00011692702243133764,0
RR-06922,0.009273682793746832,0
RR-06923,7.563613796352589e-05,0
RR-06924,0.21481430096809145,0
RR-06925,3.7874345821685406e-05,0
RR-06926,7.524073957902753e-05,0
RR-06927,0.00018071028226153082,0
RR-06928,0.9870296212661073,1
RR-06929,0.00017119349504793446,0
RR-06930,0.00012879431560574073,0
RR-06931,3.700999070742632e-05,0
RR-06932,4.038687945843615e-05,0
RR-06933,0.00016625227444917203,0
RR-06934,4.8895183781619235e-05,0
RR-06935,3.968481925148364e-05,0
RR-06936,0.0040761065757963155,0
RR-06937,3.524284139566277e-05,0
RR-06938,0.00021115133131970835,0
RR-06939,8.592280974282582e-05,0
RR-06940,0.0002623990872813213,0
RR-06941,5.2855372236906474e-05,0
RR-06942,5.108428698762519e-05,0
RR-06943,3.175538250171442e-05,0
RR-06944,0.0005335507034063359,0
RR-06945,4.5932549208478554e-05,0
RR-06946,0.0013356768693607694,0
RR-06947,0.0001297835421411069,0
RR-06948,0.00022481809407642748,0
RR-06949,0.0005391519794861626,0
RR-06950,9.19179777347876e-05,0
RR-06951,0.94445468631581,1
RR-06952,7.462953079379196e-05,0
RR-06953,6.474312669756824e-05,0
RR-06954,0.004421442224582114,0
RR-06955,9.50748272043164e-05,0
RR-06956,0.072667292186283,0
RR-06957,0.0003249250958817807,0
RR-06958,6.0676633555401595e-05,0
RR-06959,0.0007465080180914899,0
RR-06960,3.779805367741825e-05,0
RR-06961,0.00010447960538819467,0
RR-06962,5.7043663914919e-05,0
RR-06963,0.0003075621837650156,0
RR-06964,0.00031193917488041734,0
RR-06965,4.99476222572878e-05,0
RR-06966,0.00028033783667638087,0
RR-06967,3.0944973244066386e-05,0
RR-06968,0.0004491843554590692,0
RR-06969,5.2151077432971685e-05,0
RR-06970,6.588604233408185e-05,0
RR-06971,8.536626043770226e-05,0
RR-06972,0.0001160024446763161,0
RR-06973,3.7866090866634e-05,0
RR-06974,5.104344700796404e-05,0
RR-06975,0.0004096917485166206,0
RR-06976,4.375305804577685e-05,0
RR-06977,0.0014018939437905433,0
RR-06978,5.627384016749982e-05,0
RR-06979,5.2533577138121724e-05,0
RR-06980,6.0156375850353496e-05,0
RR-06981,0.0009444828861824588,0
RR-06982,0.9705974412111631,1
RR-06983,0.008154116375399485,0
RR-06984,3.025653161068661e-05,0
RR-06985,0.00015719836018329519,0
RR-06986,0.0001904808664438685,0
RR-06987,0.0010665480874043507,0
RR-06988,0.00012815846130128768,0
RR-06989,0.0001856889441427431,0
RR-06990,4.9932880081460374e-05,0
RR-06991,0.00013663073221400064,0
RR-06992,0.00037330791620485306,0
RR-06993,0.0007883999441909866,0
RR-06994,0.0001357695574178846,0
RR-06995,0.00022025552309828445,0
RR-06996,0.000124676300112116,0
RR-06997,0.00011445708402864231,0
RR-06998,6.042751659376306e-05,0
RR-06999,6.512904436737991e-05,0
RR-07000,0.0001165587443655333,0
RR-07001,0.0001934899646388838,0
RR-07002,0.00014284443816848648,0
RR-07003,0.00012548921361690336,0
RR-07004,0.0023357245214067827,0
RR-07005,0.03292833643087132,0
RR-07006,0.00012962643486059657,0
RR-07007,5.594434331900563e-05,0
RR-07008,0.00014738173435750124,0
RR-07009,5.6869965528932685e-05,0
RR-07010,0.00017015444019451842,0
RR-07011,0.0003244500919746823,0
RR-07012,8.293835302833202e-05,0
RR-07013,4.6764287178123094e-05,0
RR-07014,3.384077471909489e-05,0
RR-07015,7.868281254150285e-05,0
RR-07016,4.204345480989561e-05,0
RR-07017,0.00014140225140510545,0
RR-07018,0.0001095618533702501,0
RR-07019,0.0001713163085787051,0
RR-07020,6.864464060116565e-05,0
RR-07021,0.000154690308740777,0
RR-07022,0.0070415584438116045,0
RR-07023,0.0005283628826430819,0
RR-07024,0.0001768377457443504,0
RR-07025,5.794061417170969e-05,0
RR-07026,9.871451759654426e-05,0
RR-07027,0.9801611008618168,1
RR-07028,4.036444755303181e-05,0
RR-07029,3.875353781413436e-05,0
RR-07030,0.009684532536968058,0
RR-07031,5.471462464435675e-05,0
RR-07032,4.170195728770404e-05,0
RR-07033,7.506601529418001e-05,0
RR-07034,7.538879759219286e-05,0
RR-07035,0.00011173778512813707,0
RR-07036,0.0002977424143493008,0
RR-07037,6.183033479608934e-05,0
RR-07038,9.069577147036418e-05,0
RR-07039,5.311745677803575e-05,0
RR-07040,6.682382153823579e-05,0
RR-07041,4.2618197085331715e-05,0
RR-07042,0.00017054096801852697,0
RR-07043,4.1110267175906464e-05,0
RR-07044,9.528608594201484e-05,0
RR-07045,0.0006931542827581981,0
RR-07046,6.494693390869942e-05,0
RR-07047,5.0009363679058685e-05,0
RR-07048,4.0249111311974565e-05,0
RR-07049,5.006641926067232e-05,0
RR-07050,0.0001044431782331424,0
RR-07051,7.416217754969309e-05,0
RR-07052,8.214783166111213e-05,0
RR-07053,3.8033208634899416e-05,0
RR-07054,0.00016134299709772606,0
RR-07055,8.400561351658223e-05,0
RR-07056,4.0256350472048696e-05,0
RR-07057,8.012146090104865e-05,0
RR-07058,0.0001783487092972628,0
RR-07059,3.573330588031707e-05,0
RR-07060,0.00022951642998014974,0
RR-07061,0.0007421960307269825,0
RR-07062,0.00011846985350535972,0
RR-07063,0.0013358130014516658,0
RR-07064,3.4035465895433806e-05,0
RR-07065,0.00026931302267470394,0
RR-07066,5.939292642598875e-05,0
RR-07067,6.354019382911722e-05,0
RR-07068,0.00012195170088892577,0
RR-07069,5.6261147146093794e-05,0
RR-07070,8.624754577397746e-05,0
RR-07071,0.00022421329151662016,0
RR-07072,0.0001228315184221944,0
RR-07073,0.009789674347264169,0
RR-07074,8.154433653649446e-05,0
RR-07075,4.605238664647439e-05,0
RR-07076,0.00015502552904953212,0
RR-07077,0.00010521741859831198,0
RR-07078,5.1493734106198976e-05,0
RR-07079,2.884533435049763e-05,0
RR-07080,3.4444705893361644e-05,0
RR-07081,0.00015521666460936674,0
RR-07082,0.0001533491634642128,0
RR-07083,8.727101205347154e-05,0
RR-07084,8.507465701596798e-05,0
RR-07085,3.793866953150912e-05,0
RR-07086,4.79595303072299e-05,0
RR-07087,7.70951438808631e-05,0
RR-07088,0.000482380342698773,0
RR-07089,0.0031110952491179493,0
RR-07090,0.00012933275688271746,0
RR-07091,5.837312519134055e-05,0
RR-07092,4.628799759399879e-05,0
RR-07093,0.0001869774216327762,0
RR-07094,9.092105168454047e-05,0
RR-07095,6.792568747045385e-05,0
RR-07096,5.7427536293386155e-05,0
RR-07097,4.984005649429079e-05,0
RR-07098,4.940652432805303e-05,0
RR-07099,4.9360560066028854e-05,0
RR-07100,3.900166409603089e-05,0
RR-07101,5.681987920900534e-05,0
RR-07102,6.843517006994615e-05,0
RR-07103,3.356471269541322e-05,0
RR-07104,5.583146963557845e-05,0
RR-07105,0.00010125642506344002,0
RR-07106,8.506681577796364e-05,0
RR-07107,8.025381109474644e-05,0
RR-07108,0.0001006559768180677,0
RR-07109,0.0001268796062669887,0
RR-07110,7.381528920617622e-05,0
RR-07111,0.00013648171263551943,0
RR-07112,7.706578778364536e-05,0
RR-07113,8.146570743877444e-05,0
RR-07114,5.968937573417193e-05,0
RR-07115,7.673571375003823e-05,0
RR-07116,8.209283052717549e-05,0
RR-07117,0.0001599390343517438,0
RR-07118,0.00010211337226339131,0
RR-07119,4.530352052718558e-05,0
RR-07120,0.0010993923772911547,0
RR-07121,4.9028880766810477e-05,0
RR-07122,3.0766759899856625e-05,0
RR-07123,3.44284627428971e-05,0
RR-07124,4.352647063039108e-05,0
RR-07125,0.00022949827907376563,0
RR-07126,3.380976699144158e-05,0
RR-07127,0.00011376204929996836,0
RR-07128,0.00019140709025216934,0
RR-07129,0.00023015799730537415,0
RR-07130,4.0273209876720656e-05,0
RR-07131,0.00019161095527432635,0
RR-07132,0.981573281695489,1
RR-07133,0.00019188862390476824,0
RR-07134,9.829044211593748e-05,0
RR-07135,7.08011195617361e-05,0
RR-07136,9.783549609525865e-05,0
RR-07137,0.00014753835033227982,0
RR-07138,0.00015855220163439688,0
RR-07139,0.9571251778938202,1
RR-07140,0.018780165085902422,0
RR-07141,3.347900944479139e-05,0
RR-07142,8.111336135179343e-05,0
RR-07143,3.504753712118027e-05,0
RR-07144,5.9768179833750126e-05,0
RR-07145,9.165949377878598e-05,0
RR-07146,0.0003283992499548203,0
RR-07147,0.0002585285797157144,0
RR-07148,4.774321602888583e-05,0
RR-07149,0.0070426340448514965,0
RR-07150,0.00024606711053456413,0
RR-07151,6.644604004928834e-05,0
RR-07152,0.000248582008261938,0
RR-07153,3.9933934062116945e-05,0
RR-07154,0.3543695225292981,1
RR-07155,8.66199965519707e-05,0
RR-07156,0.0010033589240817482,0
RR-07157,0.0002189274086140891,0
RR-07158,4.995821123523605e-05,0
RR-07159,2.7224995849735197e-05,0
RR-07160,5.343992088334349e-05,0
RR-07161,0.00011459695860012396,0
RR-07162,4.786894214762485e-05,0
RR-07163,4.841166255293085e-05,0
RR-07164,3.987018648672758e-05,0
RR-07165,0.0001915262607594738,0
RR-07166,2.8902662092137902e-05,0
RR-07167,0.0006699979495129344,0
RR-07168,0.0001090753863667067,0
RR-07169,0.005316046155114806,0
RR-07170,6.136940566743064e-05,0
RR-07171,0.00011691245671236188,0
RR-07172,8.04170177730848e-05,0
RR-07173,5.775549572717054e-05,0
RR-07174,3.952708849771308e-05,0
RR-07175,7.239521112754448e-05,0
RR-07176,0.0013719264089274634,0
RR-07177,0.00011519258465501874,0
RR-07178,0.0006744797592131856,0
RR-07179,0.0002256117199059232,0
RR-07180,6.1291306544418e-05,0
RR-07181,5.825093112686788e-05,0
RR-07182,0.00011401819693357077,0
RR-07183,5.870979031132402e-05,0
RR-07184,8.65150896620554e-05,0
RR-07185,4.830214632820581e-05,0
RR-07186,0.00015066260448538406,0
RR-07187,8.078597901770152e-05,0
RR-07188,6.135538659857178e-05,0
RR-07189,6.030222775634546e-05,0
RR-07190,6.530964910039487e-05,0
RR-07191,8.416879304486339e-05,0
RR-07192,5.915653239489669e-05,0
RR-07193,9.50402915394268e-05,0
RR-07194,4.821206641908941e-05,0
RR-07195,0.00010388729562187803,0
RR-07196,6.451190812351707e-05,0
RR-07197,7.978891311647016e-05,0
RR-07198,9.086535848080624e-05,0
RR-07199,7.34112195214189e-05,0
RR-07200,8.748956809013074e-05,0
RR-07201,0.05634850239009843,0
RR-07202,0.0007619566379971339,0
RR-07203,6.554573903724522e-05,0
RR-07204,0.00038552541548416905,0
RR-07205,6.342147647384195e-05,0
RR-07206,0.00013025400419822323,0
RR-07207,8.496058880503643e-05,0
RR-07208,0.00018081760893388108,0
RR-07209,0.9016876510268994,1
RR-07210,0.00015620253887328896,0
RR-07211,5.693543857988062e-05,0
RR-07212,0.00020944926816002823,0
RR-07213,0.0007198823943641371,0
RR-07214,0.000231956293017755,0
RR-07215,7.919667901338928e-05,0
RR-07216,0.0003103206886202051,0
RR-07217,3.133588934904834e-05,0
RR-07218,5.056812977307988e-05,0
RR-07219,0.0003541871530861136,0
RR-07220,0.0006409998491945178,0
RR-07221,8.045560266046744e-05,0
RR-07222,3.401029740854608e-05,0
RR-07223,3.6363772684531956e-05,0
RR-07224,0.9946967894417822,1
RR-07225,6.861579920506764e-05,0
RR-07226,0.00012310524324042035,0
RR-07227,3.9063123464879164e-05,0
RR-07228,8.16758404771016e-05,0
RR-07229,0.0001964171431411569,0
RR-07230,3.845826623786071e-05,0
RR-07231,0.00013566767821382965,0
RR-07232,0.0001481817566220807,0
RR-07233,3.228965693301109e-05,0
RR-07234,0.0003390182589697972,0
RR-07235,0.00035746134600744714,0
RR-07236,4.343421697423416e-05,0
RR-07237,0.0001170821551864947,0
RR-07238,4.602726395047489e-05,0
RR-07239,3.703961294824329e-05,0
RR-07240,4.1345525704592256e-05,0
RR-07241,0.00012916884307364918,0
RR-07242,9.353612790134612e-05,0
RR-07243,8.607252523758063e-05,0
RR-07244,0.00024762423073878154,0
RR-07245,3.399914674724407e-05,0
RR-07246,6.944326888276891e-05,0
RR-07247,0.00014347606283670306,0
RR-07248,3.033541941151825e-05,0
RR-07249,0.00046007400141528395,0
RR-07250,0.00015394116463938513,0
RR-07251,0.000112552383092753,0
RR-07252,0.0017016927349305534,0
RR-07253,0.8482104702098959,1
RR-07254,8.401757868415312e-05,0
RR-07255,0.09681325691840008,0
RR-07256,4.3255188988500676e-05,0
RR-07257,0.00018152816685940796,0
RR-07258,4.341506000465345e-05,0
RR-07259,7.818637266322947e-05,0
RR-07260,6.908996730415648e-05,0
RR-07261,7.461947503081976e-05,0
RR-07262,4.923066828022535e-05,0
RR-07263,0.00010199653658309805,0
RR-07264,0.00034885329423448263,0
RR-07265,7.610136498844947e-05,0
RR-07266,6.442339245156439e-05,0
RR-07267,3.701849893392324e-05,0
RR-07268,0.00016298442465717894,0
RR-07269,3.9624364937201964e-05,0
RR-07270,0.00028889298744090737,0
RR-07271,0.00012982690103475233,0
RR-07272,0.00016633575616798406,0
RR-07273,0.37579600526741996,1
RR-07274,8.346909438918413e-05,0
RR-07275,0.0001718687764574664,0
RR-07276,0.00024549358358622747,0
RR-07277,5.456912012692461e-05,0
RR-07278,0.8010606309122513,1
RR-07279,5.0093767209200205e-05,0
RR-07280,0.00042097122900495147,0
RR-07281,3.3079073724048215e-05,0
RR-07282,8.71827288381159e-05,0
RR-07283,0.4338411916424257,0
RR-07284,0.00018356394295838158,0
RR-07285,0.002371347052746437,0
RR-07286,8.793354283083482e-05,0
RR-07287,0.0002006644744718789,0
RR-07288,3.8670557199684105e-05,0
RR-07289,4.493434241632908e-05,0
RR-07290,0.0002838323758552591,0
RR-07291,7.061356257450919e-05,0
RR-07292,0.009019342939108561,0
RR-07293,0.00039708226118887564,0
RR-07294,6.86137468780428e-05,0
RR-07295,4.7781295370676054e-05,0
RR-07296,6.484059147885455e-05,0
RR-07297,0.00018344882049442317,0
RR-07298,0.0006141523563937466,0
RR-07299,5.774773086895553e-05,0
RR-07300,8.511155147048567e-05,0
RR-07301,0.00017122336332647743,0
RR-07302,3.654430983688185e-05,0
RR-07303,0.0005316695663880443,0
RR-07304,3.654568974679557e-05,0
RR-07305,3.553373752540318e-05,0
RR-07306,7.321933207841646e-05,0
RR-07307,3.513383629111814e-05,0
RR-07308,6.794519282176497e-05,0
RR-07309,0.0006924319384947979,0
RR-07310,0.00013374221294325435,0
RR-07311,4.548602386143736e-05,0
RR-07312,4.9028880766810477e-05,0
RR-07313,6.107850733579676e-05,0
RR-07314,0.0001295767092957149,0
RR-07315,0.0008612338290874759,0
RR-07316,0.004436140423784909,0
RR-07317,3.129402494586353e-05,0
RR-07318,3.7384255570429945e-05,0
RR-07319,2.859731051161267e-05,0
RR-07320,3.93058333304816e-05,0
RR-07321,7.029744067201275e-05,0
RR-07322,8.70424440520951e-05,0
RR-07323,0.0001316966475213079,0
RR-07324,6.28982229289583e-05,0
RR-07325,9.896035871573291e-05,0
RR-07326,4.567734594254631e-05,0
RR-07327,8.792916717782649e-05,0
RR-07328,4.7797060087644594e-05,0
RR-07329,7.615987114614781e-05,0
RR-07330,0.00054787581912499,0
RR-07331,0.00021165760365969897,0
RR-07332,0.00256567260223909,0
RR-07333,0.00014005927643143858,0
RR-07334,5.2972054878377254e-05,0
RR-07335,0.00018705395886759992,0
RR-07336,0.00010111381131142133,0
RR-07337,0.00032512465768590805,0
RR-07338,5.943499202697054e-05,0
RR-07339,3.708709381409826e-05,0
RR-07340,6.957407299230871e-05,0
RR-07341,0.00022942862531103695,0
RR-07342,3.3260105472933376e-05,0
RR-07343,4.489922144726496e-05,0
RR-07344,3.230443867096364e-05,0
RR-07345,0.00027862432189379796,0
RR-07346,9.761984313620536e-05,0
RR-07347,0.000145420144225775,0
RR-07348,3.6747759465127755e-05,0
RR-07349,5.689849064546156e-05,0
RR-07350,8.204693726814152e-05,0
RR-07351,3.611686147274637e-05,0
RR-07352,5.3134554603893284e-05,0
RR-07353,0.00016728336645128127,0
RR-07354,4.898036015150927e-05,0
RR-07355,0.00012661339067438298,0
RR-07356,0.00011646739640343758,0
RR-07357,6.0271258645662884e-05,0
RR-07358,0.00011775530374768587,0
RR-07359,6.678942733407064e-05,0
RR-07360,0.0009426925491306022,0
RR-07361,0.0008316105279089596,0
RR-07362,7.949229235241314e-05,0
RR-07363,5.370094654000223e-05,0
RR-07364,4.3499275278785326e-05,0
RR-07365,4.07228257815888e-05,0
RR-07366,5.0600941111156226e-05,0
RR-07367,3.854101029144499e-05,0
RR-07368,0.00011798290987340268,0
RR-07369,0.00016283845524118066,0
RR-07370,0.00010502704765886378,0
RR-07371,0.030269078202285596,0
RR-07372,0.00023175326855674248,0
RR-07373,0.00014400911839777797,0
RR-07374,7.576643912843195e-05,0
RR-07375,0.0014733372904512881,0
RR-07376,0.00019209999370838122,0
RR-07377,0.0001441767784758033,0
RR-07378,3.0455317933209306e-05,0
RR-07379,0.00010656785903559752,0
RR-07380,0.0002983626859119101,0
RR-07381,0.9214813444818147,1
RR-07382,3.458010105017958e-05,0
RR-07383,0.00010050220468921466,0
RR-07384,0.00023131502610261115,0
RR-07385,0.00025710862577681435,0
RR-07386,0.00010347888340771192,0
RR-07387,8.598615057845243e-05,0
RR-07388,5.1675891957245174e-05,0
RR-07389,7.621481754514722e-05,0
RR-07390,0.00019340228014518444,0
RR-07391,4.900795336858554e-05,0
RR-07392,5.565747986946082e-05,0
RR-07393,0.003195412050295122,0
RR-07394,0.001567192824818122,0
RR-07395,4.1908048458880727e-05,0
RR-07396,7.078946493659182e-05,0
RR-07397,4.588913567773629e-05,0
RR-07398,4.946799890082912e-05,0
RR-07399,0.00019339756553098526,0
RR-07400,6.389554237935177e-05,0
RR-07401,0.00037946337186734635,0
RR-07402,6.796216011028564e-05,0
RR-07403,7.618594484694208e-05,0
RR-07404,5.54976260032925e-05,0
RR-07405,4.8163107980512965e-05,0
RR-07406,2.930411436405878e-05,0
RR-07407,5.712659094271781e-05,0
RR-07408,0.00015818780847226682,0
RR-07409,0.00018528481820304015,0
RR-07410,8.567353844638513e-05,0
RR-07411,5.525397574096317e-05,0
RR-07412,0.00011236870606220968,0
RR-07413,0.0001121614347689215,0
RR-07414,0.00022726977068769378,0
RR-07415,4.559460126602786e-05,0
RR-07416,5.681865402755666e-05,0
RR-07417,0.00015952533097685791,0
RR-07418,8.606326273471058e-05,0
RR-07419,0.00024208593638667464,0
RR-07420,8.053696645462811e-05,0
RR-07421,4.895438646563112e-05,0
RR-07422,0.00010427565697785976,0
RR-07423,3.942231181006231e-05,0
RR-07424,0.00013937891980034017,0
RR-07425,4.842573572940365e-05,0
RR-07426,0.0004065749820705356,0
RR-07427,0.0005782133801609935,0
RR-07428,3.289810711181538e-05,0
RR-07429,0.00026345478669337796,0
RR-07430,0.00010680312389127079,0
RR-07431,9.473224065493343e-05,0
RR-07432,8.567033751141591e-05,0
RR-07433,9.452595672636514e-05,0
RR-07434,0.00015402726636401986,0
RR-07435,0.0007053861690722591,0
RR-07436,3.754123072038801e-05,0
RR-07437,7.564849053108371e-05,0
RR-07438,6.443348821865387e-05,0
RR-07439,3.548721014316658e-05,0
RR-07440,5.257840905167769e-05,0
RR-07441,7.240224841548344e-05,0
RR-07442,3.6107680000546626e-05,0
RR-07443,8.834476753192095e-05,0
RR-07444,0.00014585202184555485,0
RR-07445,0.00018022403012498165,0
RR-07446,0.9544178478367265,1
RR-07447,0.00023290555333518444,0
RR-07448,3.844694423806691e-05,0
RR-07449,6.746662895050194e-05,0
RR-07450,6.84175830487012e-05,0
RR-07451,5.286861647182035e-05,0
RR-07452,3.863758649254528e-05,0
RR-07453,0.0010570880558949686,0
RR-07454,5.500059212324143e-05,0
RR-07455,6.125279826241418e-05,0
RR-07456,4.28902515693854e-05,0
RR-07457,0.0001521600990028818,0
RR-07458,7.284515129989405e-05,0
RR-07459,0.00011475753338398929,0
RR-07460,0.00013243773635664556,0
RR-07461,4.890929762412163e-05,0
RR-07462,6.993680244744645e-05,0
RR-07463,6.688777578345936e-05,0
RR-07464,6.033800084810826e-05,0
RR-07465,0.00018087233496982843,0
RR-07466,8.847469170171486e-05,0
RR-07467,5.619642913151649e-05,0
RR-07468,4.197425875191708e-05,0
RR-07469,5.280232922722968e-05,0
RR-07470,0.00010218386324068321,0
RR-07471,0.00034344881551177307,0
RR-07472,4.618487479258683e-05,0
RR-07473,0.00011464344266837482,0
RR-07474,8.404865436483068e-05,0
RR-07475,9.585951387430692e-05,0
RR-07476,0.00017498226489098473,0
RR-07477,0.00011917951244186057,0
RR-07478,4.90998431919475e-05,0
RR-07479,8.550774386171918e-05,0
RR-07480,4.53037546922502e-05,0
RR-07481,7.958798795706602e-05,0
RR-07482,7.252130633000066e-05,0
RR-07483,0.00012040899239093496,0
RR-07484,6.234793955450655e-05,0
RR-07485,0.0007596360474548647,0
RR-07486,0.0004825704866326932,0
RR-07487,7.343203128637148e-05,0
RR-07488,0.00026605486528375594,0
RR-07489,0.00021580722990411608,0
RR-07490,3.909968308839739e-05,0
RR-07491,8.676143391750348e-05,0
RR-07492,4.497180583671611e-05,0
RR-07493,3.594979023476139e-05,0
RR-07494,4.371909268483381e-05,0
RR-07495,4.924234524345515e-05,0
RR-07496,0.00037095462806509364,0
RR-07497,4.6461095886920746e-05,0
RR-07498,0.0002318374421859619,0
RR-07499,0.9937316188071292,1
RR-07500,0.00020325283324490882,0
RR-07501,0.00045561507232993423,0
RR-07502,4.265747121585244e-05,0
RR-07503,3.5064278358972416e-05,0
RR-07504,6.579667105930183e-05,0
RR-07505,0.00022651702875934788,0
RR-07506,0.2750436012672223,1
RR-07507,5.4124359683984886e-05,0
RR-07508,0.0001041975217815764,0
RR-07509,4.445543866312592e-05,0
RR-07510,0.00010385626633689946,0
RR-07511,0.00016408346254692945,0
RR-07512,0.00010169201102294063,0
RR-07513,0.00019427564713554447,0
RR-07514,0.9114068402556312,1
RR-07515,3.505844049677781e-05,0
RR-07516,0.00041608131400701316,0
RR-07517,0.954004512115976,1
RR-07518,7.164375338838199e-05,0
RR-07519,3.192539329180781e-05,0
RR-07520,0.00010258947156570074,0
RR-07521,3.8686465254724295e-05,0
RR-07522,5.466440089285135e-05,0
RR-07523,2.9390798417795065e-05,0
RR-07524,0.00010912469387500652,0
RR-07525,4.824380294144932e-05,0
RR-07526,0.0014666591868224244,0
RR-07527,5.494855427583876e-05,0
RR-07528,5.244127283903576e-05,0
RR-07529,8.197743202894574e-05,0
RR-07530,4.42800956881081e-05,0
RR-07531,0.00013709400262678425,0
RR-07532,9.188851833013971e-05,0
RR-07533,4.9337856740200985e-05,0
RR-07534,6.750070794809488e-05,0
RR-07535,0.0001730904961894625,0
RR-07536,0.0006594942616305119,0
RR-07537,4.085197000220418e-05,0
RR-07538,0.0001248945651868414,0
RR-07539,5.070770662519285e-05,0
RR-07540,8.925954329475442e-05,0
RR-07541,9.900011367713987e-05,0
RR-07542,0.00011926777921165654,0
RR-07543,0.000776100197978085,0
RR-07544,3.818468498165345e-05,0
RR-07545,7.444436438764627e-05,0
RR-07546,0.0003906446724901724,0
RR-07547,9.977471331043661e-05,0
RR-07548,0.00016889432726778562,0
RR-07549,0.00011764792410404132,0
RR-07550,7.668096012773862e-05,0
RR-07551,0.00014149346726887254,0
RR-07552,6.783088649633942e-05,0
RR-07553,0.0005194600084635546,0
RR-07554,0.0002117526264433379,0
RR-07555,0.00013153080656921003,0
RR-07556,4.258183002212058e-05,0
RR-07557,3.816865190218119e-05,0
RR-07558,6.434809773491385e-05,0
RR-07559,3.5046106339933213e-05,0
RR-07560,0.0004367182375534229,0
RR-07561,0.00018548092921521597,0
RR-07562,0.00010513694145030368,0
RR-07563,0.00012880940449822506,0
RR-07564,6.43983349401993e-05,0
RR-07565,7.120881637638423e-05,0
RR-07566,5.616588063245422e-05,0
RR-07567,3.4526960258663825e-05,0
RR-07568,2.8230562897470124e-05,0
RR-07569,7.6241082734398e-05,0
RR-07570,9.075398070940224e-05,0
RR-07571,0.00016964454190487293,0
RR-07572,0.00010588222544139305,0
RR-07573,0.0001226564451677505,0
RR-07574,0.00016793508322759118,0
RR-07575,0.0028684243673285114,0
RR-07576,0.00098032044998394,0
RR-07577,5.6111292453947295e-05,0
RR-07578,5.647503648710636e-05,0
RR-07579,0.0006481914983165236,0
RR-07580,0.00012542193107590937,0
RR-07581,3.814486826087811e-05,0
RR-07582,4.385011329754161e-05,0
RR-07583,0.06151996483867576,0
RR-07584,9.68859135206098e-05,0
RR-07585,3.546836156732139e-05,0
RR-07586,8.613523323362632e-05,0
RR-07587,3.854299710871643e-05,0
RR-07588,5.799055369606734e-05,0
RR-07589,0.0001011311746429661,0
RR-07590,0.000214262466138273,0
RR-07591,0.0002858121029535339,0
RR-07592,2.5279474425858774e-05,0
RR-07593,0.00020566993018139977,0
RR-07594,3.368273506394933e-05,0
RR-07595,0.00032227859010293966,0
RR-07596,4.3494835543392816e-05,0
RR-07597,3.164483774716875e-05,0
RR-07598,3.500564705387013e-05,0
RR-07599,0.00017562841056222825,0
RR-07600,0.000200687693034405,0
RR-07601,0.00013715625672160322,0
RR-07602,8.666040423948873e-05,0
RR-07603,6.257189037127396e-05,0
RR-07604,0.0001345699222455192,0
RR-07605,0.003512844759231933,0
RR-07606,9.990333454074462e-05,0
RR-07607,6.310050028750191e-05,0
RR-07608,6.89770651508183e-05,0
RR-07609,4.45331208638346e-05,0
RR-07610,0.0013863710423985857,0
RR-07611,3.5904315612517804e-05,0
RR-07612,0.00014314595823413203,0
RR-07613,6.897851514662996e-05,0
RR-07614,0.000123611751165014,0
RR-07615,4.845539544718313e-05,0
RR-07616,0.00011578487032825749,0
RR-07617,8.610942526503037e-05,0
RR-07618,0.00030659334040715014,0
RR-07619,3.054379308420446e-05,0
RR-07620,8.936339396850383e-05,0
RR-07621,4.5828930484949286e-05,0
RR-07622,4.3615482086293304e-05,0
RR-07623,4.7521431370586015e-05,0
RR-07624,0.00032507750876020346,0
RR-07625,0.0005072412740830385,0
RR-07626,0.0002534323224060583,0
RR-07627,6.0484584349411096e-05,0
RR-07628,2.8998803364889087e-05,0
RR-07629,5.6871947907488937e-05,0
RR-07630,0.00029099700100836806,0
RR-07631,0.0001719844425285257,0
RR-07632,0.18029576738077469,0
RR-07633,5.183028083571758e-05,0
RR-07634,0.00046336322384789655,0
RR-07635,6.040541990694211e-05,0
RR-07636,0.003654018415358668,0
RR-07637,0.0006940389665370447,0
RR-07638,0.00013611974941901136,0
RR-07639,5.9829358179870914e-05,0
RR-07640,0.16507319550067578,0
RR-07641,0.00010083770698959352,0
RR-07642,3.210668303988882e-05,0
RR-07643,8.047732352389068e-05,0
RR-07644,0.00019387634237450898,0
RR-07645,0.0002506530066104214,0
RR-07646,0.00019267337215241541,0
RR-07647,5.483163344462202e-05,0
RR-07648,0.00047903441541534766,0
RR-07649,9.198058241705035e-05,0
RR-07650,4.0269267382540205e-05,0
RR-07651,5.85461145646971e-05,0
RR-07652,8.050321732206457e-05,0
RR-07653,7.759352707158561e-05,0
RR-07654,0.0021330385458963206,0
RR-07655,5.469126544299418e-05,0
RR-07656,0.9834576490840354,1
RR-07657,0.00024023077951388684,0
RR-07658,0.0001836866362519783,0
RR-07659,0.0001910119017094972,0
RR-07660,0.0002748166700653767,0
RR-07661,0.0050929260504563355,0
RR-07662,3.788815727107988e-05,0
RR-07663,3.311674172041546e-05,0
RR-07664,0.0006922870732029902,0
RR-07665,0.00012253348241001517,0
RR-07666,0.000150663661736004,0
RR-07667,4.68887729712691e-05,0
RR-07668,0.00014791789898290866,0
RR-07669,4.670125437114812e-05,0
RR-07670,0.0010617128947178844,0
RR-07671,7.671393731459474e-05,0
RR-07672,4.164499745503413e-05,0
RR-07673,0.00010597972335092759,0
RR-07674,0.00012807975121525763,0
RR-07675,6.693702024083063e-05,0
RR-07676,0.004721327087914778,0
RR-07677,3.7809930055489014e-05,0
RR-07678,0.00035924466331884033,0
RR-07679,4.012560509726909e-05,0
RR-07680,0.07613771556837964,0
RR-07681,9.786368440508455e-05,0
RR-07682,0.0004510692595410535,0
RR-07683,0.0002583474743310108,0
RR-07684,0.00013186251969980612,0
RR-07685,4.3005840910268426e-05,0
RR-07686,6.252417214877971e-05,0
RR-07687,4.8446146296273906e-05,0
RR-07688,0.00030962141851138743,0
RR-07689,0.00011489415120633574,0
RR-07690,0.00010685247971544625,0
RR-07691,3.456336101238667e-05,0
RR-07692,6.689472925141678e-05,0
RR-07693,3.360933886608779e-05,0
RR-07694,0.00010263497467696001,0
RR-07695,7.892979559232038e-05,0
RR-07696,0.0007472756713251367,0
RR-07697,7.910025642516783e-05,0
RR-07698,5.0052280539077755e-05,0
RR-07699,0.00019893367281547698,0
RR-07700,0.00014498593736390352,0
RR-07701,0.00012282533659288347,0
RR-07702,0.00029704072113028454,0
RR-07703,0.00023263112290225845,0
RR-07704,6.0372571295485003e-05,0
RR-07705,3.3101433655079315e-05,0
RR-07706,4.9443916453123724e-05,0
RR-07707,0.00017907712511134005,0
RR-07708,3.243093484932266e-05,0
RR-07709,3.6324632181813246e-05,0
RR-07710,3.556449027055096e-05,0
RR-07711,8.758610908231057e-05,0
RR-07712,4.8323982633860346e-05,0
RR-07713,5.5028753888449615e-05,0
RR-07714,4.3995044840048464e-05,0
RR-07715,5.113848230176145e-05,0
RR-07716,0.0001984141590693388,0
RR-07717,4.992846929619365e-05,0
RR-07718,7.454656577150728e-05,0
RR-07719,6.981763060042877e-05,0
RR-07720,7.50865407986046e-05,0
RR-07721,4.991970208498397e-05,0
RR-07722,3.4060461005431294e-05,0
RR-07723,0.00016150593673428486,0
RR-07724,7.015862142882154e-05,0
RR-07725,5.420493612251675e-05,0
RR-07726,0.00023630862316879105,0
RR-07727,4.3439889720852435e-05,0
RR-07728,0.0014853240332900924,0
RR-07729,0.00038905040988503905,0
RR-07730,3.34577350885391e-05,0
RR-07731,6.431206349932515e-05,0
RR-07732,4.524252425678978e-05,0
RR-07733,0.0022337387769339064,0
RR-07734,0.01891632183110379,0
RR-07735,0.0004029165895002101,0
RR-07736,6.495772283339243e-05,0
RR-07737,3.0131649327758893e-05,0
RR-07738,8.406255301762723e-05,0
RR-07739,0.00026154797437087,0
RR-07740,2.495825254305432e-05,0
RR-07741,0.00010503877750485673,0
RR-07742,2.8887695812005967e-05,0
RR-07743,9.500528273594067e-05,0
RR-07744,6.534300974917438e-05,0
RR-07745,0.0017287306377560087,0
RR-07746,3.2978425273540736e-05,0
RR-07747,0.0003167778900014903,0
RR-07748,3.600425695402773e-05,0
RR-07749,0.017793697079225745,1
RR-07750,7.566480445772968e-05,0
RR-07751,3.3400325099747977e-05,0
RR-07752,5.18560745852365e-05,0
RR-07753,0.00010497570703248115,0
RR-07754,3.045428961328034e-05,0
RR-07755,4.253563176489116e-05,0
RR-07756,0.00022382320906026357,0
RR-07757,0.00025670028258220574,0
RR-07758,6.059765512518656e-05,0
RR-07759,0.00040185665605964684,0
RR-07760,7.241463418145686e-05,0
RR-07761,4.70919582466579e-05,0
RR-07762,9.603945175741486e-05,0
RR-07763,6.367779553529426e-05,0
RR-07764,0.00011051113562644273,0
RR-07765,0.00011631386001614885,0
RR-07766,0.00017237649413051967,0
RR-07767,5.950785405499351e-05,0
RR-07768,2.9291598513065007e-05,0
RR-07769,0.0004998611297978789,0
RR-07770,0.19563915430880924,0
RR-07771,9.572883248179035e-05,0
RR-07772,0.0027249571665883435,0
RR-07773,3.892639790176676e-05,0
RR-07774,5.391115764136532e-05,0
RR-07775,3.079104759889986e-05,0
RR-07776,3.7893271795419055e-05,0
RR-07777,0.0001814516072821469,0
RR-07778,4.416727207149711e-05,0
RR-07779,0.00029092947988093685,0
RR-07780,0.00016122764244900362,0
RR-07781,0.00036061041418626615,0
RR-07782,7.729987781405709e-05,0
RR-07783,0.00028952701973837004,0
RR-07784,4.749576716333939e-05,0
RR-07785,3.0187570811148617e-05,0
RR-07786,6.353407298311908e-05,0
RR-07787,0.00017784546471878116,0
RR-07788,0.00010709336746487977,0
RR-07789,5.577396002366426e-05,0
RR-07790,4.825806488001729e-05,0
RR-07791,4.9279819435556356e-05,0
RR-07792,0.0010974259287144068,0
RR-07793,0.00015469522986720927,0
RR-07794,0.0002852551683475629,0
RR-07795,0.00024838420029340294,0
RR-07796,9.90795109326775e-05,0
RR-07797,0.0003505931926551543,0
RR-07798,3.164172030486022e-05,0
RR-07799,0.002544343967701596,0
RR-07800,7.17939571198805e-05,0
RR-07801,9.737287811341311e-05,0
RR-07802,5.559435774619218e-05,0
RR-07803,6.287771476643829e-05,0
RR-07804,9.687608621024616e-05,0
RR-07805,7.42235426896226e-05,0
RR-07806,5.348630008798363e-05,0
RR-07807,3.3816472203451955e-05,0
RR-07808,0.006653701553506785,0
RR-07809,0.020552465340911423,0
RR-07810,0.052549201391845,0
RR-07811,7.464425702317698e-05,0
RR-07812,4.815053518666146e-05,0
RR-07813,4.222333621782435e-05,0
RR-07814,8.010922763904859e-05,0
RR-07815,0.00011060378737179129,0
RR-07816,0.00026833917557015936,0
RR-07817,3.221456874771308e-05,0
RR-07818,0.00016961558586887354,0
RR-07819,0.00035906767388267413,0
RR-07820,4.1591745314394507e-05,0
RR-07821,0.0017930334790904692,0
RR-07822,0.00010444336327756328,0
RR-07823,0.0001861635506374575,0
RR-07824,7.28712658345256e-05,0
RR-07825,6.392038994701372e-05,0
RR-07826,5.832117126984709e-05,0
RR-07827,0.0001381641991936808,0
RR-07828,7.123743368395285e-05,0
RR-07829,5.574102118875939e-05,0
RR-07830,0.004686917177149312,0
RR-07831,5.546421119579981e-05,0
RR-07832,7.780065821527907e-05,0
RR-07833,4.515026010142191e-05,0
RR-07834,0.0002463381751392592,0
RR-07835,0.00036934835429879,0
RR-07836,6.141045078380759e-05,0
RR-07837,4.825787131240263e-05,0
RR-07838,7.33843412793324e-05,0
RR-07839,7.023437543127727e-05,0
RR-07840,0.00020955062323643333,0
RR-07841,4.83897115793247e-05,0
RR-07842,0.0002803917568666611,0
RR-07843,0.00011470460455636522,0
RR-07844,0.00019182175041784264,0
RR-07845,0.00012425525374427338,0
RR-07846,0.00034969548064616384,0
RR-07847,6.759759864348364e-05,0
RR-07848,5.6287084981178004e-05,0
RR-07849,3.607376608589451e-05,0
RR-07850,7.455558964172357e-05,0
RR-07851,0.004203066190782201,0
RR-07852,2.3099372435013073e-05,0
RR-07853,0.000245065564703797,0
RR-07854,5.621824715955907e-05,0
RR-07855,0.00015625714845522333,0
RR-07856,6.736462861813663e-05,0
RR-07857,7.990468794944909e-05,0
RR-07858,7.460832934683796e-05,0
RR-07859,4.856093393039726e-05,0
RR-07860,5.347248746970834e-05,0
RR-07861,6.227971033036899e-05,0
RR-07862,5.5103640759418375e-05,0
RR-07863,0.0019709135707202717,0
RR-07864,3.757083079185485e-05,0
RR-07865,9.175253728111966e-05,0
RR-07866,0.0005871993198881834,0
RR-07867,3.7760312260727384e-05,0
RR-07868,6.23800282988272e-05,0
RR-07869,5.0176461245687934e-05,0
RR-07870,0.00015114983058584934,0
RR-07871,0.6145430638023389,1
RR-07872,0.0005139179309466202,0
RR-07873,0.02165704218436514,0
RR-07874,0.00011572189828733813,0
RR-07875,5.1931313339698014e-05,0
RR-07876,5.2772489353113216e-05,0
RR-07877,0.00010571140736432019,0
RR-07878,0.027303803438196845,0
RR-07879,0.00015667069296249685,0
RR-07880,3.758672957410438e-05,0
RR-07881,7.09651197320871e-05,0
RR-07882,6.188069358289047e-05,0
RR-07883,7.611348048083991e-05,0
RR-07884,6.009318993189701e-05,0
RR-07885,4.328396159541734e-05,0
RR-07886,8.883091499162884e-05,0
RR-07887,0.00028661130807298605,0
RR-07888,0.00018004542560123586,0
RR-07889,6.0759669708011675e-05,0
RR-07890,0.0001936903911816241,0
RR-07891,3.074195120168824e-05,0
RR-07892,3.594444914051283e-05,0
RR-07893,0.00011803588537724493,0
RR-07894,5.884453217734131e-05,0
RR-07895,3.339638521357217e-05,0
RR-07896,6.117381065880991e-05,0
RR-07897,9.277033209184477e-05,0
RR-07898,0.0003980657197234318,0
RR-07899,4.708985668797589e-05,0
RR-07900,6.770038599306201e-05,0
RR-07901,3.533497637399825e-05,0
RR-07902,0.0001442335210400836,0
RR-07903,0.000147373898513929,0
RR-07904,0.0003007195288825507,0
RR-07905,6.472629187422972e-05,0
RR-07906,5.810096491339436e-05,0
RR-07907,0.00013369051536464566,0
RR-07908,6.428683800125414e-05,0
RR-07909,6.079395343423884e-05,0
RR-07910,8.661387858325834e-05,0
RR-07911,0.0001916333875608194,0
RR-07912,3.549481439762712e-05,0
RR-07913,0.00023661607313077475,0
RR-07914,7.81034484215614e-05,0
RR-07915,0.0002401721773030411,0
RR-07916,0.0063940773913549005,0
RR-07917,0.00011243459927374826,0
RR-07918,0.00011147404701966348,0
RR-07919,0.00015751203951925013,0
RR-07920,7.423087571580388e-05,0
RR-07921,4.770918600740061e-05,0
RR-07922,9.628001874399734e-05,0
RR-07923,0.0005007455812501923,0
RR-07924,3.8719841876502464e-05,0
RR-07925,7.896158227390378e-05,0
RR-07926,2.9630221898801233e-05,0
RR-07927,5.5331593116113985e-05,0
RR-07928,0.00018268018762750948,0
RR-07929,0.00030186885663459296,0
RR-07930,8.536249445852993e-05,0
RR-07931,3.915359615347717e-05,0
RR-07932,7.186422333660987e-05,0
RR-07933,6.533862794887963e-05,0
RR-07934,0.2692025052137501,0
RR-07935,0.00011348971061876642,0
RR-07936,6.614123538197998e-05,0
RR-07937,0.0001643115371371581,0
RR-07938,0.00011120875681870835,0
RR-07939,0.021100040687770702,1
RR-07940,8.310824735007847e-05,0
RR-07941,0.0002636873028809144,0
RR-07942,0.0003806735731092264,0
RR-07943,3.226956274699015e-05,0
RR-07944,3.9526109297729966e-05,0
RR-07945,4.652863992267831e-05,0
RR-07946,0.0003290806443606328,0
RR-07947,0.0004719961018622504,0
RR-07948,0.00018201589082040708,0
RR-07949,0.0001010490422553306,0
RR-07950,0.000439793561909619,0
RR-07951,5.665599089817333e-05,0
RR-07952,0.017804796235881215,0
RR-07953,0.9927100507301545,1
RR-07954,0.0006004587802980747,0
RR-07955,6.062877644677081e-05,0
RR-07956,0.0007574367283901847,0
RR-07957,0.00017076266067978822,0
RR-07958,4.4423668416518225e-05,0
RR-07959,3.433593642045121e-05,0
RR-07960,9.758109253261266e-05,0
RR-07961,8.803146963089843e-05,0
RR-07962,0.0001177676968292925,0
RR-07963,6.93974554159912e-05,0
RR-07964,5.404163960915397e-05,0
RR-07965,0.0001416753789812496,0
RR-07966,5.5836307113997026e-05,0
RR-07967,0.0001411070194904174,0
RR-07968,8.936422247184882e-05,0
RR-07969,5.782053381187871e-05,0
RR-07970,0.7978553479998998,1
RR-07971,7.914416298147433e-05,0
RR-07972,0.00010527506839943233,0
RR-07973,5.513495319589262e-05,0
RR-07974,4.703537394847971e-05,0
RR-07975,2.628748912445818e-05,0
RR-07976,0.00017788561318988574,0
RR-07977,0.0063898447947495236,0
RR-07978,0.00033238456554466933,0
RR-07979,2.9720859368026383e-05,0
RR-07980,5.342445609021221e-05,0
RR-07981,0.00012210568498592303,0
RR-07982,3.962974318618915e-05,0
RR-07983,0.00010519280035533963,0
RR-07984,6.858930159850953e-05,0
RR-07985,8.415451843204485e-05,0
RR-07986,0.0017440192513149657,0
RR-07987,5.278821994043737e-05,0
RR-07988,0.9916546169401182,1
RR-07989,5.9415280710105035e-05,0
RR-07990,0.005653011290859368,0
RR-07991,8.026539947204723e-05,0
RR-07992,6.688570793905966e-05,0
RR-07993,0.00011234519566343178,0
RR-07994,7.12561209275168e-05,0
RR-07995,0.00016769722725849373,0
RR-07996,0.00038791223581124176,0
RR-07997,4.997247175467932e-05,0
RR-07998,7.48800575550044e-05,0
RR-07999,3.401918730363726e-05,0
RR-08000,8.291902824878552e-05,0
RR-08001,4.248867911790311e-05,0
RR-08002,3.2063872497065754e-05,0
RR-08003,0.0002949190256105032,0
RR-08004,0.0029172442871042647,0
RR-08005,0.00020289581990870172,0
RR-08006,3.360552478246508e-05,0
RR-08007,0.00014633791505871008,0
RR-08008,3.9274929317089235e-05,0
RR-08009,4.127933117646026e-05,0
RR-08010,5.8565665366509745e-05,0
RR-08011,0.0001330608608516143,0
RR-08012,4.4192721404323756e-05,0
RR-08013,0.0034410572238997737,0
RR-08014,4.5402125045666235e-05,0
RR-08015,4.801660327930944e-05,0
RR-08016,0.009967204070811746,0
RR-08017,6.156058796809347e-05,0
RR-08018,3.9883851930728095e-05,0
RR-08019,0.0011449464799437948,0
RR-08020,5.324658817943976e-05,0
RR-08021,0.0009140734023968465,0
RR-08022,4.7052859053718293e-05,0
RR-08023,0.00023197060576596995,0
RR-08024,7.629942090040972e-05,0
RR-08025,3.7084521209151325e-05,0
RR-08026,0.00016642225409871,0
RR-08027,5.760437521214186e-05,0
RR-08028,3.348143015275279e-05,0
RR-08029,5.369841340772753e-05,0
RR-08030,0.00027087735505318644,0
RR-08031,0.00019374958961869795,0
RR-08032,5.618793813505258e-05,0
RR-08033,8.721971646602146e-05,0
RR-08034,0.00017254392412622627,0
RR-08035,0.0003380252899054476,0
RR-08036,9.59848315287279e-05,0
RR-08037,0.0011281921155161453,0
RR-08038,0.0001882451832172207,0
RR-08039,6.010964032585665e-05,0
RR-08040,0.9232512720165376,1
RR-08041,0.0003375812041390464,0
RR-08042,5.788537288385162e-05,0
RR-08043,9.010989837130409e-05,0
RR-08044,4.629292787445161e-05,0
RR-08045,0.000200605311133444,0
RR-08046,8.905729140756552e-05,0
RR-08047,0.00012175699114259851,0
RR-08048,0.00011239601610367631,0
RR-08049,0.00016626737510162874,0
RR-08050,4.0518070799898666e-05,0
RR-08051,0.0009147379600493493,0
RR-08052,0.0001177597527292478,0
RR-08053,0.0001326553859564381,0
RR-08054,0.00021535762516217998,0
RR-08055,0.0002651442790283541,0
RR-08056,0.0003295004568601417,0
RR-08057,6.847586747430318e-05,0
RR-08058,0.00011362461255091969,0
RR-08059,0.00016090479956031245,0
RR-08060,0.00014132788343351128,0
RR-08061,5.2108934143024865e-05,0
RR-08062,5.1626731714169504e-05,0
RR-08063,6.632241517649535e-05,0
RR-08064,4.393207303228092e-05,0
RR-08065,0.00013503173484361757,0
RR-08066,0.00014118011671635327,0
RR-08067,0.0005623515439645001,0
RR-08068,0.00022257744290097344,0
RR-08069,6.641871620183007e-05,0
RR-08070,0.00267248068497187,0
RR-08071,0.0011836415937776978,0
RR-08072,2.8481030084589853e-05,0
RR-08073,3.362873257224667e-05,0
RR-08074,0.000190622913341605,0
RR-08075,0.00011991569022743535,0
RR-08076,0.0001070493488038865,0
RR-08077,4.434856279114774e-05,0
RR-08078,0.00010445387030507967,0
RR-08079,0.0006812765584082355,0
RR-08080,0.001457404677881377,0
RR-08081,0.948116373530036,1
RR-08082,4.8169061949980796e-05,0
RR-08083,8.841408689547841e-05,0
RR-08084,0.00013472999596951497,0
RR-08085,9.128114392825382e-05,0
RR-08086,0.7448113099618401,1
RR-08087,0.00025773285427566013,0
RR-08088,0.00015415609568856435,0
RR-08089,0.0001030688997113974,0
RR-08090,6.13689025029967e-05,0
RR-08091,8.994058732816459e-05,0
RR-08092,7.00214173286893e-05,0
RR-08093,3.8799608858813104e-05,0
RR-08094,0.0019851760865871393,0
RR-08095,0.016239003708711643,0
RR-08096,8.214687384463167e-05,0
RR-08097,4.6387933433925045e-05,0
RR-08098,9.00264710631553e-05,0
RR-08099,8.541492550353104e-05,0
RR-08100,0.00045829766723649943,0
RR-08101,0.00019263036590459745,0
RR-08102,4.478054200600081e-05,0
RR-08103,5.88568617340093e-05,0
RR-08104,0.00042863725410157533,0
RR-08105,9.851467532225759e-05,0
RR-08106,8.125072136708405e-05,0
RR-08107,0.0005617928763330749,0
RR-08108,6.588289730206974e-05,0
RR-08109,0.0007182009430002618,0
RR-08110,0.0014839339925973275,0
RR-08111,3.3886949269430206e-05,0
RR-08112,0.0002469229495670223,0
RR-08113,4.9512727366736425e-05,0
RR-08114,6.527880688034095e-05,0
RR-08115,6.793892583847835e-05,0
RR-08116,0.0003240701742624373,0
RR-08117,6.357837131633158e-05,0
RR-08118,0.00011710765510142714,0
RR-08119,0.000547706327922744,0
RR-08120,0.05053865270279437,0
RR-08121,8.639010016611782e-05,0
RR-08122,0.00017661748803245297,0
RR-08123,8.552835419869873e-05,0
RR-08124,6.64933579818755e-05,0
RR-08125,0.00017044480018725937,0
RR-08126,0.00014583424195826323,0
RR-08127,0.00019455838143700693,0
RR-08128,0.003007845067045137,0
RR-08129,4.6528464168873936e-05,0
RR-08130,9.992356550217582e-05,0
RR-08131,4.052322122540762e-05,0
RR-08132,5.9443428186869655e-05,0
RR-08133,8.245261723499202e-05,0
RR-08134,4.266596435457662e-05,0
RR-08135,0.00010827343967405636,0
RR-08136,0.0024039692755458463,0
RR-08137,6.0136643794268074e-05,0
RR-08138,0.04366452505890028,0
RR-08139,7.097251416997595e-05,0
RR-08140,5.075466106456238e-05,0
RR-08141,7.597505655520678e-05,0
RR-08142,0.00012850060702488677,0
RR-08143,0.002363286143595371,0
RR-08144,6.515642100712535e-05,0
RR-08145,0.00013944429290152307,0
RR-08146,7.362892855566517e-05,0
RR-08147,0.00023980818263074312,0
RR-08148,0.0001531343637665157,0
RR-08149,0.00038497333495898626,0
RR-08150,8.701013731150897e-05,0
RR-08151,4.5687486947415236e-05,0
RR-08152,4.5668341230541636e-05,0
RR-08153,7.718620470312452e-05,0
RR-08154,0.00014318116079373576,0
RR-08155,4.6531499108816063e-05,0
RR-08156,0.00016147458161862776,0
RR-08157,2.432488396107239e-05,0
RR-08158,3.9119989824763924e-05,0
RR-08159,8.645348805282669e-05,0
RR-08160,0.00019382912707433935,0
RR-08161,0.00011549851575470382,0
RR-08162,0.00022601294864941316,0
RR-08163,4.207488899236958e-05,0
RR-08164,0.0002238065647980246,0
RR-08165,0.0015701873156271694,0
RR-08166,5.762748165953712e-05,0
RR-08167,0.9703647377341876,1
RR-08168,0.0007168569928010259,0
RR-08169,6.23261360923218e-05,0
RR-08170,5.324568395345202e-05,0
RR-08171,8.505611613338793e-05,0
RR-08172,0.0006844529693155911,0
RR-08173,0.00032169009291545004,0
RR-08174,4.28902515693854e-05,0
RR-08175,0.0002807941106691508,0
RR-08176,4.9332011896690875e-05,0
RR-08177,0.00012802815870428298,0
RR-08178,4.702905064910556e-05,0
RR-08179,0.0009670455283242463,0
RR-08180,3.507772013422204e-05,0
RR-08181,0.0001590770442379548,0
RR-08182,8.093204937398047e-05,0
RR-08183,6.696776975751988e-05,0
RR-08184,9.493796069784337e-05,0
RR-08185,0.0014549175038481542,0
RR-08186,0.013689667989239386,0
RR-08187,9.39514544957622e-05,0
RR-08188,8.201317620455609e-05,0
RR-08189,0.0001458238186254148,0
RR-08190,3.565475511128445e-05,0
RR-08191,0.00018990767026561862,0
RR-08192,0.00011327498151571111,0
RR-08193,5.016971633926579e-05,0
RR-08194,0.00017056454835403498,0
RR-08195,0.00011550473069932803,0
RR-08196,0.0001929912440858818,0
RR-08197,5.701532621064468e-05,0
RR-08198,0.0008745715345449918,0
RR-08199,8.165930636812541e-05,0
RR-08200,3.6640988491012596e-05,0
RR-08201,6.48405387804315e-05,0
RR-08202,0.00018666355059682686,0
RR-08203,7.319773618529354e-05,0
RR-08204,3.328606301832963e-05,0
RR-08205,6.011626010594396e-05,0
RR-08206,7.73177659056346e-05,0
RR-08207,0.00011051113562644273,0
RR-08208,0.0003754650803411438,0
RR-08209,0.0006841738298769412,0
RR-08210,6.204649825475349e-05,0
RR-08211,0.0008390504454430521,0
RR-08212,0.00011165005138769414,0
RR-08213,7.816478284349758e-05,0
RR-08214,5.540931477500597e-05,0
RR-08215,4.4682664451366246e-05,0
RR-08216,0.00020321777605267124,0
RR-08217,4.8826845298871253e-05,0
RR-08218,7.029259297900845e-05,0
RR-08219,4.9166177982295985e-05,0
RR-08220,6.666956834598531e-05,0
RR-08221,0.0002199182220532905,0
RR-08222,0.0001145467075268325,0
RR-08223,4.95051650837175e-05,0
RR-08224,3.4358598663696557e-05,0
RR-08225,4.462578257023157e-05,0
RR-08226,0.0003483266779355821,0
RR-08227,5.008539864629679e-05,0
RR-08228,5.0709545697251795e-05,0
RR-08229,0.6988300085810171,1
RR-08230,4.354463657616734e-05,0
RR-08231,0.000707962046228618,0
RR-08232,0.00024284299477236195,0
RR-08233,4.468461883926062e-05,0
RR-08234,0.0005474469365197016,0
RR-08235,5.637298450327771e-05,0
RR-08236,4.884176222536095e-05,0
RR-08237,0.0004139127162857298,0
RR-08238,7.03611478695505e-05,0
RR-08239,0.0001223223455858,0
RR-08240,0.12581094064735132,0
RR-08241,4.866606599712762e-05,0
RR-08242,0.00040471860499720645,0
RR-08243,0.00042615210553847364,0
RR-08244,6.180649623360698e-05,0
RR-08245,0.025596272149139187,1
RR-08246,0.0011304358428025777,0
RR-08247,8.978119098532898e-05,0
RR-08248,0.000196572350869258,0
RR-08249,0.003582162886917832,0
RR-08250,0.0002789282270282864,0
RR-08251,6.104287138875983e-05,0
RR-08252,7.742208387511905e-05,0
RR-08253,0.00023965181689506587,0
RR-08254,5.270690973253547e-05,0
RR-08255,5.3669325075992414e-05,0
RR-08256,8.479240238717733e-05,0
RR-08257,7.297803780971324e-05,0
RR-08258,3.9909821872054124e-05,0
RR-08259,0.0010176743745921662,0
RR-08260,0.00018227530397401905,0
RR-08261,7.358050364675884e-05,0
RR-08262,3.606211739945006e-05,0
RR-08263,5.88732730360665e-05,0
RR-08264,3.905045144767275e-05,0
RR-08265,0.0016006677978718082,0
RR-08266,0.0001062356976545995,0
RR-08267,8.706339139469529e-05,0
RR-08268,0.0006210820678038614,0
RR-08269,0.00019048199671285434,0
RR-08270,7.357137601119977e-05,0
RR-08271,0.00013184311073275768,0
RR-08272,0.00010103164398741526,0
RR-08273,9.748616696249515e-05,0
RR-08274,3.324111277360923e-05,0
RR-08275,0.00011693935281023598,0
RR-08276,4.072800054480405e-05,0
RR-08277,7.143750575498459e-05,0
RR-08278,5.301256264749024e-05,0
RR-08279,6.680913270184553e-05,0
RR-08280,0.028988568619710667,0
RR-08281,3.3186135494187265e-05,0
RR-08282,3.6511649785361785e-05,0
RR-08283,5.176509850865576e-05,0
RR-08284,0.0002608229892644374,0
RR-08285,0.00026365476704003115,0
RR-08286,0.00022417544169628668,0
RR-08287,0.0002855201992370136,0
RR-08288,0.0004908168889557502,0
RR-08289,4.3809090965457314e-05,0
RR-08290,0.0006252908083644009,0
RR-08291,0.0005440285663542689,0
RR-08292,2.9934668890607804e-05,0
RR-08293,0.00024201982894634698,0
RR-08294,5.0973891883465595e-05,0
RR-08295,0.00010694724588622007,0
RR-08296,3.863114432145161e-05,0
RR-08297,4.598692932159904e-05,0
RR-08298,5.0967121813326876e-05,0
RR-08299,0.0001962534727750903,0
RR-08300,6.949960458539347e-05,0
RR-08301,5.619792292001574e-05,0
RR-08302,4.5673969463656835e-05,0
RR-08303,0.0002405800695292868,0
RR-08304,8.149360951892942e-05,0
RR-08305,0.00014023046027400153,0
RR-08306,0.0001373364476830022,0
RR-08307,4.420467826628488e-05,0
RR-08308,5.058984245725192e-05,0
RR-08309,0.9897286032402631,1
RR-08310,0.0002341410154847413,0
RR-08311,5.702917570000234e-05,0
RR-08312,3.772874808858662e-05,0
RR-08313,0.00018662174726221596,0
RR-08314,4.286779914855211e-05,0
RR-08315,0.0015465217744676874,0
RR-08316,4.523301382039363e-05,0
RR-08317,0.00010866385063236472,0
RR-08318,7.726617135328494e-05,0
RR-08319,0.005191706505791389,0
RR-08320,3.442732138336771e-05,0
RR-08321,0.00016054431128422318,0
RR-08322,5.261058591215081e-05,0
RR-08323,3.206128906424966e-05,0
RR-08324,0.00035924466331884033,0
RR-08325,5.921431141781628e-05,0
RR-08326,3.8363694535592014e-05,0
RR-08327,6.124360496100543e-05,0
RR-08328,5.664526777742266e-05,0
RR-08329,0.00011304778554182186,0
RR-08330,9.97129507583257e-05,0
RR-08331,3.2748876314710845e-05,0
RR-08332,0.08276906641367517,1
RR-08333,0.0001391841631178317,0
RR-08334,0.0001531343637665157,0
RR-08335,0.0009058261540845034,0
RR-08336,3.5769574421666736e-05,0
RR-08337,5.362878157600502e-05,0
RR-08338,5.126322556025446e-05,0
RR-08339,0.0001129682980156908,0
RR-08340,2.9524058677847026e-05,0
RR-08341,4.676403267997167e-05,0
RR-08342,0.0011616372646067984,0
RR-08343,6.33170266468564e-05,0
RR-08344,4.179876406056979e-05,0
RR-08345,7.391703563269522e-05,0
RR-08346,5.189119074298082e-05,0
RR-08347,3.184588690009595e-05,0
RR-08348,0.00012462009703757652,0
RR-08349,4.21733724760884e-05,0
RR-08350,4.837747349470518e-05,0
RR-08351,0.0001556069762616676,0
RR-08352,0.00488555692440886,0
RR-08353,0.00019383600185333155,0
RR-08354,0.00012139387339009317,0
RR-08355,2.655499818657765e-05,0
RR-08356,0.0001220379208355967,0
RR-08357,0.0012531388367111452,0
RR-08358,0.00035701040102747945,0
RR-08359,0.00832395326776763,0
RR-08360,0.0001351937027735944,0
RR-08361,0.00017098987186507704,0
RR-08362,0.01527173210888544,1
RR-08363,3.844049187305398e-05,0
RR-08364,0.001303459481114819,0
RR-08365,0.0001054236488167149,0
RR-08366,0.00016406721232569134,0
RR-08367,9.385584827547302e-05,0
RR-08368,0.0004179389543617755,0
RR-08369,4.515210243639731e-05,0
RR-08370,5.7393739165680253e-05,0
RR-08371,3.874271086650374e-05,0
RR-08372,7.321787667975197e-05,0
RR-08373,0.0038555865558725358,0
RR-08374,7.489401734476784e-05,0
RR-08375,0.0001906683006863631,0
RR-08376,5.353891451851401e-05,0
RR-08377,0.0001549232168999289,0
RR-08378,0.0001367094628827373,0
RR-08379,0.00013489285229455978,0
RR-08380,9.668504004102121e-05,0
RR-08381,0.0005250299121262897,0
RR-08382,0.0007873949714455727,0
RR-08383,0.00015712948078815649,0
RR-08384,8.792901252027223e-05,0
RR-08385,0.0002745893013602312,0
RR-08386,5.5523202173733894e-05,0
RR-08387,6.542176938341047e-05,0
RR-08388,5.7819368700351286e-05,0
RR-08389,0.0002228235270100802,0
RR-08390,3.441470726922366e-05,0
RR-08391,0.00022941501310961968,0
RR-08392,4.1549776647004546e-05,0
RR-08393,0.0009654123749023695,0
RR-08394,7.324156191099271e-05,0
RR-08395,8.10975769037586e-05,0
RR-08396,0.0003181743310211587,0
RR-08397,3.626925293456865e-05,0
RR-08398,3.29551099931948e-05,0
RR-08399,0.00013053436631859172,0
RR-08400,7.583126283626686e-05,0
RR-08401,5.406686655851446e-05,0
RR-08402,3.4666525747602066e-05,0
RR-08403,0.0002191422640017462,0
RR-08404,0.00011360620035192156,0
RR-08405,0.0002552671160601157,0
RR-08406,0.00646820290437198,0
RR-08407,0.00015818076092419112,0
RR-08408,0.0001424179589127086,0
RR-08409,0.00013455079832689606,0
RR-08410,3.860321972976011e-05,0
RR-08411,0.00015001695545384437,0
RR-08412,4.801145085194775e-05,0
RR-08413,0.0003852436159369421,0
RR-08414,0.00012555930551079938,0
RR-08415,0.00017981290260913005,0
RR-08416,0.00035297446617505416,0
RR-08417,0.00037881497512848474,0
RR-08418,8.158093265224524e-05,0
RR-08419,9.738610922904994e-05,0
RR-08420,0.0005539818458538053,0
RR-08421,0.0002145405676760127,0
RR-08422,0.0001044957582721709,0
RR-08423,7.651576635601375e-05,0
RR-08424,3.8157067938082285e-05,0
RR-08425,4.827839240467476e-05,0
RR-08426,0.00012631593658317094,0
RR-08427,0.002067958791303955,0
RR-08428,5.0670797303042017e-05,0
RR-08429,4.9905711603807635e-05,0
RR-08430,0.00039991962288794624,0
RR-08431,0.00015367976177927463,0
RR-08432,8.428526842778019e-05,0
RR-08433,0.00015235942397792538,0
RR-08434,0.00046761824228332567,0
RR-08435,4.680596669965655e-05,0
RR-08436,3.7765251812775284e-05,0
RR-08437,5.429486940796917e-05,0
RR-08438,4.2114863206562175e-05,0
RR-08439,0.0012552953047616827,0
RR-08440,5.308570642447276e-05,0
RR-08441,3.819693160943962e-05,0
RR-08442,0.00020428900703496478,0
RR-08443,4.614310929972551e-05,0
RR-08444,3.3153157683540906e-05,0
RR-08445,0.0002205379165178116,0
RR-08446,0.00018476668008979595,0
RR-08447,3.297066226732837e-05,0
RR-08448,0.00017215828124029443,0
RR-08449,4.6933873166189566e-05,0
RR-08450,0.00010221461379915955,0
RR-08451,4.698710493294247e-05,0
RR-08452,5.4554204458123805e-05,0
RR-08453,0.0005892894678504713,0
RR-08454,0.0002325261618246789,0
RR-08455,0.00011880552273363894,0
RR-08456,0.002829941936231558,0
RR-08457,0.00021779958761144842,0
RR-08458,2.5044515337035008e-05,0
RR-08459,6.405134311330158e-05,0
RR-08460,0.00016419141987091004,0
RR-08461,5.070770662519285e-05,0
RR-08462,0.046002533025120286,0
RR-08463,7.635365373883641e-05,0
RR-08464,6.371412650965919e-05,0
RR-08465,0.00012099165851229268,0
RR-08466,8.666539025185316e-05,0
RR-08467,6.726372531957436e-05,0
RR-08468,9.683808161056268e-05,0
RR-08469,8.731455970125663e-05,0
RR-08470,7.714634209482007e-05,0
RR-08471,0.00015898471029343484,0
RR-08472,0.0006858419110169502,0
RR-08473,8.213636730160798e-05,0
RR-08474,4.302693637060817e-05,0
RR-08475,0.00013960491429068506,0
RR-08476,6.138755588965087e-05,0
RR-08477,0.00014852011146313464,0
RR-08478,0.00016703860775348046,0
RR-08479,0.00010284495980559911,0
RR-08480,0.005820348651526294,0
RR-08481,0.00011413657220583896,0
RR-08482,0.0018889140345655963,0
RR-08483,0.0006771004358323378,0
RR-08484,8.654623563186594e-05,0
RR-08485,3.796340427253377e-05,0
RR-08486,8.148184523296911e-05,0
RR-08487,0.0013765270206546074,0
RR-08488,3.597790611778518e-05,0
RR-08489,5.899622897720421e-05,0
RR-08490,4.762056898983221e-05,0
RR-08491,0.0002315412543245296,0
RR-08492,0.00016230977433686903,0
RR-08493,0.00029317971098550356,0
RR-08494,7.993433360031705e-05,0
RR-08495,6.83857478155437e-05,0
RR-08496,7.332371803214161e-05,0
RR-08497,0.00011562346625603053,0
RR-08498,0.00010405709711154764,0
RR-08499,5.640643993392286e-05,0
RR-08500,0.9106420245731991,1
RR-08501,0.0374899659108728,1
RR-08502,9.295594003266165e-05,0
RR-08503,0.00014087017039915846,0
RR-08504,8.041885748499077e-05,0
RR-08505,0.0002927352285137806,0
RR-08506,0.003411886529066304,0
RR-08507,7.031859654231529e-05,0
RR-08508,3.609185202599132e-05,0
RR-08509,5.185712559137487e-05,0
RR-08510,8.630263313031554e-05,0
RR-08511,9.443872081463966e-05,0
RR-08512,4.979157464235858e-05,0
RR-08513,3.9143027920838616e-05,0
RR-08514,0.0003528209588680536,0
RR-08515,0.0004040037853405543,0
RR-08516,0.00013163171233560443,0
RR-08517,6.687879835566331e-05,0
RR-08518,6.738272455231875e-05,0
RR-08519,0.0001084738133578836,0
RR-08520,0.9235746389877254,1
RR-08521,0.0006466203655325066,0
RR-08522,0.0001378041981255958,0
RR-08523,7.021596890599548e-05,0
RR-08524,3.72182926570643e-05,0
RR-08525,5.519832867314851e-05,0
RR-08526,8.655384997733795e-05,0
RR-08527,4.078350122592362e-05,0
RR-08528,5.92381870359695e-05,0
RR-08529,4.400103491068139e-05,0
RR-08530,6.07310143511036e-05,0
RR-08531,0.00010311076362703086,0
RR-08532,0.0018849743716860576,0
RR-08533,3.319250477761715e-05,0
RR-08534,5.7607243849093654e-05,0
RR-08535,0.001047042261542076,0
RR-08536,0.0009272709923930615,0
RR-08537,0.052664263534212455,0
RR-08538,4.8043436723822146e-05,0
RR-08539,4.068988958375709e-05,0
RR-08540,0.0002131746280089178,0
RR-08541,5.512527191763214e-05,0
RR-08542,5.373004257093945e-05,0
RR-08543,0.00019709744259612742,0
RR-08544,3.1962238192539846e-05,0
RR-08545,0.0007081992774563012,0
RR-08546,0.00012405058313982308,0
RR-08547,0.00023269534803300408,0
RR-08548,0.00020938465000235255,0
RR-08549,6.806582214269544e-05,0
RR-08550,5.469504385709667e-05,0
RR-08551,3.79410374246794e-05,0
RR-08552,5.538249591297385e-05,0
RR-08553,0.0001777816752106156,0
RR-08554,7.148582066923736e-05,0
RR-08555,0.00011775530374768587,0
RR-08556,9.881504167831517e-05,0
RR-08557,4.348012498491432e-05,0
RR-08558,4.906501987291388e-05,0
RR-08559,6.939582296651738e-05,0
RR-08560,2.993510027665505e-05,0
RR-08561,0.000296026693600602,0
RR-08562,0.03831220634714315,0
RR-08563,0.00020498975114458242,0
RR-08564,4.38151337310406e-05,0
RR-08565,3.522642215638618e-05,0
RR-08566,0.00025119766119708107,0
RR-08567,9.429066122578885e-05,0
RR-08568,8.132081481171899e-05,0
RR-08569,0.0001220630086749214,0
RR-08570,6.079237642890641e-05,0
RR-08571,7.387291451364477e-05,0
RR-08572,0.0001038513807451771,0
RR-08573,4.257997435198306e-05,0
RR-08574,4.470985385901163e-05,0
RR-08575,6.933127041029095e-05,0
RR-08576,3.1302737306228915e-05,0
RR-08577,3.0121192294886447e-05,0
RR-08578,3.262683900589523e-05,0
RR-08579,2.8783020882399307e-05,0
RR-08580,0.0001957650027835947,0
RR-08581,0.000501576872454063,0
RR-08582,0.00010849925542030842,0
RR-08583,0.0030766345734572747,0
RR-08584,0.00012171000750148865,0
RR-08585,8.466963457488831e-05,0
RR-08586,4.045691040957104e-05,0
RR-08587,0.0005163206933747084,0
RR-08588,0.00050235970207098,0
RR-08589,0.0001780693616315945,0
RR-08590,0.0001239590440685049,0
RR-08591,0.00022489016141240902,0
RR-08592,0.00010735523530091815,0
RR-08593,0.0018674097363686902,0
RR-08594,0.00012662908003933536,0
RR-08595,4.8398877555104755e-05,0
RR-08596,8.092336033561746e-05,0
RR-08597,5.182030377011072e-05,0
RR-08598,3.230586555331457e-05,0
RR-08599,0.00010492764850423784,0
RR-08600,3.07469269063101e-05,0
RR-08601,0.00010746619035685812,0
RR-08602,5.193366835830503e-05,0
RR-08603,0.0003718767059940613,0
RR-08604,3.625537473436417e-05,0
RR-08605,0.000126078712320247,0
RR-08606,0.912448801548283,1
RR-08607,0.00024816017913065094,0
RR-08608,7.098257334783647e-05,0
RR-08609,3.639017477145373e-05,0
RR-08610,5.3082281161673036e-05,0
RR-08611,0.0002700534902342326,0
RR-08612,4.638588561338647e-05,0
RR-08613,4.9720287225620666e-05,0
RR-08614,9.297106449105635e-05,0
RR-08615,0.00012179374422651453,0
RR-08616,2.7235125341383105e-05,0
RR-08617,5.2006985034625065e-05,0
RR-08618,3.342561028421583e-05,0
RR-08619,4.185705968943524e-05,0
RR-08620,0.06639993688512585,0
RR-08621,0.0029083494467702295,0
RR-08622,7.805651915843515e-05,0
RR-08623,4.1281583551950116e-05,0
RR-08624,0.00015370805587740404,0
RR-08625,5.750674968677267e-05,0
RR-08626,0.0001486269467681015,0
RR-08627,0.0003019487293966888,0
RR-08628,0.00017887287539782837,0
RR-08629,0.0011158813169105369,0
RR-08630,6.488720550521663e-05,0
RR-08631,0.0003623983249905137,0
RR-08632,3.828559336086103e-05,0
RR-08633,0.00013469594115109756,0
RR-08634,7.038159868941398e-05,0
RR-08635,7.860440601798233e-05,0
RR-08636,0.0002649688191057589,0
RR-08637,3.137047280279536e-05,0
RR-08638,0.000127599045018755,0
RR-08639,0.0001313596601282596,0
RR-08640,5.052979201409706e-05,0
RR-08641,4.636552007248508e-05,0
RR-08642,0.0006437273768480833,0
RR-08643,0.00016508460668400907,0
RR-08644,6.249821475240862e-05,0
RR-08645,0.0001424851343945368,0
RR-08646,5.434920235934309e-05,0
RR-08647,5.008109676533877e-05,0
RR-08648,0.0001357937554854867,0
RR-08649,0.0006822242433823893,0
RR-08650,3.085128880047224e-05,0
RR-08651,8.759775737517818e-05,0
RR-08652,0.00011073757294305619,0
RR-08653,0.00017952221688534087,0
RR-08654,0.013064604150810443,0
RR-08655,4.636402664906269e-05,0
RR-08656,0.0035847168459657427,0
RR-08657,3.3448737127799116e-05,0
RR-08658,0.00027737655246333536,0
RR-08659,9.831213008464407e-05,0
RR-08660,8.664661896339459e-05,0
RR-08661,0.00016613568024898603,0
RR-08662,0.0002074452043970865,0
RR-08663,0.019567049854236757,0
RR-08664,5.1352330820219064e-05,0
RR-08665,7.702086683947518e-05,0
RR-08666,3.164216115522864e-05,0
RR-08667,0.00022975903937980102,0
RR-08668,0.0005018681051512248,0
RR-08669,0.33666808012086225,1
RR-08670,0.00026091556143453685,0
RR-08671,0.00015369845742097248,0
RR-08672,2.7505318254259485e-05,0
RR-08673,0.00013722784003630304,0
RR-08674,4.482759717765619e-05,0
RR-08675,8.653206636736419e-05,0
RR-08676,4.996960005973279e-05,0
RR-08677,6.416643550269884e-05,0
RR-08678,0.00046430777040950427,0
RR-08679,0.00038997056389421144,0
RR-08680,4.408925308371371e-05,0
RR-08681,5.51871652735148e-05,0
RR-08682,4.179073305126686e-05,0
RR-08683,3.250064555617532e-05,0
RR-08684,0.0003298402056351943,0
RR-08685,4.648670388299158e-05,0
RR-08686,0.00016200878116794134,0
RR-08687,0.00024125026483069295,0
RR-08688,0.00015489148977122728,0
RR-08689,0.00011046006683519657,0
RR-08690,0.00016103770044196384,0
RR-08691,3.4527516911340354e-05,0
RR-08692,0.0004722861494767237,0
RR-08693,6.196472411472748e-05,0
RR-08694,0.00010645533404415209,0
RR-08695,0.00020519560426700013,0
RR-08696,0.0008925972277656549,0
RR-08697,0.00015406106731743005,0
RR-08698,0.00019665653903130055,0
RR-08699,8.401554954153168e-05,0
RR-08700,2.5994372171050758e-05,0
RR-08701,0.0003127362118426435,0
RR-08702,0.00015404966883606337,0
RR-08703,0.00021144853181352823,0
RR-08704,0.00024026648275169872,0
RR-08705,2.828191284981163e-05,0
RR-08706,0.007192419188942708,0
RR-08707,0.9478188962185822,1
RR-08708,6.730727652316804e-05,0
RR-08709,0.06565376767763521,0
RR-08710,6.469390036000233e-05,0
RR-08711,0.00029566187112153,0
RR-08712,4.3322805360270094e-05,0
RR-08713,0.0015147435101986997,0
RR-08714,0.00028006788854432335,0
RR-08715,8.672409224664284e-05,0
RR-08716,4.200879737298833e-05,0
RR-08717,7.35156977436296e-05,0
RR-08718,3.969198869922482e-05,0
RR-08719,7.563613796352589e-05,0
RR-08720,0.00013872264147221796,0
RR-08721,7.07525071824698e-05,0
RR-08722,3.7502285504204494e-05,0
RR-08723,4.8817583806174895e-05,0
RR-08724,0.0023331884765003036,0
RR-08725,6.163735399463096e-05,0
RR-08726,0.0002977428797837047,0
RR-08727,5.1885658453907076e-05,0
RR-08728,0.00011518885820022147,0
RR-08729,4.175070456032465e-05,0
RR-08730,3.6008181508236573e-05,0
RR-08731,0.0002510361548079799,0
RR-08732,4.660461996734213e-05,0
RR-08733,4.957536413838014e-05,0
RR-08734,5.812244113701654e-05,0
RR-08735,5.325726047437388e-05,0
RR-08736,6.541596793151065e-05,0
RR-08737,7.569979687863745e-05,0
RR-08738,5.984329208332325e-05,0
RR-08739,8.51454820114701e-05,0
RR-08740,0.0001165219462957661,0
RR-08741,0.0003017349076527993,0
RR-08742,0.00013595340039445155,0
RR-08743,0.0005346816007425972,0
RR-08744,6.154391041476238e-05,0
RR-08745,0.0002866581288610981,0
RR-08746,0.00025341146291882105,0
RR-08747,0.00015379012972588358,0
RR-08748,3.990710435773599e-05,0
RR-08749,7.502007407175174e-05,0
RR-08750,0.00013845553044993414,0
RR-08751,0.9093296081323953,1
RR-08752,0.00011766733594300769,0
RR-08753,7.124860494744402e-05,0
RR-08754,0.00011984640079218376,0
RR-08755,4.262126054939484e-05,0
RR-08756,8.337890542360388e-05,0
RR-08757,3.397821759907437e-05,0
RR-08758,0.00011688421606542654,0
RR-08759,0.0002201338182620564,0
RR-08760,4.908360478715856e-05,0
RR-08761,7.40277654249932e-05,0
RR-08762,4.1220805637404196e-05,0
RR-08763,0.00013816996927425385,0
RR-08764,4.6629491019542805e-05,0
RR-08765,0.00011352357924910898,0
RR-08766,6.779379611275582e-05,0
RR-08767,5.544223136304385e-05,0
RR-08768,2.5525094944404586e-05,0
RR-08769,0.002289789484473233,0
RR-08770,0.000152565084229129,0
RR-08771,5.247623111855019e-05,0
RR-08772,0.00022688588980812805,0
RR-08773,3.88543249711372e-05,0
RR-08774,4.385104012570905e-05,0
RR-08775,6.163345390240148e-05,0
RR-08776,5.619642913151649e-05,0
RR-08777,4.892067869074852e-05,0
RR-08778,0.00012430252004970262,0
RR-08779,0.00014064200068831528,0
RR-08780,0.00010935304565979271,0
RR-08781,7.124926060180674e-05,0
RR-08782,0.0005621475537668657,0
RR-08783,0.0003125980755329303,0
RR-08784,0.00040798945923515477,0
RR-08785,9.366631518325602e-05,0
RR-08786,5.2345318322830776e-05,0
RR-08787,7.61303977515379e-05,0
RR-08788,0.00012409381692166647,0
RR-08789,0.00020306278666846713,0
RR-08790,3.407022704295563e-05,0
RR-08791,6.641299221042083e-05,0
RR-08792,8.567393612435458e-05,0
RR-08793,0.0005325472599091639,0
RR-08794,0.0007016737610030965,0
RR-08795,0.00012357849860801428,0
RR-08796,0.00011570047716628754,0
RR-08797,9.503746511210399e-05,0
RR-08798,6.207207990476043e-05,0
RR-08799,0.00010470832837536524,0
RR-08800,7.080076906588796e-05,0
RR-08801,0.005545978845837739,0
RR-08802,0.00020417878792601795,0
RR-08803,5.3452666650395615e-05,0
RR-08804,4.056129121364164e-05,0
RR-08805,3.2592921962690846e-05,0
RR-08806,0.00011235787128180855,0
RR-08807,5.955421529757827e-05,0
RR-08808,0.0001014192692397685,0
RR-08809,0.0002711226508126633,0
RR-08810,0.00011617801195817086,0
RR-08811,6.302646584144025e-05,0
RR-08812,9.320424470008119e-05,0
RR-08813,5.431629466927468e-05,0
RR-08814,0.00017238013415644694,0
RR-08815,0.01276574244184595,0
RR-08816,5.1745753135140915e-05,0
RR-08817,8.654969660988367e-05,0
RR-08818,5.578435080956635e-05,0
RR-08819,0.00020749989415650571,0
RR-08820,3.6511513118422565e-05,0
RR-08821,0.0003124161388836753,0
RR-08822,4.0589816373559066e-05,0
RR-08823,5.119831987915944e-05,0
RR-08824,0.00027499823478855723,0
RR-08825,0.0009761735418985063,0
RR-08826,0.000227838007674207,0
RR-08827,9.420785491709052e-05,0
RR-08828,9.439440229082396e-05,0
RR-08829,8.468286857720827e-05,0
RR-08830,5.7521265160066735e-05,0
RR-08831,0.00011901295757975338,0
RR-08832,0.00012954567228652458,0
RR-08833,0.0008817517314259237,0
RR-08834,4.688034054064246e-05,0
RR-08835,0.00047019959818558297,0
RR-08836,4.4767421123511795e-05,0
RR-08837,0.00010595689862174292,0
RR-08838,0.00014368390277720247,0
RR-08839,9.625293070542543e-05,0
RR-08840,0.0013461919637762305,0
RR-08841,0.00028658386743744883,0
RR-08842,4.6375842019206607e-05,0
RR-08843,9.442557886982103e-05,0
RR-08844,7.021150231967298e-05,0
RR-08845,0.0009180404358710233,0
RR-08846,4.751787217364685e-05,0
RR-08847,5.776329570408364e-05,0
RR-08848,6.277617245862881e-05,0
RR-08849,0.0006276175833109367,0
RR-08850,0.00018161127181315248,0
RR-08851,6.339958662730025e-05,0
RR-08852,3.587381318370792e-05,0
RR-08853,6.598550197885861e-05,0
RR-08854,0.00015060404099640883,0
RR-08855,9.234065432148634e-05,0
RR-08856,0.0005286261108971112,0
RR-08857,5.0344059708776204e-05,0
RR-08858,8.741471117260369e-05,0
RR-08859,0.0001273019552360331,0
RR-08860,5.248819093507178e-05,0
RR-08861,9.08434833319385e-05,0
RR-08862,5.5401524766793334e-05,0
RR-08863,7.182859498005992e-05,0
RR-08864,5.4390614186360644e-05,0
RR-08865,0.00045073751589176333,0
RR-08866,5.958004662825243e-05,0
RR-08867,7.577575069241781e-05,0
RR-08868,7.125970775815088e-05,0
RR-08869,0.00021761594581722667,0
RR-08870,0.0032596296511240475,0
RR-08871,0.00013045510923371663,0
RR-08872,3.731201509695653e-05,0
RR-08873,0.00016551351890913414,0
RR-08874,5.3653534394836206e-05,0
RR-08875,5.5696105356749505e-05,0
RR-08876,0.0005310812954769675,0
RR-08877,0.000305568895596516,0
RR-08878,5.3653534394836206e-05,0
RR-08879,3.221394038584735e-05,0
RR-08880,0.0007073820753799101,0
RR-08881,5.0846985171918396e-05,0
RR-08882,0.00034628253132905167,0
RR-08883,9.595915533626546e-05,0
RR-08884,0.00010773234033954625,0
RR-08885,3.466721247757626e-05,0
RR-08886,6.456965698399313e-05,0
RR-08887,0.0001256238765971222,0
RR-08888,6.01091152198828e-05,0
RR-08889,0.00025870645585095766,0
RR-08890,0.00012440007688994232,0
RR-08891,5.121215483672643e-05,0
RR-08892,8.581127250834336e-05,0
RR-08893,9.715483209495706e-05,0
RR-08894,4.178126225742072e-05,0
RR-08895,0.00012666228976788285,0
RR-08896,0.0010096363416944906,0
RR-08897,8.057777247496993e-05,0
RR-08898,7.512295854828104e-05,0
RR-08899,5.1156077852837576e-05,0
RR-08900,3.801164122198463e-05,0
RR-08901,5.67138643605639e-05,0
RR-08902,4.7394612424998606e-05,0
RR-08903,2.996789552066684e-05,0
RR-08904,0.00012792953480036278,0
RR-08905,7.635804528929784e-05,0
RR-08906,3.3153157683540906e-05,0
RR-08907,4.969425923109689e-05,0
RR-08908,0.0001280208934644701,0
RR-08909,3.291328975417595e-05,0
RR-08910,0.0001871729275582622,0
RR-08911,0.0005622260252699014,0
RR-08912,4.6522484790819325e-05,0
RR-08913,4.085538596155101e-05,0
RR-08914,8.94724194542956e-05,0
RR-08915,4.4183859454204244e-05,0
RR-08916,0.00013153883582733624,0
RR-08917,0.00023709067358161884,0
RR-08918,9.588132745525666e-05,0
RR-08919,6.0316350332700475e-05,0
RR-08920,9.185991383837234e-05,0
RR-08921,4.177341920021081e-05,0
RR-08922,4.957502807223116e-05,0
RR-08923,0.0007128267529347181,0
RR-08924,0.00011376519874535148,0
RR-08925,4.7251293234129936e-05,0
RR-08926,5.3114337985893735e-05,0
RR-08927,3.65381480940242e-05,0
RR-08928,0.0002192684555924963,0
RR-08929,4.4668795089055385e-05,0
RR-08930,5.0709846838287636e-05,0
RR-08931,0.00019593152604388366,0
RR-08932,5.6364422393126983e-05,0
RR-08933,8.763993500665228e-05,0
RR-08934,0.7717498715527107,1
RR-08935,4.678777999077702e-05,0
RR-08936,7.799418634888887e-05,0
RR-08937,6.414507920157296e-05,0
RR-08938,7.062173279649558e-05,0
RR-08939,7.511121645005827e-05,0
RR-08940,3.376889087004667e-05,0
RR-08941,0.00031041303477014016,0
RR-08942,0.01214254088593575,0
RR-08943,3.787889121428127e-05,0
RR-08944,5.3834651546169833e-05,0
RR-08945,6.09143173659148e-05,0
RR-08946,3.6752213494765164e-05,0
RR-08947,0.0005482086441506743,0
RR-08948,6.794186523869161e-05,0
RR-08949,8.100247183901475e-05,0
RR-08950,0.00010339500242140553,0
RR-08951,0.00013796118794864157,0
RR-08952,0.0023844192497383893,0
RR-08953,8.716704051507022e-05,0
RR-08954,4.516043155988115e-05,0
RR-08955,6.0058797879108743e-05,0
RR-08956,9.575656824557957e-05,0
RR-08957,0.0003800052472811552,0
RR-08958,7.72937000103771e-05,0
RR-08959,4.472500387333319e-05,0
RR-08960,3.9116314930351616e-05,0
RR-08961,3.4955901849275794e-05,0
RR-08962,4.877216015746478e-05,0
RR-08963,0.00013699758674663333,0
RR-08964,3.445200705546411e-05,0
RR-08965,0.6520776573935106,1
RR-08966,4.872805300099529e-05,0
RR-08967,3.850136739218826e-05,0
RR-08968,7.17705190864057e-05,0
RR-08969,0.00014802604007089863,0
RR-08970,8.795004178181814e-05,0
RR-08971,8.129061809238964e-05,0
RR-08972,5.260561962573356e-05,0
RR-08973,9.879414644233366e-05,0
RR-08974,3.1560153328514e-05,0
RR-08975,5.528110299304258e-05,0
RR-08976,0.00011516468066237412,0
RR-08977,0.00014325987803249233,0
RR-08978,5.913599559467944e-05,0
RR-08979,0.02324823153352558,0
RR-08980,0.00012562960226067814,0
RR-08981,9.048246350293144e-05,0
RR-08982,0.00029565898704052144,0
RR-08983,5.2840687431698366e-05,0
RR-08984,0.0003868714220475733,0
RR-08985,3.749604724833275e-05,0
RR-08986,6.431137395234872e-05,0
RR-08987,0.0014934308528430807,0
RR-08988,0.00010608424779370599,0
RR-08989,0.00042613554570058255,0
RR-08990,6.771679550518393e-05,0
RR-08991,0.00020081975193718006,0
RR-08992,0.00020687601204657038,0
RR-08993,7.90413121555372e-05,0
RR-08994,0.0004286817339244751,0
RR-08995,8.843640795827184e-05,0
RR-08996,0.00024124498016951274,0
RR-08997,9.095862053430263e-05,0
RR-08998,5.089634554118884e-05,0
RR-08999,5.732846110539399e-05,0
RR-09000,0.0001845946501601316,0
RR-09001,0.00045321632471701656,0
RR-09002,5.247623111855019e-05,0
RR-09003,4.059133145007122e-05,0
RR-09004,7.590981661639107e-05,0
RR-09005,0.00038027711797607584,0
RR-09006,3.276951715848086e-05,0
RR-09007,0.00015002480511832518,0
RR-09008,8.4869311081703e-05,0
RR-09009,7.880244878919875e-05,0
RR-09010,8.440892232489262e-05,0
RR-09011,4.271515979950304e-05,0
RR-09012,0.00015947275256298808,0
RR-09013,0.00033086738871402667,0
RR-09014,0.0001190061910963532,0
RR-09015,8.524058266333384e-05,0
RR-09016,0.0002330915898097471,0
RR-09017,0.0002451028754868618,0
RR-09018,5.0839354313451224e-05,0
RR-09019,0.00012758202171421945,0
RR-09020,0.0001272859354805047,0
RR-09021,8.847684322606945e-05,0
RR-09022,0.00011475809001131101,0
RR-09023,3.922627965655205e-05,0
RR-09024,0.0005669069057173642,0
RR-09025,7.60645095287545e-05,0
RR-09026,4.743402831629698e-05,0
RR-09027,6.510147148531226e-05,0
RR-09028,0.00014026327659615904,0
RR-09029,0.0002573062096939329,0
RR-09030,8.908165204122583e-05,0
RR-09031,7.85650013956945e-05,0
RR-09032,7.494364231070781e-05,0
RR-09033,6.791400390671629e-05,0
RR-09034,0.00011982344096646254,0
RR-09035,9.08454279552817e-05,0
RR-09036,0.00027869551625484234,0
RR-09037,0.00017310174491622546,0
RR-09038,7.11056312061195e-05,0
RR-09039,8.32344820565863e-05,0
RR-09040,5.5785609373371975e-05,0
RR-09041,3.190233242745165e-05,0
RR-09042,6.679292382623638e-05,0
RR-09043,0.006938250661792573,0
RR-09044,6.242131164425407e-05,0
RR-09045,0.011290701971067721,0
RR-09046,7.135899584988368e-05,0
RR-09047,9.874059920297431e-05,0
RR-09048,0.00014526785927275191,0
RR-09049,3.357097682484914e-05,0
RR-09050,0.00036282958243621976,0
RR-09051,0.00010611402403963,0
RR-09052,0.00011433586694500195,0
RR-09053,0.00010161457763189423,0
RR-09054,0.0002770283094411702,0
RR-09055,3.758888289740706e-05,0
RR-09056,8.863509677749778e-05,0
RR-09057,7.091123903609361e-05,0
RR-09058,0.004349800894627513,0
RR-09059,3.705282975616505e-05,0
RR-09060,0.0005812738482602611,0
RR-09061,7.009631231764045e-05,0
RR-09062,0.00017433207380883426,0
RR-09063,0.0003059486756557885,0
RR-09064,3.377098923406327e-05,0
RR-09065,3.9317611900462506e-05,0
RR-09066,0.0001392722162369727,0
RR-09067,0.00012901298175108192,0
RR-09068,3.5516646161110536e-05,0
RR-09069,8.607294323482031e-05,0
RR-09070,7.368542258889279e-05,0
RR-09071,0.040836829218427684,0
RR-09072,0.0005337925146867348,0
RR-09073,0.00011903005828211342,0
RR-09074,0.0001092709431823416,0
RR-09075,0.00012398376642683702,0
RR-09076,5.652440259192194e-05,0
RR-09077,0.0005763761071248002,0
RR-09078,7.334907056421714e-05,0
RR-09079,8.291817717232082e-05,0
RR-09080,6.509352093256856e-05,0
RR-09081,4.383308035934629e-05,0
RR-09082,4.6586426764418046e-05,0
RR-09083,0.00040652363799260037,0
RR-09084,0.00011157882315617912,0
RR-09085,5.935399675048181e-05,0
RR-09086,0.0001542313664833238,0
RR-09087,8.983959716028409e-05,0
RR-09088,0.00010773234033954625,0
RR-09089,0.0012274366923476273,0
RR-09090,5.833342308103438e-05,0
RR-09091,0.00015716835265825084,0
RR-09092,0.00045734813826690834,0
RR-09093,3.960938656540779e-05,0
RR-09094,0.0006961076389571812,0
RR-09095,3.349660917280605e-05,0
RR-09096,5.4441016746108e-05,0
RR-09097,0.0011288753164743757,0
RR-09098,0.00013904529680313808,0
RR-09099,0.004675870177096937,0
RR-09100,8.620639299146535e-05,0
RR-09101,0.00013476225827931197,0
RR-09102,0.03920444645181991,0
RR-09103,6.256990481499901e-05,0
RR-09104,0.3681790387830438,0
RR-09105,7.788920177139717e-05,0
RR-09106,9.072082398312255e-05,0
RR-09107,4.6358072278554e-05,0
RR-09108,0.0004349457639985965,0
RR-09109,8.399051581277788e-05,0
RR-09110,0.00082222091133393,0
RR-09111,0.00015342754789525684,0
RR-09112,4.7853722075014856e-05,0
RR-09113,4.3882827076323686e-05,0
RR-09114,6.263589192324902e-05,0
RR-09115,0.00014164181154201525,0
RR-09116,0.0004486949301591483,0
RR-09117,0.00011417070880900734,0
RR-09118,6.39354250720714e-05,0
RR-09119,7.48835902069856e-05,0
RR-09120,3.4358598663696557e-05,0
RR-09121,5.088796940591276e-05,0
RR-09122,0.00013447326303716708,0
RR-09123,4.6123387311149995e-05,0
RR-09124,0.0002543690028923526,0
RR-09125,0.0001484737759484704,0
RR-09126,0.00017774114264876978,0
RR-09127,2.9319932256602016e-05,0
RR-09128,4.167560648662971e-05,0
RR-09129,0.0005408355266618767,0
RR-09130,0.9387873844043103,1
RR-09131,3.582044522832088e-05,0
RR-09132,3.619345885853804e-05,0
RR-09133,0.00019274988420449785,0
RR-09134,8.605639582331468e-05,0
RR-09135,0.5790179288517524,1
RR-09136,4.722212467277843e-05,0
RR-09137,0.0002933475964935136,0
RR-09138,0.0001758294073783799,0
RR-09139,0.00010810718961194417,0
RR-09140,0.0001223424364746574,0
RR-09141,6.22996264487246e-05,0
RR-09142,3.30000597346234e-05,0
RR-09143,3.976189258795471e-05,0
RR-09144,2.6430116322473412e-05,0
RR-09145,0.0001793519470861972,0
RR-09146,6.406725831149568e-05,0
RR-09147,3.139514769018251e-05,0
RR-09148,4.769298184199698e-05,0
RR-09149,0.0006118191387275488,0
RR-09150,0.0003971210463762277,0
RR-09151,3.360940661696766e-05,0
RR-09152,0.0010043560541944977,0
RR-09153,0.00014970495412369814,0
RR-09154,0.00011096590858237987,0
RR-09155,3.2134313101162884e-05,0
RR-09156,2.8535038044109672e-05,0
RR-09157,5.876456453447163e-05,0
RR-09158,0.0002973689363864417,0
RR-09159,7.844101329743163e-05,0
RR-09160,6.119509388852632e-05,0
RR-09161,0.00012957863216327625,0
RR-09162,4.170206046217572e-05,0
RR-09163,4.169960170735874e-05,0
RR-09164,4.3101643182263504e-05,0
RR-09165,0.000647677500962236,0
RR-09166,0.0002414446839600194,0
RR-09167,6.830252696924298e-05,0
RR-09168,0.0004194834343015764,0
RR-09169,0.0001405923101756814,0
RR-09170,9.023729135010222e-05,0
RR-09171,8.77844374798738e-05,0
RR-09172,5.9829356277467556e-05,0
RR-09173,0.0033246177635691556,0
RR-09174,3.0511809579972247e-05,0
RR-09175,3.9680656860202664e-05,0
RR-09176,0.0002857386751345657,0
RR-09177,0.04340606601852277,0
RR-09178,0.000206122093985288,0
RR-09179,7.686332156259495e-05,0
RR-09180,0.9637504275683831,1
RR-09181,0.0021509651955187842,0
RR-09182,0.00011465852329537551,0
RR-09183,0.00012623828858295452,0
RR-09184,0.0007617154639725202,0
RR-09185,0.0003955601318130528,0
RR-09186,5.8310509225491515e-05,0
RR-09187,4.8177663118366895e-05,0
RR-09188,6.790838187534684e-05,0
RR-09189,0.0001386751696645872,0
RR-09190,8.80831069504405e-05,0
RR-09191,8.819608087376983e-05,0
RR-09192,0.000761039276079582,0
RR-09193,0.05149483650394305,1
RR-09194,0.00032865682541776493,0
RR-09195,0.0013318001095534086,1
RR-09196,0.00023188243302483633,0
RR-09197,0.9878262324608138,1
RR-09198,8.636997434983585e-05,0
RR-09199,0.00011389260609164394,0
RR-09200,8.814447573039372e-05,0
RR-09201,0.0035387369016592514,0
RR-09202,0.00017259681228555754,0
RR-09203,0.00018954312201184558,0
RR-09204,0.00019934091398305628,0
RR-09205,0.0001320235665686456,0
RR-09206,4.292500254604515e-05,0
RR-09207,0.0001936246354043969,0
RR-09208,3.3262804834441186e-05,0
RR-09209,3.295454425474962e-05,0
RR-09210,8.129342343285856e-05,0
RR-09211,3.9645039597698036e-05,0
RR-09212,3.640194313447619e-05,0
RR-09213,4.982812490993109e-05,0
RR-09214,7.91314212432621e-05,0
RR-09215,5.778224376250996e-05,0
RR-09216,0.00015909342609962478,0
RR-09217,5.9540013827473084e-05,0
RR-09218,0.0013695507319249046,0
RR-09219,0.00014466406022929602,0
RR-09220,0.00031376848356518504,0
RR-09221,4.813047750299013e-05,0
RR-09222,0.0005803487942033715,0
RR-09223,4.4376283382588225e-05,0
RR-09224,9.580556660509118e-05,0
RR-09225,9.482072505688576e-05,0
RR-09226,0.0003693321895549299,0
RR-09227,3.135886419574392e-05,0
RR-09228,2.8989481502989098e-05,0
RR-09229,3.3364805368039796e-05,0
RR-09230,8.889746284438024e-05,0
RR-09231,0.40268451840846475,0
RR-09232,7.37393395974983e-05,0
RR-09233,8.238514495508703e-05,0
RR-09234,0.3335622817595858,1
RR-09235,8.39566086263987e-05,0
RR-09236,2.991869213285428e-05,0
RR-09237,0.027127009851159317,0
RR-09238,0.00010936553166864647,0
RR-09239,0.00024025410433100764,0
RR-09240,9.237627404379868e-05,0
RR-09241,5.30535954073948e-05,0
RR-09242,7.342471374958994e-05,0
RR-09243,3.369666035581397e-05,0
RR-09244,5.387110268333128e-05,0
RR-09245,0.00011592730599411109,0
RR-09246,3.513900817730688e-05,0
RR-09247,8.917952682923805e-05,0
RR-09248,0.00015673488596224157,0
RR-09249,2.886294974526433e-05,0
RR-09250,3.3477881955339514e-05,0
RR-09251,0.002635693577323308,0
RR-09252,0.0018583421810905861,0
RR-09253,0.00010119247685550872,0
RR-09254,0.0001389680207728186,0
RR-09255,5.65179946219534e-05,0
RR-09256,8.975949473994802e-05,0
RR-09257,2.9940655398173908e-05,0
RR-09258,3.2869665089934955e-05,0
RR-09259,4.135652646393028e-05,0
RR-09260,4.8303211609322704e-05,0
RR-09261,9.120956046601851e-05,0
RR-09262,6.638672280559282e-05,0
RR-09263,0.0001585081716259077,0
RR-09264,7.165906841829948e-05,0
RR-09265,7.754655062612959e-05,0
RR-09266,5.783732696255553e-05,0
RR-09267,4.776796419637897e-05,0
RR-09268,0.0003048646054068108,0
RR-09269,0.0004744912907871074,0
RR-09270,5.924449061746583e-05,0
RR-09271,0.00034014146543284794,0
RR-09272,0.000253592649023355,0
RR-09273,0.000247910462047508,0
RR-09274,9.255772874178784e-05,0
RR-09275,5.6435907218624976e-05,0
RR-09276,0.9888757446931833,1
RR-09277,0.0002895410240944575,0
RR-09278,0.00048755803067849156,0
RR-09279,0.0001095618533702501,0
RR-09280,3.2127622642916304e-05,0
RR-09281,0.00013832599819148752,0
RR-09282,9.236367434353689e-05,0
RR-09283,5.889591127680954e-05,0
RR-09284,3.3693940282418635e-05,0
RR-09285,3.7593882323294604e-05,0
RR-09286,4.884448520094848e-05,0
RR-09287,0.001331202407265989,0
RR-09288,0.00011079926734994182,0
RR-09289,3.735237179965538e-05,0
RR-09290,3.8285116817129636e-05,0
RR-09291,7.255135971152629e-05,0
RR-09292,0.0002532075563532274,0
RR-09293,3.333171977192114e-05,0
RR-09294,0.00011756129730814517,0
RR-09295,0.00015949350955261654,0
RR-09296,4.763871223066826e-05,0
RR-09297,7.148280667308593e-05,0
RR-09298,4.5016379624153155e-05,0
RR-09299,7.495620260835692e-05,0
RR-09300,3.033742480291308e-05,0
RR-09301,4.612684318942748e-05,0
RR-09302,0.0001297617894599604,0
RR-09303,0.00014277382326333967,0
RR-09304,6.340333482056167e-05,0
RR-09305,2.7152125872573676e-05,0
RR-09306,5.404401117571756e-05,0
RR-09307,7.373717546387114e-05,0
RR-09308,6.886653725945204e-05,0
RR-09309,0.002689068832464255,0
RR-09310,4.693481079470428e-05,0
RR-09311,9.53332718942914e-05,0
RR-09312,9.367694607473682e-05,0
RR-09313,3.430800507024852e-05,0
RR-09314,0.00012146524809398493,0
RR-09315,3.131392090826906e-05,0
RR-09316,0.000120501882344954,0
RR-09317,0.00022110626636996246,0
RR-09318,6.153243709964193e-05,0
RR-09319,3.656627289941237e-05,0
RR-09320,7.249948390771979e-05,0
RR-09321,0.08678695003314658,0
RR-09322,4.040382354115498e-05,0
RR-09323,0.9892282810213384,1
RR-09324,0.00013872693008347209,0
RR-09325,3.6140243233759526e-05,0
RR-09326,0.00025669077595971327,0
RR-09327,8.304328922468927e-05,0
RR-09328,0.0003431727598277331,0
RR-09329,3.9427816793982785e-05,0
RR-09330,0.02385567183680511,0
RR-09331,0.00010667355949154198,0
RR-09332,0.00011384180317309593,0
RR-09333,7.277184808371874e-05,0
RR-09334,8.590569374842951e-05,0
RR-09335,0.00011281355109124044,0
RR-09336,0.00013658746557297638,0
RR-09337,4.2723779341069744e-05,0
RR-09338,4.295217685838101e-05,0
RR-09339,3.755954629806894e-05,0
RR-09340,0.000961793459436309,0
RR-09341,6.355707355578619e-05,0
RR-09342,0.0001365275891435396,0
RR-09343,0.00010190792448994635,0
RR-09344,4.66312590840945e-05,0
RR-09345,0.00016378095878121038,0
RR-09346,3.4888633718547394e-05,0
RR-09347,0.16714628088212505,0
RR-09348,0.0016900137211693902,0
RR-09349,5.7929408790237094e-05,0
RR-09350,0.00022477469248331807,0
RR-09351,3.502817592837014e-05,0
RR-09352,3.920477697361434e-05,0
RR-09353,5.799716612036428e-05,0
RR-09354,6.0995904067996065e-05,0
RR-09355,0.0005963896283860418,0
RR-09356,7.255508927256505e-05,0
RR-09357,4.042870052689001e-05,0
RR-09358,0.0007254674564454377,0
RR-09359,0.1840768068800034,0
RR-09360,0.00030124392278297056,0
RR-09361,5.8836110970604156e-05,0
RR-09362,7.878418419957283e-05,0
RR-09363,0.0001104138557430699,0
RR-09364,3.4936430490432e-05,0
RR-09365,6.868922569963111e-05,0
RR-09366,9.58932113894083e-05,0
RR-09367,3.263111699525094e-05,0
RR-09368,5.455357368691264e-05,0
RR-09369,0.000641634964906527,0
RR-09370,0.00011087987107158102,0
RR-09371,4.7595556024362885e-05,0
RR-09372,0.00010495062628898209,0
RR-09373,0.9908881576149496,1
RR-09374,0.00020686514869875413,0
RR-09375,0.00025290432159817396,0
RR-09376,0.00019801124051445053,0
RR-09377,4.915123460188355e-05,0
RR-09378,6.995491021773448e-05,0
RR-09379,0.00023656484364045256,0
RR-09380,4.81605696825969e-05,0
RR-09381,0.00030061023886775905,0
RR-09382,0.00031579724677155527,0
RR-09383,0.11422301676546229,1
RR-09384,8.918613437173752e-05,0
RR-09385,4.360267634199655e-05,0
RR-09386,9.073635966653258e-05,0
RR-09387,5.372325518758624e-05,0
RR-09388,5.934910116425744e-05,0
RR-09389,0.00012516306941109102,0
RR-09390,3.237194408238379e-05,0
RR-09391,4.200990450432954e-05,0
RR-09392,0.00043551859371432177,0
RR-09393,0.00040970498250177714,0
RR-09394,7.88299433945961e-05,0
RR-09395,0.00034768499990370076,0
RR-09396,4.9397786456549435e-05,0
RR-09397,0.9952501033950807,1
RR-09398,0.00016938807006682197,0
RR-09399,0.00036287908291862133,0
RR-09400,0.00023578481730139014,0
RR-09401,0.00026291231235136913,0
RR-09402,0.00026748416063162407,0
RR-09403,0.00017137755580352404,0
RR-09404,0.00023342568262218902,0
RR-09405,3.646181121483492e-05,0
RR-09406,5.488843189692534e-05,0
RR-09407,6.183530012445808e-05,0
RR-09408,0.028201954259011064,0
RR-09409,5.996788513342389e-05,0
RR-09410,0.00014624006479034896,0
RR-09411,5.535355029721874e-05,0
RR-09412,0.0001815963362296427,0
RR-09413,0.0033177115121851932,0
RR-09414,3.874825087020756e-05,0
RR-09415,0.06628360922650678,0
RR-09416,0.00017585292749072403,0
RR-09417,5.0761499241971586e-05,0
RR-09418,0.00017596559929673432,0
RR-09419,0.8438847163574152,1
RR-09420,3.9238465632114286e-05,0
RR-09421,7.147298316171276e-05,0
RR-09422,4.1277415160036616e-05,0
RR-09423,8.375622744798336e-05,0
RR-09424,6.176937786651798e-05,0
RR-09425,0.0005311305724898553,0
RR-09426,0.31147218418494893,0
RR-09427,0.0003255103986708052,0
RR-09428,0.00014080770274654808,0
RR-09429,0.0003340680519490175,0
RR-09430,9.740685960240805e-05,0
RR-09431,0.9329842377983194,1
RR-09432,0.00020640551706999793,0
RR-09433,2.9738288615044494e-05,0
RR-09434,9.208229837994151e-05,0
RR-09435,4.566669313456629e-05,0
RR-09436,3.481168030433024e-05,0
RR-09437,0.00039926176532730775,0
RR-09438,6.885499503203122e-05,0
RR-09439,5.4555322305351165e-05,0
RR-09440,0.007076729054109354,0
RR-09441,7.420668041700669e-05,0
RR-09442,0.9647706984583512,1
RR-09443,3.442546081516796e-05,0
RR-09444,4.488800519049728e-05,0
RR-09445,0.000147882865632665,0
RR-09446,5.055137958981691e-05,0
RR-09447,4.413400130593491e-05,0
RR-09448,0.0001436512055265805,0
RR-09449,5.778224376250996e-05,0
RR-09450,4.002216446716645e-05,0
RR-09451,0.00011917575187031641,0
RR-09452,0.0015274166395836822,0
RR-09453,5.615954629041884e-05,0
RR-09454,3.406806139793782e-05,0
RR-09455,4.822155445022295e-05,0
RR-09456,3.9099473802682194e-05,0
RR-09457,0.00030319138639700404,0
RR-09458,0.00032557483806140697,0
RR-09459,6.328953342138265e-05,0
RR-09460,0.0002259371115925379,0
RR-09461,0.003801794769539492,0
RR-09462,0.0001460450305043788,0
RR-09463,0.030142831009299816,0
RR-09464,8.271836688556731e-05,0
RR-09465,8.186760351521218e-05,0
RR-09466,0.00015016010293792526,0
RR-09467,0.0002852104831051238,0
RR-09468,0.00010740539781173057,0
RR-09469,4.286303180816746e-05,0
RR-09470,6.74346371474809e-05,0
RR-09471,0.0008984517930239222,0
RR-09472,0.00037427279555077395,0
RR-09473,0.0016348578588153712,0
RR-09474,6.086174069488037e-05,0
RR-09475,3.90938661870727e-05,0
RR-09476,6.606933764264947e-05,0
RR-09477,4.0482239234042064e-05,0
RR-09478,0.0002915492036823078,0
RR-09479,0.00021544548769875086,0
RR-09480,0.0025894386974262803,0
RR-09481,5.1607378549246646e-05,0
RR-09482,6.064358961261087e-05,0
RR-09483,0.010169482348094793,0
RR-09484,8.278385454316351e-05,0
RR-09485,5.051557217629548e-05,0
RR-09486,0.0013749994824960468,0
RR-09487,0.00011982267468069347,0
RR-09488,0.0003042620253591092,0
RR-09489,0.0001238910419994583,0
RR-09490,0.0001980857112532983,0
RR-09491,7.858770216339042e-05,0
RR-09492,3.8492798333409074e-05,0
RR-09493,8.608392123280523e-05,0
RR-09494,6.266582897371104e-05,0
RR-09495,3.9504884388513635e-05,0
RR-09496,8.14408437461971e-05,0
RR-09497,0.002596554718511969,0
RR-09498,0.00036595739070557594,0
RR-09499,6.966240059460446e-05,0
RR-09500,0.03466591330056062,0
RR-09501,3.391254705603097e-05,0
RR-09502,5.3257186616319784e-05,0
RR-09503,8.211084366219388e-05,0
RR-09504,0.5688846384183119,1
RR-09505,8.066557970786505e-05,0
RR-09506,0.00010268719880667799,0
RR-09507,5.3425242430778304e-05,0
RR-09508,0.00013196555108212202,0
RR-09509,7.941238045759761e-05,0
RR-09510,5.0709370826200684e-05,0
RR-09511,4.8812107242391006e-05,0
RR-09512,0.0007161883131317418,0
RR-09513,7.941651416192049e-05,0
RR-09514,7.729438753107478e-05,0
RR-09515,0.00021608380282041765,0
RR-09516,0.0007934635508377776,0
RR-09517,7.296714883140119e-05,0
RR-09518,0.0010271071346060116,0
RR-09519,0.00018476549256649154,0
RR-09520,4.949606301649167e-05,0
RR-09521,0.0006268170386059617,0
RR-09522,0.021374564044686906,0
RR-09523,9.102796508470809e-05,0
RR-09524,0.00026807092706403147,0
RR-09525,8.98693921751702e-05,0
RR-09526,8.667911211803243e-05,0
RR-09527,4.314936468553059e-05,0
RR-09528,4.3420677975391534e-05,0
RR-09529,0.00021657919240551028,0
RR-09530,0.036764533955306114,0
RR-09531,0.0001355692297107888,0
RR-09532,0.9811852182537151,1
RR-09533,0.0001523486842621709,0
RR-09534,0.000575579412880674,0
RR-09535,0.00015289976623423482,0
RR-09536,0.00010677673462517922,0
RR-09537,0.0049829643572338,0
RR-09538,0.00011623506136001532,0
RR-09539,4.286785879339714e-05,0
RR-09540,9.402269709879263e-05,0
RR-09541,0.00010613067118835075,0
RR-09542,4.395209356564783e-05,0
RR-09543,0.00033285840565563127,0
RR-09544,0.0001854430551035143,0
RR-09545,7.17643174607637e-05,0
RR-09546,3.813381727191228e-05,0
RR-09547,5.265707939444736e-05,0
RR-09548,8.971874753775923e-05,0
RR-09549,0.00028825523852171427,0
RR-09550,0.2373175062997477,0
RR-09551,0.0002151934123933852,0
RR-09552,0.00015672693067108828,0
RR-09553,0.00011336662780020533,0
RR-09554,0.00033733354728004847,0
RR-09555,0.00010328754736636949,0
RR-09556,3.822393737611619e-05,0
RR-09557,4.417077219975104e-05,0
RR-09558,0.0001315399892061899,0
RR-09559,7.459737345161987e-05,0
RR-09560,7.324491597477555e-05,0
RR-09561,0.00018081246720414118,0
RR-09562,5.5331914940453156e-05,0
RR-09563,8.521975334331572e-05,0
RR-09564,9.327621546098824e-05,0
RR-09565,4.971861029375078e-05,0
RR-09566,0.408040261119149,1
RR-09567,6.453811938578031e-05,0
RR-09568,9.072907632078208e-05,0
RR-09569,8.12226520335581e-05,0
RR-09570,0.00026379038302449897,0
RR-09571,4.690860792604899e-05,0
RR-09572,0.0003043344494467563,0
RR-09573,0.00011895970145264288,0
RR-09574,6.010613319804192e-05,0
RR-09575,5.344443834290968e-05,0
RR-09576,4.1095605013415295e-05,0
RR-09577,7.269792031809205e-05,0
RR-09578,0.0010076681034371158,0
RR-09579,7.509406142922238e-05,0
RR-09580,0.0008534268122589729,0
RR-09581,2.9096830865129214e-05,0
RR-09582,0.9757920836981353,1
RR-09583,3.5520580164096105e-05,0
RR-09584,0.0002671500737090925,0
RR-09585,4.999402806582807e-05,0
RR-09586,5.582257057560534e-05,0
RR-09587,4.926731542585026e-05,0
RR-09588,6.33251036405096e-05,0
RR-09589,0.00039944535048171516,0
RR-09590,0.00013876563864039778,0
RR-09591,8.108128076166949e-05,0
RR-09592,5.289068886430096e-05,0
RR-09593,2.8314588331819433e-05,0
RR-09594,2.8756296018912698e-05,0
RR-09595,0.8889089938197055,1
RR-09596,0.00010208952881630318,0
RR-09597,5.494888416944901e-05,0
RR-09598,0.00015498118938704408,0
RR-09599,5.1492939460003315e-05,0
RR-09600,3.625113493525174e-05,0
RR-09601,0.00043487972364186393,0
RR-09602,2.541765635626393e-05,0
RR-09603,6.919343924184172e-05,0
RR-09604,0.00010700995837879912,0
RR-09605,3.44271747830436e-05,0
RR-09606,3.3798999168398305e-05,0
RR-09607,0.0001291473971086705,0
RR-09608,4.5323856237480514e-05,0
RR-09609,0.00011877764629020742,0
RR-09610,0.00010792964903976074,0
RR-09611,6.860821213757207e-05,0
RR-09612,0.00010073080906367369,0
RR-09613,0.1190409024365861,1
RR-09614,6.503855261082659e-05,0
RR-09615,0.0001869725507626545,0
RR-09616,0.00028022451109251296,0
RR-09617,0.0001933276012285481,0
RR-09618,2.9942935042752162e-05,0
RR-09619,0.0005929429907779531,0
RR-09620,7.298995858455847e-05,0
RR-09621,0.00022630604605366274,0
RR-09622,0.9944965712679626,1
RR-09623,5.914846492889765e-05,0
RR-09624,6.468373220483203e-05,0
RR-09625,8.045565590538368e-05,0
RR-09626,0.00019923231981129686,0
RR-09627,7.128281780804394e-05,0
RR-09628,0.00027330595624588646,0
RR-09629,0.00042777317648507026,0
RR-09630,3.4897192613961444e-05,0
RR-09631,5.4374678492987215e-05,0
RR-09632,0.0005459473531593734,0
RR-09633,4.343908741471505e-05,0
RR-09634,8.39147870251734e-05,0
RR-09635,9.09709205497405e-05,0
RR-09636,0.0001662418246002717,0
RR-09637,0.0012002464717968684,0
RR-09638,2.9721550916729095e-05,0
RR-09639,0.03300543268809345,0
RR-09640,8.85467375204083e-05,0
RR-09641,0.00018711267450259797,0
RR-09642,4.2482141306798305e-05,0
RR-09643,0.012249814448667268,0
RR-09644,8.413383744411244e-05,0
RR-09645,0.0001470628669263985,0
RR-09646,9.075078039954528e-05,0
RR-09647,0.00010591200230811386,0
RR-09648,3.2572867401677014e-05,0
RR-09649,0.984945848940763,1
RR-09650,4.020743615827627e-05,0
RR-09651,0.00040295176303807074,0
RR-09652,0.003677042319161097,0
RR-09653,0.001598423843203199,0
RR-09654,5.6962885229125545e-05,0
RR-09655,3.842294345217724e-05,0
RR-09656,8.560196781698292e-05,0
RR-09657,4.288015523471088e-05,0
RR-09658,0.0014924371537915811,0
RR-09659,8.625296167231311e-05,0
RR-09660,0.00019985071878802268,0
RR-09661,4.465414277934341e-05,0
RR-09662,0.00017207801360716963,0
RR-09663,0.0002200332130869556,0
RR-09664,0.0002873781330677815,0
RR-09665,0.00012770950050556708,0
RR-09666,0.00022033518126078584,0
RR-09667,8.773329850160116e-05,0
RR-09668,0.0015352557282072327,0
RR-09669,3.46841240301253e-05,0
RR-09670,0.014203329840260393,1
RR-09671,0.0017594036930470502,0
RR-09672,3.3915336039967286e-05,0
RR-09673,6.569091783741838e-05,0
RR-09674,5.089634554118884e-05,0
RR-09675,3.4696345395570314e-05,0
RR-09676,7.806989868775129e-05,0
RR-09677,4.6337068944983715e-05,0
RR-09678,0.0001805818917180422,0
RR-09679,3.873679448661637e-05,0
RR-09680,7.080772535173162e-05,0
RR-09681,0.00025734011543391644,0
RR-09682,0.00013027846762132437,0
RR-09683,3.126915978745188e-05,0
RR-09684,0.013924108823366914,0
RR-09685,7.216552466399779e-05,0
RR-09686,0.0007138175811675955,0
RR-09687,0.00017537991043845653,0
RR-09688,9.530756697788393e-05,0
RR-09689,0.00011655554855505594,0
RR-09690,0.0010271071346060116,0
RR-09691,3.053798649955457e-05,0
RR-09692,4.1912132506847117e-05,0
RR-09693,4.6808262048179695e-05,0
RR-09694,3.591997004421405e-05,0
RR-09695,0.0003731089809550867,0
RR-09696,0.0003265623878101842,0
RR-09697,8.51380040236402e-05,0
RR-09698,8.615110766441647e-05,0
RR-09699,0.0001467880425584059,0
RR-09700,0.00010238153403803777,0
RR-09701,0.0002012863369939407,0
RR-09702,3.976189258795471e-05,0
RR-09703,0.00014856931563462042,0
RR-09704,0.00012911881239800765,0
RR-09705,7.420478269135498e-05,0
RR-09706,0.00010123044953796218,0
RR-09707,0.013064604150810443,0
RR-09708,3.526528467283964e-05,0
RR-09709,0.0002114064901400087,0
RR-09710,5.151548864538576e-05,0
RR-09711,0.0009931074221121695,0
RR-09712,0.00016215527314669486,0
RR-09713,9.342158243407883e-05,0
RR-09714,4.6906874821414665e-05,0
RR-09715,5.2567153210159545e-05,0
RR-09716,0.0003041518952594125,0
RR-09717,0.0001506492657773998,0
RR-09718,0.0007403220484307325,0
RR-09719,0.00016610823758780256,0
RR-09720,7.61052858300625e-05,0
RR-09721,4.9199327847825894e-05,0
RR-09722,2.8200707434213878e-05,0
RR-09723,0.00025976842092890383,0
RR-09724,5.008380679983318e-05,0
RR-09725,0.00024952918285956263,0
RR-09726,0.0008235505406306648,0
RR-09727,0.00017923335047736964,0
RR-09728,0.004646041062361424,0
RR-09729,0.001507757132109249,0
RR-09730,7.758018320234083e-05,0
RR-09731,0.9051428554721906,1
RR-09732,0.004423923790253271,0
RR-09733,0.00039919360205181064,0
RR-09734,2.62655678250883e-05,0
RR-09735,8.993672430927933e-05,0
RR-09736,6.630359479133582e-05,0
RR-09737,5.103953817000537e-05,0
RR-09738,0.00011222522844515459,0
RR-09739,0.00013805248133816559,0
RR-09740,4.942585555537472e-05,0
RR-09741,4.6405961050177536e-05,0
RR-09742,0.00012043829931418788,0
RR-09743,4.798434371082507e-05,0
RR-09744,4.663421333311063e-05,0
RR-09745,0.004677240688484232,0
RR-09746,0.00038756959459314457,0
RR-09747,5.7554804753721024e-05,0
RR-09748,6.589365844728105e-05,0
RR-09749,9.615161465805738e-05,0
RR-09750,0.00012375888507734062,0
RR-09751,0.0004952351988770555,0
RR-09752,0.0001695525142177682,0
RR-09753,3.7840995399457186e-05,0
RR-09754,0.00014571085491449408,0
RR-09755,0.00021625911003536418,0
RR-09756,0.00011438403168243527,0
RR-09757,0.0006114404569248588,0
RR-09758,3.0412559500227804e-05,0
RR-09759,4.033217368855353e-05,0
RR-09760,4.7097826010744545e-05,0
RR-09761,0.0015989589452336107,0
RR-09762,0.00016793204680227075,0
RR-09763,0.00014692825115587038,0
RR-09764,0.0005327282346762589,0
RR-09765,6.971179466190621e-05,0
RR-09766,0.0001944187851118909,0
RR-09767,5.611674794333514e-05,0
RR-09768,0.00022266909625377263,0
RR-09769,0.00013671820918103743,0
RR-09770,0.0007813578062786979,0
RR-09771,7.186083507310685e-05,0
RR-09772,0.00014115623208463314,0
RR-09773,0.00011182216457864168,0
RR-09774,6.749778538600614e-05,0
RR-09775,6.74982686555732e-05,0
RR-09776,0.00010551491255197506,0
RR-09777,9.075932502466893e-05,0
RR-09778,0.00011577992594827768,0
RR-09779,3.365397373249029e-05,0
RR-09780,0.0005809257039087638,0
RR-09781,0.00011637631374846164,0
RR-09782,0.00010871228541084911,0
RR-09783,5.422614761683585e-05,0
RR-09784,3.2778138569863676e-05,0
RR-09785,6.839735218679334e-05,0
RR-09786,3.959301339900304e-05,0
RR-09787,7.629198795066663e-05,0
RR-09788,0.0002849144468517265,0
RR-09789,8.212180944938599e-05,0
RR-09790,0.0036448319732541165,0
RR-09791,3.426607761794358e-05,0
RR-09792,6.112026644965924e-05,0
RR-09793,0.00014380426681081737,0
RR-09794,4.553891242089971e-05,0
RR-09795,7.405572878902199e-05,0
RR-09796,0.9911277431285401,1
RR-09797,0.00020719575699990801,0
RR-09798,9.499162764017231e-05,0
RR-09799,4.865547755564397e-05,0
RR-09800,3.9051872684851516e-05,0
RR-09801,0.00011533155224570402,0
RR-09802,4.8718689972156466e-05,0
RR-09803,8.886328092365827e-05,0
RR-09804,6.54776831634397e-05,0
RR-09805,0.00012211070130372986,0
RR-09806,0.00012459386921968854,0
RR-09807,3.775367455006953e-05,0
RR-09808,8.137261073338397e-05,0
RR-09809,3.618637905825902e-05,0
RR-09810,0.00011347657860467112,0
RR-09811,0.00041824020070167507,0
RR-09812,8.78876654437667e-05,0
RR-09813,4.652469883001996e-05,0
RR-09814,3.7248503591905576e-05,0
RR-09815,0.00013038346159609536,0
RR-09816,7.953745919948418e-05,0
RR-09817,8.152753809253995e-05,0
RR-09818,6.906237631873177e-05,0
RR-09819,0.0001147808370660633,0
RR-09820,7.995190937788744e-05,0
RR-09821,7.23110726973182e-05,0
RR-09822,7.720643355139077e-05,0
RR-09823,3.5879604910799565e-05,0
RR-09824,0.00017389503759921798,0
RR-09825,0.00022231677223760849,0
RR-09826,0.000967452191670014,0
RR-09827,0.00011433890933775825,0
RR-09828,0.00021909771697590927,0
RR-09829,0.00013906254602963125,0
RR-09830,5.313114413923737e-05,0
RR-09831,7.781031308768867e-05,0
RR-09832,7.261320682663959e-05,0
RR-09833,0.00024286044362273893,0
RR-09834,3.8601574251099545e-05,0
RR-09835,5.368782915196855e-05,0
RR-09836,0.00030325075170504085,0
RR-09837,9.69234601384063e-05,0
RR-09838,0.00010218266851741264,0
RR-09839,7.031109544042572e-05,0
RR-09840,4.691352492220814e-05,0
RR-09841,0.00015001983725320965,0
RR-09842,0.010079747135537174,0
RR-09843,0.952692651442408,1
RR-09844,5.159669553913992e-05,0
RR-09845,3.554237702830914e-05,0
RR-09846,5.1766593566589914e-05,0
RR-09847,0.0001365063806494691,0
RR-09848,4.2399715581926625e-05,0
RR-09849,7.174854902750368e-05,0
RR-09850,0.00015121842203390923,0
RR-09851,4.0650461935057966e-05,0
RR-09852,0.00035458766657025587,0
RR-09853,5.2749779556482e-05,0
RR-09854,7.629662983568286e-05,0
RR-09855,0.9262499731801266,1
RR-09856,0.0004137425010978509,0
RR-09857,0.001892167424334642,0
RR-09858,9.096131375092914e-05,0
RR-09859,0.0001187179295807546,0
RR-09860,9.932222332565534e-05,0
RR-09861,0.0003904169219739421,0
RR-09862,3.792484212333455e-05,0
RR-09863,0.00028552380528593286,0
RR-09864,5.632746890142125e-05,0
RR-09865,0.0002717533998061066,0
RR-09866,5.361959543613512e-05,0
RR-09867,0.00016694334722359167,0
RR-09868,0.00020593742084756874,0
RR-09869,0.6206287232646851,0
RR-09870,4.1822456815167e-05,0
RR-09871,3.966162076881601e-05,0
RR-09872,3.9168685201602605e-05,0
RR-09873,0.030142831009299816,0
RR-09874,0.0001203126355243053,0
RR-09875,3.621749900154024e-05,0
RR-09876,0.00014136815613824863,0
RR-09877,0.00022129611489412696,0
RR-09878,0.00022034360494464525,0
RR-09879,7.480934855148055e-05,0
RR-09880,0.0002078284110481851,0
RR-09881,0.00032724843740387054,0
RR-09882,0.0007906390098052328,0
RR-09883,0.0011268215702044996,0
RR-09884,7.892903720924185e-05,0
RR-09885,0.00010487159340475787,0
RR-09886,0.00014141108473576737,0
RR-09887,4.544899945716861e-05,0
RR-09888,0.00016707387343854312,0
RR-09889,7.102467140596406e-05,0
RR-09890,6.626533865031324e-05,0
RR-09891,7.659680145068704e-05,0
RR-09892,2.9398635745429027e-05,0
RR-09893,4.5009233451120315e-05,0
RR-09894,7.9472710194849e-05,0
RR-09895,0.00048595059004752583,0
RR-09896,0.0001331242296381687,0
RR-09897,0.00014293937929837805,0
RR-09898,7.677137087835763e-05,0
RR-09899,8.340351202439924e-05,0
RR-09900,0.00013565725664952804,0
RR-09901,7.170901466200307e-05,0
RR-09902,6.650775543478305e-05,0
RR-09903,4.396524104611821e-05,0
RR-09904,2.8154962622146245e-05,0
RR-09905,7.598281638496623e-05,0
RR-09906,0.0005737838399129338,0
RR-09907,4.888525767649872e-05,0
RR-09908,0.00013809312388474257,0
RR-09909,3.1895309777877095e-05,0
RR-09910,0.0001095893227915548,0
RR-09911,2.4484806607238238e-05,0
RR-09912,4.974493973093543e-05,0
RR-09913,0.0003232120190970197,0
RR-09914,0.12187448984667291,0
RR-09915,5.24708775408807e-05,0
RR-09916,3.614816638929664e-05,0
RR-09917,5.5894519560093215e-05,0
RR-09918,5.721400926740862e-05,0
RR-09919,0.00011435919600357866,0
RR-09920,0.00020080647556093537,0
RR-09921,0.0003112105372408388,0
RR-09922,5.137121964115148e-05,0
RR-09923,0.0005203730354900147,0
RR-09924,0.0002514791653799402,0
RR-09925,0.0005140990632619942,0
RR-09926,9.552145905339997e-05,0
RR-09927,4.570231903603387e-05,0
RR-09928,0.00038004374197467847,0
RR-09929,5.7464536827924606e-05,0
RR-09930,4.924427746982198e-05,0
RR-09931,0.0004516788287488382,0
RR-09932,4.84850359876285e-05,0
RR-09933,8.060781581902609e-05,0
RR-09934,6.0450161598442424e-05,0
RR-09935,5.857875316000119e-05,0
RR-09936,0.0008728885181328426,0
RR-09937,0.00016042682404048534,0
RR-09938,5.792836945816459e-05,0
RR-09939,5.0887356913364534e-05,0
RR-09940,0.00013412562086850555,0
RR-09941,0.9845039211532188,1
RR-09942,3.225988674200978e-05,0
RR-09943,0.0007745099554450997,0
RR-09944,3.3968016367992374e-05,0
RR-09945,0.00016079028544393385,0
RR-09946,5.3821495744178285e-05,0
RR-09947,0.0005408669312987167,0
RR-09948,0.0001290616027936524,0
RR-09949,0.004669922095118252,0
RR-09950,0.9493182363567753,1
RR-09951,0.6640634331012524,0
RR-09952,0.0010239300413989174,0
RR-09953,4.930895030735186e-05,0
RR-09954,0.0072313519256253424,0
RR-09955,7.86155148680473e-05,0
RR-09956,0.00011992343845620778,0
RR-09957,0.00018312055098305692,0
RR-09958,0.00011296576362748617,0
RR-09959,8.596210905998584e-05,0
RR-09960,0.0076709113067759994,0
RR-09961,0.00019149616293771476,0
RR-09962,0.013771409724691739,0
RR-09963,0.00013034336585312158,0
RR-09964,0.000130995579493552,0
RR-09965,0.0001795312466549445,0
RR-09966,0.0002216195096970067,0
RR-09967,4.7581466638697305e-05,0
RR-09968,5.579632586628824e-05,0
RR-09969,8.592715234736285e-05,0
RR-09970,0.00012545241067046431,0
RR-09971,8.858468990150916e-05,0
RR-09972,0.0010023220026607927,0
RR-09973,0.00015622212672440053,0
RR-09974,0.00011201928240329205,0
RR-09975,4.1887678095215484e-05,0
RR-09976,0.0017379974513073893,0
RR-09977,0.0002696771663245711,0
RR-09978,4.112457986230987e-05,0
RR-09979,9.284567123916992e-05,0
RR-09980,4.470527829409963e-05,0
RR-09981,0.00010454634681272326,0
RR-09982,9.384446622584717e-05,0
RR-09983,4.194962210014897e-05,0
RR-09984,3.9718318082847274e-05,0
RR-09985,0.00011134724534865104,0
RR-09986,0.004529739737602737,0
RR-09987,0.0002081672476354364,0
RR-09988,0.00020157989729649138,0
RR-09989,8.991627765871591e-05,0
RR-09990,7.739596673340093e-05,0
RR-09991,0.00017743683777857842,0
RR-09992,7.85480565279392e-05,0
RR-09993,0.00045756483587488606,0
RR-09994,4.397042458846155e-05,0
RR-09995,5.411184149231268e-05,0
RR-09996,8.423682312420665e-05,0
RR-09997,0.00026775789644607626,0
RR-09998,4.779584864977778e-05,0
RR-09999,0.00021397785112387265,0
RR-10000,0.0001432439458913225,0
RR-10001,0.0009739346705690107,0
RR-10002,3.518199640529793e-05,0
RR-10003,0.0001286603489810643,0
RR-10004,0.0009130915118573073,0
RR-10005,0.0022607643241354574,0
RR-10006,0.5289206024662443,0
RR-10007,0.0008421053053682476,0
RR-10008,5.2077386943979004e-05,0
RR-10009,0.00041434963227000567,0
RR-10010,3.6890742571706694e-05,0
RR-10011,7.614124374094362e-05,0
RR-10012,7.150112230225104e-05,0
RR-10013,0.00042734695936369737,0
RR-10014,3.742855168192106e-05,0
RR-10015,4.7814924958143315e-05,0
RR-10016,0.0010063552837730164,0
RR-10017,0.0008221298549947857,0
RR-10018,0.0004517697796371648,0
RR-10019,5.365148683068931e-05,0
RR-10020,0.00014638154441578788,0
RR-10021,0.00010197438968340367,0
RR-10022,5.21704977585824e-05,0
RR-10023,0.00022909799044918517,0
RR-10024,3.9853649067254844e-05,0
RR-10025,0.0003835076415594361,0
RR-10026,0.00012537496589891904,0
RR-10027,0.0006377175587605503,0
RR-10028,7.555101851562696e-05,0
RR-10029,3.452438618454787e-05,0
RR-10030,4.4053563420888435e-05,0
RR-10031,0.00028901887922799926,0
RR-10032,3.690602051659514e-05,0
RR-10033,9.983365852598071e-05,0
RR-10034,8.86263953275274e-05,0
RR-10035,0.0006853301790073829,0
RR-10036,4.646797522471073e-05,0
RR-10037,4.6700726446120994e-05,0
RR-10038,0.0001008405309627322,0
RR-10039,0.00013576044154604733,0
RR-10040,0.00013006438207297297,0
RR-10041,0.00033540825585387084,0
RR-10042,7.956560208531669e-05,0
RR-10043,6.242232954925409e-05,0
RR-10044,5.8621592720755784e-05,0
RR-10045,0.00014210427384215367,0
RR-10046,3.768579644198336e-05,0
RR-10047,3.314435568156727e-05,0
RR-10048,8.873200007284446e-05,0
RR-10049,0.00012997713189984085,0
RR-10050,9.04189747999095e-05,0
RR-10051,8.21879659373903e-05,0
RR-10052,0.0004952626970458953,0
RR-10053,3.236896918295991e-05,0
RR-10054,0.00011027579546297175,0
RR-10055,7.807554412529944e-05,0
RR-10056,7.988713580076505e-05,0
RR-10057,5.7926574324741276e-05,0
RR-10058,0.9768084756994513,1
RR-10059,0.00019204097656295446,0
RR-10060,0.007239053444879792,0
RR-10061,0.00015494480669310233,0
RR-10062,0.0001469079914639533,0
RR-10063,0.00011598476025233071,0
RR-10064,0.0006705095903828873,0
RR-10065,0.00011136466466169817,0
RR-10066,4.163695572287068e-05,0
RR-10067,4.4538986926545024e-05,0
RR-10068,5.6911586103233496e-05,0
RR-10069,0.000433142830265572,0
RR-10070,6.0884015333835976e-05,0
RR-10071,3.873891069129401e-05,0
RR-10072,2.9453341385445585e-05,0
RR-10073,5.8475145309218066e-05,0
RR-10074,0.005602805458769024,0
RR-10075,0.0003305387879272073,0
RR-10076,5.4407603475505796e-05,0
RR-10077,6.772034613188026e-05,0
RR-10078,6.299137547074054e-05,0
RR-10079,5.7744237744931795e-05,0
RR-10080,0.000296010095378732,0
RR-10081,0.00014326068111615415,0
RR-10082,6.727704042967381e-05,0
RR-10083,5.402789989005111e-05,0
RR-10084,0.0001998055098563646,0
RR-10085,0.0001394033794931431,0
RR-10086,0.00010223281287905025,0
RR-10087,7.545016913365137e-05,0
RR-10088,0.00019933715612752584,0
RR-10089,4.29871171680141e-05,0
RR-10090,6.397636940302779e-05,0
RR-10091,0.00012722026962518892,0
RR-10092,8.613752099976498e-05,0
RR-10093,3.420020773049555e-05,0
RR-10094,0.00017633248499891054,0
RR-10095,0.00027301459075586954,0
RR-10096,4.2318115298645127e-05,0
RR-10097,9.047798645357378e-05,0
RR-10098,7.947555748155614e-05,0
RR-10099,3.074044738261147e-05,0
RR-10100,7.798232575896681e-05,0
RR-10101,0.00022818678682124093,0
RR-10102,0.00037227817072572097,0
RR-10103,0.0001722621499798618,0
RR-10104,9.377132665092385e-05,0
RR-10105,4.9828482369261116e-05,0
RR-10106,0.00012202070182681322,0
RR-10107,3.536922741914314e-05,0
RR-10108,6.537040839338091e-05,0
RR-10109,3.125397573864832e-05,0
RR-10110,6.339464128878805e-05,0
RR-10111,5.059838509644284e-05,0
RR-10112,8.495679425478589e-05,0
RR-10113,3.4054160578889036e-05,0
RR-10114,0.0001208999604130869,0
RR-10115,7.147974868670283e-05,0
RR-10116,0.00010458205597237143,0
RR-10117,3.0975011582582306e-05,0
RR-10118,6.167399073682045e-05,0
RR-10119,0.008741219720540797,0
RR-10120,0.00016162050233915423,0
RR-10121,0.00010058728204169723,0
RR-10122,0.8214167938360203,1
RR-10123,5.239473953701129e-05,0
RR-10124,3.7494238192327364e-05,0
RR-10125,2.534522337226946e-05,0
RR-10126,4.826160982691277e-05,0
RR-10127,0.00010385442381241376,0
RR-10128,7.512419144594297e-05,0
RR-10129,0.0003515276519528414,0
RR-10130,0.00039122370745252896,0
RR-10131,5.4697644576148216e-05,0
RR-10132,0.00045543605455397053,0
RR-10133,0.0005263638584245634,0
RR-10134,5.545944312121775e-05,0
RR-10135,3.808127183744139e-05,0
RR-10136,3.689994874221772e-05,0
RR-10137,7.362941872821274e-05,0
RR-10138,6.736169813303048e-05,0
RR-10139,3.991516772697988e-05,0
RR-10140,5.407585892707017e-05,0
RR-10141,4.262199366959297e-05,0
RR-10142,5.5359404665277635e-05,0
RR-10143,6.551353285607768e-05,0
RR-10144,3.498797910370789e-05,0
RR-10145,0.6220399444996991,0
RR-10146,4.206148847819915e-05,0
RR-10147,0.00013581447399072037,0
RR-10148,4.316628888434411e-05,0
RR-10149,3.002139804722137e-05,0
RR-10150,0.00021015473834504146,0
RR-10151,8.388447264751662e-05,0
RR-10152,0.00098032044998394,0
RR-10153,7.295355727143338e-05,0
RR-10154,5.352493375726402e-05,0
RR-10155,6.1761876170638e-05,0
RR-10156,0.8159358647889026,0
RR-10157,7.89852410167381e-05,0
RR-10158,0.00028283658149035604,0
RR-10159,0.0008233947889830712,0
RR-10160,0.0003144370537544755,0
RR-10161,0.04315955707765819,0
RR-10162,0.00011734811645750239,0
RR-10163,8.079661093271885e-05,0
RR-10164,0.00023040505439121464,0
RR-10165,0.0001133094259926447,0
RR-10166,0.00034011834101581345,0
RR-10167,6.0495400567804034e-05,0
RR-10168,4.761715093551716e-05,0
RR-10169,0.0026055160507624225,0
RR-10170,4.373024584732488e-05,0
RR-10171,0.0009372192322623447,0
RR-10172,0.0016236407493595915,0
RR-10173,0.031926307276385624,0
RR-10174,7.787759105965414e-05,0
RR-10175,0.0006146147463808897,0
RR-10176,8.099826116280239e-05,0
RR-10177,5.958427273394257e-05,0
RR-10178,0.0004139710639709783,0
RR-10179,3.393085466378897e-05,0
RR-10180,0.00020270115625935236,0
RR-10181,3.1819962847717024e-05,0
RR-10182,9.322910266820595e-05,0
RR-10183,0.00011891736282925152,0
RR-10184,0.00012195910556829113,0
RR-10185,0.0002700998917980814,0
RR-10186,0.00011299443312856995,0
RR-10187,0.00011843972254608761,0
RR-10188,0.00020072031476358113,0
RR-10189,0.02007583321897249,0
RR-10190,0.000557465508302438,0
RR-10191,0.00010791283255595474,0
RR-10192,0.0001918100301448466,0
RR-10193,3.671019835990451e-05,0
RR-10194,0.00024376906807410472,0
RR-10195,3.119189373246135e-05,0
RR-10196,9.222438299119727e-05,0
RR-10197,4.102782567819263e-05,0
RR-10198,0.0027434915412321076,0
RR-10199,0.017707066712426747,0
RR-10200,7.064862492927771e-05,0
RR-10201,6.721317371177424e-05,0
RR-10202,5.749916869783341e-05,0
RR-10203,0.00011875309443275336,0
RR-10204,7.956395355448544e-05,0
RR-10205,0.0001280435562210206,0
RR-10206,5.6995183187802505e-05,0
RR-10207,0.0005816971041609383,0
RR-10208,0.03899958714194698,0
RR-10209,0.00032502113913671055,0
RR-10210,4.45885485953206e-05,0
RR-10211,0.00042835813803463005,0
RR-10212,0.00015540687997691617,0
RR-10213,0.00015482474819942594,0
RR-10214,2.438302471814368e-05,0
RR-10215,0.012344076053560535,0
RR-10216,6.166105249813479e-05,0
RR-10217,5.988173226564839e-05,0
RR-10218,4.587715301833646e-05,0
RR-10219,4.450716071231906e-05,0
RR-10220,5.666905852465882e-05,0
RR-10221,4.6091466390375684e-05,0
RR-10222,0.0006816118279375091,0
RR-10223,3.921511580284763e-05,0
RR-10224,0.0012625018196727067,0
RR-10225,0.00480834126835696,0
RR-10226,0.0001572237403518358,0
RR-10227,4.1921238923290055e-05,0
RR-10228,0.00019721101656443513,0
RR-10229,0.0001910354651128632,0
RR-10230,0.0003734353892432869,0
RR-10231,0.000275811356584528,0
RR-10232,5.52450611202404e-05,0
RR-10233,0.0002519723488943657,0
RR-10234,3.831991825206248e-05,0
RR-10235,0.00023905986456566487,0
RR-10236,6.910749345313908e-05,0
RR-10237,0.0001292752818952256,0
RR-10238,0.08483419510273746,1
RR-10239,0.0003713674814286209,0
RR-10240,0.001228675886871201,0
RR-10241,0.0004676080447523164,0
RR-10242,5.139804264007344e-05,0
RR-10243,0.00012905104759146626,0
RR-10244,5.760234517486321e-05,0
RR-10245,0.0011901735891619066,0
RR-10246,5.0122968271491095e-05,0
RR-10247,0.0004657763858163227,0
RR-10248,0.00011100896977576389,0
RR-10249,0.004430751358113344,0
RR-10250,0.00029081622684886245,0
RR-10251,0.00033701127978574185,0
RR-10252,0.00019517414362144042,0
RR-10253,0.00018962981320392425,0
RR-10254,0.00011177200948766909,0
RR-10255,8.33001134987345e-05,0
RR-10256,6.86019653316453e-05,0
RR-10257,0.00012091070788805654,0
RR-10258,5.679745729020565e-05,0
RR-10259,5.818646804949274e-05,0
RR-10260,0.00012767629844998555,0
RR-10261,2.444455045337384e-05,0
RR-10262,0.0005601844103691876,0
RR-10263,0.0491330148775377,0
RR-10264,0.0010623145363822684,0
RR-10265,3.136340489204121e-05,0
RR-10266,0.0021255681371519556,0
RR-10267,9.200389154787287e-05,0
RR-10268,3.803901496840773e-05,0
RR-10269,0.00013397396157521739,0
RR-10270,6.37964690435898e-05,0
RR-10271,3.6151634653887156e-05,0
RR-10272,0.000199672372439341,0
RR-10273,0.0002828897396837223,0
RR-10274,0.0003087484369745349,0
RR-10275,0.0008430995486159958,0
RR-10276,6.584590981386504e-05,0
RR-10277,0.00016626959964196618,0
RR-10278,0.00047300084268041346,0
RR-10279,0.00024924804022671766,0
RR-10280,6.237386648485386e-05,0
RR-10281,0.0028707905390129383,1
RR-10282,0.0007633388799152946,0
RR-10283,0.0003386800199094054,0
RR-10284,7.111811655182576e-05,0
RR-10285,3.9178820520850906e-05,0
RR-10286,5.820593218823024e-05,0
RR-10287,3.388289701041042e-05,0
RR-10288,6.680582239650531e-05,0
RR-10289,0.00014870313067483613,0
RR-10290,0.0014925090521747152,0
RR-10291,0.0003019211391938,0
RR-10292,0.00015862210386278355,0
RR-10293,0.00012310307541227116,0
RR-10294,0.013604385007597697,0
RR-10295,0.00011115829503532737,0
RR-10296,3.656340187185994e-05,0
RR-10297,8.933364069330998e-05,0
RR-10298,0.00016199838673226075,0
RR-10299,7.42986555573739e-05,0
RR-10300,6.99919555767786e-05,0
RR-10301,8.918497505418424e-05,0
RR-10302,0.00017743670282796637,0
RR-10303,0.0006125228694653136,0
RR-10304,0.0002201338182620564,0
RR-10305,0.0001040947628917489,0
RR-10306,0.00018870943298965516,0
RR-10307,8.225092698173446e-05,0
RR-10308,0.00016656807176425697,0
RR-10309,0.00011867525530659775,0
RR-10310,0.00017452425888040565,0
RR-10311,7.665833140713777e-05,0
RR-10312,5.297968451284958e-05,0
RR-10313,0.00026345616515746325,0
RR-10314,4.382154406973557e-05,0
RR-10315,0.0001556496359593737,0
RR-10316,2.7075955743313793e-05,0
RR-10317,0.9380630368531512,1
RR-10318,5.2979830011144934e-05,0
RR-10319,5.8125019902590274e-05,0
RR-10320,4.22554031517858e-05,0
RR-10321,0.0001573245450229432,0
RR-10322,6.860620844532617e-05,0
RR-10323,0.00016000899892327407,0
RR-10324,7.064520325244088e-05,0
RR-10325,4.7043840605258026e-05,0
RR-10326,5.108154447802686e-05,0
RR-10327,0.0003466007320452842,0
RR-10328,7.932660609495232e-05,0
RR-10329,0.13348632485598852,0
RR-10330,0.0001022187714703864,0
RR-10331,0.00012089932262111438,0
RR-10332,3.665711773230128e-05,0
RR-10333,4.8831954134550896e-05,0
RR-10334,9.412303729667013e-05,0
RR-10335,0.9475860834646773,1
RR-10336,4.386396577960515e-05,0
RR-10337,5.320004702883729e-05,0
RR-10338,0.0072355425477515466,0
RR-10339,0.00013163051272077443,0
RR-10340,5.286935772284432e-05,0
RR-10341,3.430628278377428e-05,0
RR-10342,4.17392065995116e-05,0
RR-10343,0.00023734522081106314,0
RR-10344,8.52429604559281e-05,0
RR-10345,0.0004897655831414589,0
RR-10346,5.846725466651553e-05,0
RR-10347,0.00035214894169737334,0
RR-10348,8.302625983648473e-05,0
RR-10349,8.35799133916896e-05,0
RR-10350,3.782401822544252e-05,0
RR-10351,0.000206122093985288,0
RR-10352,8.078929555860233e-05,0
RR-10353,0.0014539791605694336,0
RR-10354,0.0001919777961395142,0
RR-10355,0.0009498565556063771,0
RR-10356,6.514945906971355e-05,0
RR-10357,0.00013154982383187523,0
RR-10358,0.0002103824670189046,0
RR-10359,0.00012962604282125737,0
RR-10360,0.00011184144445008364,0
RR-10361,3.4882683133149484e-05,0
RR-10362,0.0008061378618632098,0
RR-10363,4.660728461251644e-05,0
RR-10364,0.00013976220047069642,0
RR-10365,0.00017883674467496574,0
RR-10366,3.132975638290317e-05,0
RR-10367,0.0001108624438149054,0
RR-10368,0.0007203263353977708,0
RR-10369,0.00040820868907680833,0
RR-10370,4.984005649429079e-05,0
RR-10371,3.0904758109823976e-05,0
RR-10372,0.00021977772289309732,0
RR-10373,8.298497357608823e-05,0
RR-10374,5.829329372835441e-05,0
RR-10375,0.00014194600368703858,0
RR-10376,5.261415849634202e-05,0
RR-10377,6.382685934722212e-05,0
RR-10378,0.00022811893128789804,0
RR-10379,0.0019322328619640749,0
RR-10380,0.004509636892243737,0
RR-10381,2.644728488189085e-05,0
RR-10382,0.00014024407180624225,0
RR-10383,0.00013288844178430684,0
RR-10384,0.00010481764134750701,0
RR-10385,0.00015847044029408387,0
RR-10386,5.6802190815941806e-05,0
RR-10387,7.111257917728228e-05,0
RR-10388,0.00016073111785757437,0
RR-10389,8.238806986949125e-05,0
RR-10390,4.991651390213764e-05,0
RR-10391,0.00014670961154453072,0
RR-10392,0.03052148440819091,0
RR-10393,0.0010232659884133954,0
RR-10394,6.301456952184048e-05,0
RR-10395,8.875690004423947e-05,0
RR-10396,6.153365608854541e-05,0
RR-10397,8.498772547281271e-05,0
RR-10398,0.00012030773786623603,0
RR-10399,0.0002736513790964672,0
RR-10400,0.00026811070678841513,0
RR-10401,0.0007297338314396519,0
RR-10402,0.00031366591365747707,0
RR-10403,2.897044458987545e-05,0
RR-10404,5.6711362314517926e-05,0
RR-10405,6.318809467361903e-05,0
RR-10406,0.00018160839562144214,0
RR-10407,0.0001579044741271481,0
RR-10408,5.2243500574822933e-05,0
RR-10409,6.876448860112854e-05,0
RR-10410,4.3421330385329314e-05,0
RR-10411,0.00010489849302547114,0
RR-10412,4.698659512772097e-05,0
RR-10413,0.0003928599897731482,0
RR-10414,0.00012656162194937332,0
RR-10415,4.902398481689649e-05,0
RR-10416,0.00014198236694737854,0
RR-10417,0.00011056852700549095,0
RR-10418,0.00017942866593233917,0
RR-10419,0.003381436613856899,0
RR-10420,4.190333474111528e-05,0
RR-10421,0.00011722374746334344,0
RR-10422,0.0005829536660555991,0
RR-10423,0.00014138020982909207,0
RR-10424,4.872524361356207e-05,0
RR-10425,0.00031373779559077124,0
RR-10426,6.293339661323745e-05,0
RR-10427,4.883371410945782e-05,0
RR-10428,8.362953011168593e-05,0
RR-10429,5.323930001258163e-05,0
RR-10430,6.705968344274489e-05,0
RR-10431,0.0002185035381803068,0
RR-10432,0.00014623359734657523,0
RR-10433,3.5670046814498644e-05,0
RR-10434,0.00020523555556657295,0
RR-10435,3.861600842551088e-05,0
RR-10436,6.716967565278834e-05,0
RR-10437,3.0258373066805537e-05,0
RR-10438,5.5036226818816644e-05,0
RR-10439,5.7111653110685226e-05,0
RR-10440,7.457364879412089e-05,0
RR-10441,3.659692385107785e-05,0
RR-10442,4.386065727991861e-05,0
RR-10443,4.7494631569643876e-05,0
RR-10444,5.434975220165865e-05,0
RR-10445,0.014495176193425005,0
RR-10446,0.0002799093514314925,0
RR-10447,7.432197176706006e-05,0
RR-10448,0.0024644271271396906,0
RR-10449,0.0019322328619640749,0
RR-10450,0.00013302635599352,0
RR-10451,7.721430415499745e-05,0
RR-10452,9.046501229740812e-05,0
RR-10453,4.221734848711808e-05,0
RR-10454,9.540630236268273e-05,0
RR-10455,9.323908058133039e-05,0
RR-10456,6.0012244661322134e-05,0
RR-10457,7.307441793211426e-05,0
RR-10458,5.221188767852809e-05,0
RR-10459,3.426026682662215e-05,0
RR-10460,0.00013505815995752584,0
RR-10461,3.993425251779378e-05,0
RR-10462,3.6008181508236573e-05,0
RR-10463,0.009195029987129481,0
RR-10464,3.044610954764885e-05,0
RR-10465,0.00014090217557422268,0
RR-10466,3.2663266635388955e-05,0
RR-10467,6.468021087737563e-05,0
RR-10468,0.00024518579229828555,0
RR-10469,0.00017507983081452112,0
RR-10470,4.748640643309634e-05,0
RR-10471,0.00010195368948572428,0
RR-10472,0.002160509668334038,0
RR-10473,9.282069549511733e-05,0
RR-10474,4.1750307831433736e-05,0
RR-10475,9.269243409488303e-05,0
RR-10476,8.329980447321306e-05,0
RR-10477,8.25777311580153e-05,0
RR-10478,6.223192523721297e-05,0
RR-10479,0.00017095373371920158,0
RR-10480,0.00016843947099948306,0
RR-10481,0.0003085939844226119,0
RR-10482,5.920758501717315e-05,0
RR-10483,0.9149739331631642,1
RR-10484,9.40343036994205e-05,0
RR-10485,0.0006758326229131232,0
RR-10486,0.00016210416941736945,0
RR-10487,0.0025894386974262803,0
RR-10488,4.7279659242707915e-05,0
RR-10489,0.0005413718526083486,0
RR-10490,2.7942606962607458e-05,0
RR-10491,0.0021083065643522666,0
RR-10492,3.910896716015203e-05,0
RR-10493,3.9901470436149444e-05,0
RR-10494,6.777255934394127e-05,0
RR-10495,0.0006827443059438193,0
RR-10496,9.682941136371875e-05,0
RR-10497,0.00040997279283243413,0
RR-10498,0.00020001440526374174,0
RR-10499,4.0537691542741015e-05,0
RR-10500,0.010967524870136377,0
RR-10501,0.000398395181420424,0
RR-10502,0.0001283717342420803,0
RR-10503,0.0014490778960127972,0
RR-10504,4.274973710877755e-05,0
RR-10505,0.00018805563012812013,0
RR-10506,7.598721779633995e-05,0
RR-10507,0.00043172289482374684,0
RR-10508,0.00019828726974729325,0
RR-10509,0.00014082777139498454,0
RR-10510,5.225805593907702e-05,0
RR-10511,6.332643802574938e-05,0
RR-10512,0.0007286486120488847,0
RR-10513,6.72856194421294e-05,0
RR-10514,0.00011137400468700847,0
RR-10515,0.00019887168147691503,0
RR-10516,7.364656827314494e-05,0
RR-10517,0.00017635445583016624,0
RR-10518,2.451501090504596e-05,0
RR-10519,5.7631076737760715e-05,0
RR-10520,0.00034533667350056637,0
RR-10521,5.854270149315034e-05,0
RR-10522,0.003038554125641599,0
RR-10523,0.00024206887286293746,0
RR-10524,8.822174149420693e-05,0
RR-10525,0.0005373991738857186,0
RR-10526,0.026204569864645286,1
RR-10527,6.475526884919086e-05,0
RR-10528,4.9781940070352417e-05,0
RR-10529,4.310417197022143e-05,0
RR-10530,3.738317106815604e-05,0
RR-10531,6.939113131236875e-05,0
RR-10532,3.1098395572238695e-05,0
RR-10533,9.324344091700603e-05,0
RR-10534,0.00030235130558962323,0
RR-10535,4.529608495534356e-05,0
RR-10536,0.0001460047398395421,0
RR-10537,0.00010459019889004323,0
RR-10538,0.000305568895596516,0
RR-10539,0.0001716290477419799,0
RR-10540,4.507808078065198e-05,0
RR-10541,5.388411526221085e-05,0
RR-10542,3.640110822460204e-05,0
RR-10543,4.300417463601181e-05,0
RR-10544,7.179829519522335e-05,0
RR-10545,5.33558342425379e-05,0
RR-10546,0.00011728659769828196,0
RR-10547,0.00011096057058725016,0
RR-10548,0.00017120755746127418,0
RR-10549,5.7193887473777375e-05,0
RR-10550,3.8797919740265056e-05,0
RR-10551,0.9490327019743052,1
RR-10552,0.0035633198246820463,0
RR-10553,4.2669967036127764e-05,0
RR-10554,7.387456489346975e-05,0
RR-10555,3.6610254856112e-05,0
RR-10556,0.0001425586225133751,0
RR-10557,3.124439794781471e-05,0
RR-10558,6.36830158472554e-05,0
RR-10559,3.2977162961543815e-05,0
RR-10560,0.00011744186358061425,0
RR-10561,0.00011450309265127372,0
RR-10562,0.9949081620803157,1
RR-10563,0.00040954127989483856,0
RR-10564,0.00017847740956091076,0
RR-10565,0.001013152176289935,0
RR-10566,0.00020882225297066587,0
RR-10567,9.495608956643106e-05,0
RR-10568,7.657612935258853e-05,0
RR-10569,6.08609869330425e-05,0
RR-10570,3.0440114422677567e-05,0
RR-10571,5.143490430526271e-05,0
RR-10572,6.28938945465011e-05,0
RR-10573,2.5111171145028173e-05,0
RR-10574,3.659692385107785e-05,0
RR-10575,0.00029533610151089376,0
RR-10576,7.492686245419205e-05,0
RR-10577,0.00013405287068523166,0
RR-10578,4.2822315889731024e-05,0
RR-10579,3.56207240071009e-05,0
RR-10580,3.0177101457076406e-05,0
RR-10581,5.2821187739607824e-05,0
RR-10582,3.0359875256182152e-05,0
RR-10583,9.950003922841427e-05,0
RR-10584,0.0011878487269475957,0
RR-10585,9.606898666490408e-05,0
RR-10586,2.9196312799281095e-05,0
RR-10587,0.0004642585984390397,0
RR-10588,5.8102079290087395e-05,0
RR-10589,0.001119169484465437,0
RR-10590,5.1345507343555836e-05,0
RR-10591,0.0004990431547428812,0
RR-10592,3.268695840829867e-05,0
RR-10593,0.008259677379383382,0
RR-10594,2.9206861378775543e-05,0
RR-10595,0.00024582368685121517,0
RR-10596,3.612063597633322e-05,0
RR-10597,0.000191862578596297,0
RR-10598,0.00038976793731768566,0
RR-10599,0.00013014141634785242,0
RR-10600,0.00024376906807410472,0
RR-10601,0.00012233214299885284,0
RR-10602,0.2728659023058994,0
RR-10603,4.28627796383976e-05,0
RR-10604,0.00036802848670511605,0
RR-10605,3.751109278062169e-05,0
RR-10606,0.00019683663873090677,0
RR-10607,6.429191592810418e-05,0
RR-10608,0.0001386751696645872,0
RR-10609,0.00011768132566702814,0
RR-10610,7.397103437502369e-05,0
RR-10611,3.6760937650071695e-05,0
RR-10612,3.4292748406312004e-05,0
RR-10613,0.0005083118209869506,0
RR-10614,2.9279074373645577e-05,0
RR-10615,8.206052300207747e-05,0
RR-10616,0.0001449504131128907,0
RR-10617,0.000528040769697622,0
RR-10618,4.541435222092054e-05,0
RR-10619,7.724422788335208e-05,0
RR-10620,8.37213355256261e-05,0
RR-10621,0.0017412267960176075,0
RR-10622,0.00028808036636969556,0
RR-10623,9.641271621149351e-05,0
RR-10624,6.338208777699907e-05,0
RR-10625,0.00661503988804501,0
RR-10626,0.00021558576164795498,0
RR-10627,0.00011073650818857895,0
RR-10628,0.00021138522146746174,0
RR-10629,0.02465599081679384,0
RR-10630,0.00012099264361068465,0
RR-10631,0.0007961782480680408,0
RR-10632,0.0003197206547683485,0
RR-10633,7.64948514178131e-05,0
RR-10634,0.00020274274801755114,0
RR-10635,0.0001922021054958704,0
RR-10636,0.0002550136278253268,0
RR-10637,3.4987984826191445e-05,0
RR-10638,3.5951184880205914e-05,0
RR-10639,0.00019612062231065918,0
RR-10640,0.0001477556051604345,0
RR-10641,6.980472662047143e-05,0
RR-10642,0.6505603801751737,0
RR-10643,0.002193128027563673,0
RR-10644,0.0001891646186068424,0
RR-10645,8.25052211314445e-05,0
RR-10646,7.428776771478428e-05,0
RR-10647,6.251638556068507e-05,0
RR-10648,0.925749437928719,1
RR-10649,0.00010095880744372388,0
RR-10650,9.976824286588269e-05,0
RR-10651,5.088569887944863e-05,0
RR-10652,3.844146055735108e-05,0
RR-10653,0.41507066566824424,1
RR-10654,4.520436706119945e-05,0
RR-10655,0.0001646805716483401,0
RR-10656,0.6091745715326419,1
RR-10657,0.003754350634567358,0
RR-10658,0.00039736778313044903,0
RR-10659,5.266037712757247e-05,0
RR-10660,3.3542254215970166e-05,0
RR-10661,0.0003345016376720228,0
RR-10662,8.961047216808251e-05,0
RR-10663,8.297436206303512e-05,0
RR-10664,7.035776369892149e-05,0
RR-10665,0.000896474252932817,0
RR-10666,0.01627536236796741,0
RR-10667,2.6839917670091393e-05,0
RR-10668,0.0001057333579327681,0
RR-10669,4.7526976444124984e-05,0
RR-10670,4.6565596440185495e-05,0
RR-10671,6.275832878557175e-05,0
RR-10672,5.9807129992303934e-05,0
RR-10673,0.00032246041088928234,0
RR-10674,0.00016953809140494644,0
RR-10675,0.0002675053622978775,0
RR-10676,8.69210923263157e-05,0
RR-10677,5.9883402712762256e-05,0
RR-10678,4.812022842517303e-05,0
RR-10679,6.67574773722958e-05,0
RR-10680,3.066163636496937e-05,0
RR-10681,5.8735466382636455e-05,0
RR-10682,0.9950870130411875,1
RR-10683,0.00014491770893634002,0
RR-10684,6.43350033603566e-05,0
RR-10685,0.0106729826612185,0
RR-10686,0.00021671776246487117,0
RR-10687,4.919384567330988e-05,0
RR-10688,0.0015051399616274595,0
RR-10689,0.24993181619304736,0
RR-10690,6.866331969433347e-05,0
RR-10691,0.0007084529549322088,0
RR-10692,3.269032367872651e-05,0
RR-10693,6.185353163750409e-05,0
RR-10694,0.0002206367436406778,0
RR-10695,7.044569024860722e-05,0
RR-10696,8.47239666606153e-05,0
RR-10697,9.904192009502066e-05,0
RR-10698,0.0030977860531123417,0
RR-10699,7.329122649223949e-05,0
RR-10700,0.00010906983867172471,0
RR-10701,3.742855168192106e-05,0
RR-10702,6.14941258721177e-05,0
RR-10703,8.196304738705888e-05,0
RR-10704,3.3692812927935026e-05,0
RR-10705,0.00013081081262226579,0
RR-10706,0.00018832740654134346,0
RR-10707,4.271229587322571e-05,0
RR-10708,0.00012350842051594887,0
RR-10709,6.126129364074195e-05,0
RR-10710,5.3474686855159286e-05,0
RR-10711,7.404147937376148e-05,0
RR-10712,0.00015560848257292564,0
RR-10713,0.00016026949176219116,0
RR-10714,3.9350651508703304e-05,0
RR-10715,0.00015914483952585664,0
RR-10716,0.00024095430847227145,0
RR-10717,0.007267155243786129,0
RR-10718,5.568860216006156e-05,0
RR-10719,0.0006145955609090445,0
RR-10720,7.957161861242058e-05,0
RR-10721,0.0016401586011093798,0
RR-10722,0.00012435538907809397,0
RR-10723,4.4834589383235946e-05,0
RR-10724,7.402125504245997e-05,0
RR-10725,8.60598429023498e-05,0
RR-10726,0.010030040219978591,0
RR-10727,5.8592415402678344e-05,0
RR-10728,4.002019433057412e-05,0
RR-10729,3.5169963155561866e-05,0
RR-10730,8.998913122496873e-05,0
RR-10731,8.790699936655115e-05,0
RR-10732,0.00012265703744902706,0
RR-10733,8.542022364543977e-05,0
RR-10734,0.00016382920700969754,0
RR-10735,0.0005545538429433324,0
RR-10736,5.9883402712762256e-05,0
RR-10737,5.251192339940582e-05,0
RR-10738,3.537093922662465e-05,0
RR-10739,7.673879952004531e-05,0
RR-10740,7.342139523704866e-05,0
RR-10741,0.004952532967109426,0
RR-10742,0.000180624051245611,0
RR-10743,9.848231096168859e-05,0
RR-10744,4.4862388672171506e-05,0
RR-10745,0.00015610291186966417,0
RR-10746,0.04407686406508631,0
RR-10747,4.1281583551950116e-05,0
RR-10748,0.00015037574340786834,0
RR-10749,0.00020851093134311374,0
RR-10750,0.0004317459535283979,0
RR-10751,2.856151754340597e-05,0
RR-10752,8.264582448569272e-05,0
RR-10753,9.901214309253827e-05,0
RR-10754,6.870783444047225e-05,0
RR-10755,4.427860792929197e-05,0
RR-10756,4.544474345494524e-05,0
RR-10757,6.865143529221567e-05,0
RR-10758,9.65735416679054e-05,0
RR-10759,0.0001389680207728186,0
RR-10760,0.9872024738336964,1
RR-10761,0.00017749689963648287,0
RR-10762,0.00026435521738929713,0
RR-10763,4.999472312705473e-05,0
RR-10764,7.413552178173566e-05,0
RR-10765,7.524192223774794e-05,0
RR-10766,0.0015810492970620774,0
RR-10767,4.7664659261835935e-05,0
RR-10768,0.0005301823709885832,0
RR-10769,0.00014781885784584788,0
RR-10770,0.000519908824377352,0
RR-10771,0.03327017111506898,0
RR-10772,0.00017295555834548893,0
RR-10773,4.007975067684666e-05,0
RR-10774,7.637988199040249e-05,0
RR-10775,4.221257941532005e-05,0
RR-10776,0.06318471524425652,0
RR-10777,0.00020356722692715137,0
RR-10778,0.00018734683084565656,0
RR-10779,4.3005840910268426e-05,0
RR-10780,0.00012459386921968854,0
RR-10781,3.042496168843153e-05,0
RR-10782,0.9918084395078691,1
RR-10783,9.24273451765428e-05,0
RR-10784,4.81839563236418e-05,0
RR-10785,0.0003033837586085912,0
RR-10786,5.492589838268255e-05,0
RR-10787,3.812954274493491e-05,0
RR-10788,0.00018347916367165735,0
RR-10789,0.0001163093350539472,0
RR-10790,4.7431936990240856e-05,0
RR-10791,9.489979573792994e-05,0
RR-10792,0.0005359933065173074,0
RR-10793,0.00011263532962177369,0
RR-10794,5.988173226564839e-05,0
RR-10795,0.0001149836734518423,0
RR-10796,5.743658327286322e-05,0
RR-10797,0.00029154649482751604,0
RR-10798,0.0001345368827482842,0
RR-10799,5.5365715944353894e-05,0
RR-10800,0.0001986645257079052,0
RR-10801,5.453595817828207e-05,0
RR-10802,5.025753011682339e-05,0
RR-10803,0.00022028175212845312,0
RR-10804,0.00028014109300322364,0
RR-10805,0.5796523853945922,1
RR-10806,7.596826360408782e-05,0
RR-10807,0.00010441516103138325,0
RR-10808,4.68998611039886e-05,0
RR-10809,0.00021081850441436405,0
RR-10810,8.779371875515758e-05,0
RR-10811,0.0001472537522797039,0
RR-10812,0.0005743572687332885,0
RR-10813,5.414112116267603e-05,0
RR-10814,0.00018098402197722397,0
RR-10815,5.8321697713958534e-05,0
RR-10816,0.0004058700604548784,0
RR-10817,0.0012145516305613522,0
RR-10818,3.495472569702121e-05,0
RR-10819,6.452454925950818e-05,0
RR-10820,5.510013917847318e-05,0
RR-10821,8.670251524863384e-05,0
RR-10822,8.755532619399828e-05,0
RR-10823,0.0002274801856940271,0
RR-10824,0.00011551064641218854,0
RR-10825,0.002440722773647464,0
RR-10826,3.271107275494727e-05,0
RR-10827,0.00029918428033095097,0
RR-10828,0.05180674388557817,0
RR-10829,7.13574809470393e-05,0
RR-10830,6.821503776840075e-05,0
RR-10831,4.0834088775156763e-05,0
RR-10832,5.4396210704898705e-05,0
RR-10833,7.394112081016264e-05,0
RR-10834,0.0001727584785414875,0
RR-10835,4.296000884400835e-05,0
RR-10836,3.371268702721817e-05,0
RR-10837,0.02857796032648505,0
RR-10838,0.0021186675342142586,0
RR-10839,0.9843312101229079,1
RR-10840,0.007920998660034852,0
RR-10841,0.9765021179504275,1
RR-10842,0.0036329663230670168,0
RR-10843,0.00029891409301259335,0
RR-10844,8.10858662032241e-05,0
RR-10845,0.0001205164971982247,0
RR-10846,0.00020614074345750918,0
RR-10847,0.0038697592854944245,0
RR-10848,0.005860425912843695,0
RR-10849,5.9796655711587574e-05,0
RR-10850,5.4015481346170784e-05,0
RR-10851,0.0010352070542104012,0
RR-10852,5.7685373001360594e-05,0
RR-10853,0.00010982564419386016,0
RR-10854,6.36525997805515e-05,0
RR-10855,0.0002040886774209503,0
RR-10856,8.055117392900341e-05,0
RR-10857,5.526671175698919e-05,0
RR-10858,0.000259624049158703,0
RR-10859,0.04230032278899533,0
RR-10860,7.471463704955244e-05,0
RR-10861,0.0001756340106309446,0
RR-10862,5.197877370641565e-05,0
RR-10863,7.282370052001376e-05,0
RR-10864,3.311683931662975e-05,0
RR-10865,0.00030165934693770927,0
RR-10866,5.846097415160554e-05,0
RR-10867,0.0007154546474857118,0
RR-10868,8.323422768331661e-05,0
RR-10869,5.250808056559218e-05,0
RR-10870,0.0013087619552222599,0
RR-10871,5.999699484740402e-05,0
RR-10872,5.087089562892621e-05,0
RR-10873,0.000547098166173183,0
RR-10874,0.00012672235811502606,0
RR-10875,5.2931086118619104e-05,0
RR-10876,0.0001938440806352516,0
RR-10877,4.871201463390836e-05,0
RR-10878,0.0001536548732749938,0
RR-10879,3.5305063184141196e-05,0
RR-10880,0.00011060418420577359,0
RR-10881,0.00011837243169158113,0
RR-10882,4.892319027740428e-05,0
RR-10883,0.00019800872089703543,0
RR-10884,7.198937176565218e-05,0
RR-10885,9.318190863130639e-05,0
RR-10886,0.00027228825919287103,0
RR-10887,8.892889457701453e-05,0
RR-10888,7.994872623165894e-05,0
RR-10889,3.425002205359879e-05,0
RR-10890,0.00026963705682231035,0
RR-10891,3.4448750730116635e-05,0
RR-10892,3.4246990179720576e-05,0
RR-10893,0.00018565959993871922,0
RR-10894,3.0445146516756092e-05,0
RR-10895,0.00022022795226434225,0
RR-10896,4.606272190677876e-05,0
RR-10897,0.00011924412530275496,0
RR-10898,5.897022540374321e-05,0
RR-10899,0.00011238869467974187,0
RR-10900,6.583350538404653e-05,0
RR-10901,7.939801666912734e-05,0
RR-10902,3.376839076971385e-05,0
RR-10903,0.0001374283661972248,0
RR-10904,0.0001488105370612708,0
RR-10905,4.8145042549077286e-05,0
RR-10906,6.377792008470544e-05,0
RR-10907,0.00017065678563417516,0
RR-10908,0.00013322264064888432,0
RR-10909,6.731816368822909e-05,0
RR-10910,3.1119461245994474e-05,0
RR-10911,4.696348647050064e-05,0
RR-10912,0.03544590374704568,0
RR-10913,0.0002388594998753997,0
RR-10914,0.00010359451515245207,0
RR-10915,3.6177154277995296e-05,0
RR-10916,0.00032175955214753935,0
RR-10917,0.00010054546529439815,0
RR-10918,0.00027330916825416766,0
RR-10919,0.00010809835548919224,0
RR-10920,0.004735553226359347,0
RR-10921,5.6681550311882565e-05,0
RR-10922,2.8236392669808682e-05,0
RR-10923,7.961417114273273e-05,0
RR-10924,9.439024692356326e-05,0
RR-10925,3.675258158657622e-05,0
RR-10926,7.124860494744402e-05,0
RR-10927,0.0008225238762955596,0
RR-10928,8.240494503698433e-05,0
RR-10929,0.0012546234650605735,0
RR-10930,0.0004112257054285691,0
RR-10931,7.106543835744476e-05,0
RR-10932,0.00015683063709095608,0
RR-10933,0.00012077892827844291,0
RR-10934,4.5590082556469414e-05,0
RR-10935,5.746515740318925e-05,0
RR-10936,0.00012111688026733642,0
RR-10937,8.335553162697827e-05,0
RR-10938,0.9974965018665009,1
RR-10939,5.184217614020804e-05,0
RR-10940,5.243277280538861e-05,0
RR-10941,3.656342990972353e-05,0
RR-10942,0.000170180549183997,0
RR-10943,0.0001422608667718394,0
RR-10944,4.078350122592362e-05,0
RR-10945,0.01954657766425722,0
RR-10946,9.075398070940224e-05,0
RR-10947,3.186282906252072e-05,0
RR-10948,0.005297617649277625,0
RR-10949,6.494054129460919e-05,0
RR-10950,9.397657819604521e-05,0
RR-10951,6.007969871568892e-05,0
RR-10952,4.2835951421650745e-05,0
RR-10953,0.00013327256687079242,0
RR-10954,9.262623280222539e-05,0
RR-10955,0.00039296084400184647,0
RR-10956,0.0039752566649825976,0
RR-10957,9.087307614307653e-05,0
RR-10958,0.00010112360792094324,0
RR-10959,0.00010153023603792523,0
RR-10960,8.992261319285478e-05,0
RR-10961,6.495117790861827e-05,0
RR-10962,0.00014982882666986702,0
RR-10963,8.913569586424178e-05,0
RR-10964,5.913471258385165e-05,0
RR-10965,5.1759255220498425e-05,0
RR-10966,7.357037537515143e-05,0
RR-10967,0.0004611521116691709,0
RR-10968,0.004851267789079984,0
RR-10969,0.0003258099802610115,0
RR-10970,0.000236454872844539,0
RR-10971,0.00011915122385962081,0
RR-10972,6.264312419772759e-05,0
RR-10973,3.4054382401286e-05,0
RR-10974,4.800945047361732e-05,0
RR-10975,0.00010452054116003129,0
RR-10976,0.00012061692526111658,0
RR-10977,8.579823157635744e-05,0
RR-10978,0.004285143314729177,0
RR-10979,6.955005317623706e-05,0
RR-10980,7.282750249302192e-05,0
RR-10981,7.403216034287931e-05,0
RR-10982,6.216298628098029e-05,0
RR-10983,4.442446037162129e-05,0
RR-10984,0.0003908852904540356,0
RR-10985,0.0002654894732470728,0
RR-10986,6.731963427349202e-05,0
RR-10987,0.00022744160246466956,0
RR-10988,5.2110781606788766e-05,0
RR-10989,3.748430084046018e-05,0
RR-10990,0.00013931455028791395,0
RR-10991,5.0561139909780693e-05,0
RR-10992,0.0002454940041329253,0
RR-10993,0.00029373117921372777,0
RR-10994,0.00010514010658630554,0
RR-10995,7.820250632667757e-05,0
RR-10996,6.273786948433142e-05,0
RR-10997,0.04206876679624394,0
RR-10998,6.150703448293385e-05,0
RR-10999,0.00010569603196233459,0
RR-11000,0.00032543197612654005,0
RR-11001,5.025457304877282e-05,0
RR-11002,3.9437995584641456e-05,0
RR-11003,3.4827559338255424e-05,0
RR-11004,0.0001360269767302358,0
RR-11005,0.6846523626653501,1
RR-11006,3.471550728861926e-05,0
RR-11007,0.00015885944165110357,0
RR-11008,4.4735730362580295e-05,0
RR-11009,9.41957335371157e-05,0
RR-11010,8.141880862754033e-05,0
RR-11011,6.169235413939831e-05,0
RR-11012,0.00013075233772906817,0
RR-11013,0.00012526194747244874,0
RR-11014,9.589238673202258e-05,0
RR-11015,4.670906429130945e-05,0
RR-11016,7.807578841185415e-05,0
RR-11017,0.00010915677962592501,0
RR-11018,0.00046143948453556034,0
RR-11019,0.0019807656759590927,0
RR-11020,5.488177254055973e-05,0
RR-11021,0.00010524655112143633,0
RR-11022,0.9673017701234019,1
RR-11023,0.0001114091453638472,0
RR-11024,0.00013405287068523166,0
RR-11025,0.0003752506190744373,0
RR-11026,0.00014975576133422736,0
RR-11027,5.681659665138756e-05,0
RR-11028,0.00013890908072424158,0
RR-11029,0.00010712434566543192,0
RR-11030,4.2103527774260615e-05,0
RR-11031,0.00019853529506774913,0
RR-11032,0.0007741301389329401,0
RR-11033,0.00012261631523826332,0
RR-11034,0.00010979783547425677,0
RR-11035,6.090767533646774e-05,0
RR-11036,4.059863827906726e-05,0
RR-11037,4.1738866094018294e-05,0
RR-11038,0.003085011575946345,0
RR-11039,4.58488147501119e-05,0
RR-11040,0.00016176008562323829,0
RR-11041,0.00011180740845370187,0
RR-11042,6.329318170496022e-05,0
RR-11043,5.9796726334340134e-05,0
RR-11044,6.331556570182188e-05,0
RR-11045,0.00013204484662148965,0
RR-11046,3.571502113144366e-05,0
RR-11047,0.16686149347806561,1
RR-11048,8.926720678859937e-05,0
RR-11049,5.4297870566140524e-05,0
RR-11050,0.00018514630266808183,0
RR-11051,0.0005865226674253383,0
RR-11052,0.000845923041413366,0
RR-11053,0.00011502429247743093,0
RR-11054,7.68158523845103e-05,0
RR-11055,6.642330474711422e-05,0
RR-11056,7.502461978133355e-05,0
RR-11057,0.00011756861421075856,0
RR-11058,8.594147197998546e-05,0
RR-11059,0.007184023170778474,0
RR-11060,6.773768267387834e-05,0
RR-11061,6.851438509477835e-05,0
RR-11062,0.000822031946636117,0
RR-11063,3.739482466546378e-05,0
RR-11064,5.686259878489151e-05,0
RR-11065,0.0001574311132437363,0
RR-11066,0.0004887431999952086,0
RR-11067,0.0002868899529620637,0
RR-11068,4.589474056592876e-05,0
RR-11069,0.00012174855697364058,0
RR-11070,6.824011374386723e-05,0
RR-11071,8.59226120830451e-05,0
RR-11072,5.829737863081562e-05,0
RR-11073,0.00047319069505771404,0
RR-11074,9.036185217348413e-05,0
RR-11075,0.0012036016743465266,0
RR-11076,0.0001556378596379885,0
RR-11077,0.0001923338039187411,0
RR-11078,4.358091075118447e-05,0
RR-11079,0.00012219155818032253,0
RR-11080,4.637108987323796e-05,0
RR-11081,9.077319974678329e-05,0
RR-11082,3.896391665331519e-05,0
RR-11083,0.00013367036483496051,0
RR-11084,9.4059084522039e-05,0
RR-11085,4.488445662199213e-05,0
RR-11086,4.5589037764722156e-05,0
RR-11087,7.633974177298284e-05,0
RR-11088,0.0001923331640955898,0
RR-11089,4.089460884719916e-05,0
RR-11090,6.163044466579502e-05,0
RR-11091,0.0004370030702866865,0
RR-11092,0.00010855416625876272,0
RR-11093,9.297761204764115e-05,0
RR-11094,4.8571712678338354e-05,0
RR-11095,0.00815678327529706,0
RR-11096,3.836235481306264e-05,0
RR-11097,3.620932522066956e-05,0
RR-11098,0.00031630238652746246,0
RR-11099,3.3646435205505405e-05,0
RR-11100,4.1094217204427265e-05,0
RR-11101,9.599208868553549e-05,0
RR-11102,2.9192874733993522e-05,0
RR-11103,0.00011841431288463775,0
RR-11104,7.582191860093949e-05,0
RR-11105,0.00018235745635895544,0
RR-11106,4.403240483227128e-05,0
RR-11107,0.00011598476025233071,0
RR-11108,0.000128993602554261,0
RR-11109,0.0002475606027185537,0
RR-11110,0.00013147634489376787,0
RR-11111,8.070026030731541e-05,0
RR-11112,3.088373125378777e-05,0
RR-11113,3.809895607385003e-05,0
RR-11114,3.937920470128902e-05,0
RR-11115,0.0001277736124418217,0
RR-11116,0.0004825799466090919,0
RR-11117,0.0008006375628894584,0
RR-11118,8.788886749901474e-05,0
RR-11119,9.070979617094059e-05,0
RR-11120,5.0135299523613154e-05,0
RR-11121,0.0001531343637665157,0
RR-11122,0.004057469057887767,0
RR-11123,5.576119448555184e-05,0
RR-11124,7.76647921819774e-05,0
RR-11125,0.00012706664723264978,0
RR-11126,3.4422134577882695e-05,0
RR-11127,3.154177028994203e-05,0
RR-11128,0.0034726666103450615,0
RR-11129,3.748705689020219e-05,0
RR-11130,9.679465974876934e-05,0
RR-11131,3.710204802259158e-05,0
RR-11132,0.0005030011898670891,0
RR-11133,0.00017100845566830948,0
RR-11134,0.0005033552987847533,0
RR-11135,5.507013666066035e-05,0
RR-11136,5.474619337494281e-05,0
RR-11137,0.0001447753090741167,0
RR-11138,6.200630082237832e-05,0
RR-11139,0.00011199385850520536,0
RR-11140,0.00012826504940809517,0
RR-11141,0.00030617487667236587,0
RR-11142,0.0002311657033916016,0
RR-11143,0.00010888715171670168,0
RR-11144,6.40103742203058e-05,0
RR-11145,3.634724238305844e-05,0
RR-11146,6.232558556881636e-05,0
RR-11147,6.378153948112844e-05,0
RR-11148,5.2062325234813525e-05,0
RR-11149,0.00016009445695517802,0
RR-11150,0.00018456894972426267,0
RR-11151,9.354499793864219e-05,0
RR-11152,6.777391129547036e-05,0
RR-11153,3.6590540426745727e-05,0
RR-11154,4.2405339107963306e-05,0
RR-11155,0.11489902464187557,0
RR-11156,3.329413089007492e-05,0
RR-11157,0.00010249196142016386,0
RR-11158,7.590736139699048e-05,0
RR-11159,4.7114066292592736e-05,0
RR-11160,0.00039052544142335405,0
RR-11161,5.0463179342020944e-05,0
RR-11162,8.623164617650156e-05,0
RR-11163,4.765608689395705e-05,0
RR-11164,0.0004983411657481873,0
RR-11165,0.0002141984612463868,0
RR-11166,0.0005133716249976451,0
RR-11167,0.00017851808682879246,0
RR-11168,2.8393358084271518e-05,0
RR-11169,4.478908710488091e-05,0
RR-11170,4.579369072486891e-05,0
RR-11171,5.927627937112137e-05,0
RR-11172,0.0001499686026024325,0
RR-11173,0.00026716888499726034,0
RR-11174,0.00010169201102294063,0
RR-11175,4.955885841741953e-05,0
RR-11176,0.00010816859786644931,0
RR-11177,0.0027434915412321076,0
RR-11178,0.00012977115754893978,0
RR-11179,0.00015419617868542147,0
RR-11180,3.9805766375434585e-05,0
RR-11181,4.7286818550033196e-05,0
RR-11182,8.477976486343696e-05,0
RR-11183,0.006594568579240688,0
RR-11184,3.237638512127388e-05,0
RR-11185,8.385275436144077e-05,0
RR-11186,4.4313893263149234e-05,0
RR-11187,0.00018682609280661508,0
RR-11188,0.0005712076897863263,0
RR-11189,0.00015914483952585664,0
RR-11190,0.00026571086982032335,0
RR-11191,0.00011095211288818734,0
RR-11192,4.8164210672592796e-05,0
RR-11193,9.279465600509713e-05,0
RR-11194,9.851724429006115e-05,0
RR-11195,5.3072700567366837e-05,0
RR-11196,0.0001585973447098966,0
RR-11197,8.085426471141206e-05,0
RR-11198,0.11123062033949724,0
RR-11199,0.00015079088750472096,0
RR-11200,3.0041878949236435e-05,0
RR-11201,4.166708821395621e-05,0
RR-11202,0.0003828494571063793,0
RR-11203,0.0005364732139055935,0
RR-11204,6.023701739554965e-05,0
RR-11205,9.108314256541815e-05,0
RR-11206,0.0002553558315561154,0
RR-11207,3.355087377797517e-05,0
RR-11208,4.708495627809286e-05,0
RR-11209,6.706360297303919e-05,0
RR-11210,0.0002529136701265753,0
RR-11211,0.00018790657209076197,0
RR-11212,9.542914349709956e-05,0
RR-11213,0.00010405279025858856,0
RR-11214,0.0002945404763530468,0
RR-11215,3.7655994541964514e-05,0
RR-11216,3.7977559718220454e-05,0
RR-11217,0.00014478805812013376,0
RR-11218,0.0004511966387962856,0
RR-11219,4.497180583671611e-05,0
RR-11220,5.968638073243231e-05,0
RR-11221,6.56136559149835e-05,0
RR-11222,0.02223467861026382,0
RR-11223,8.928019608841169e-05,0
RR-11224,6.36193994936755e-05,0
RR-11225,5.4000851222616114e-05,0
RR-11226,0.01627334579857391,0
RR-11227,0.0006066318119737743,0
RR-11228,0.00042985210466939993,0
RR-11229,9.315201621556305e-05,0
RR-11230,0.00014376068395473697,0
RR-11231,0.00013677992558649887,0
RR-11232,0.00015830752501603184,0
RR-11233,0.0002694208958540088,0
RR-11234,5.2058704455104475e-05,0
RR-11235,0.00013809320391342645,0
RR-11236,0.00010181250546167583,0
RR-11237,6.937445406059411e-05,0
RR-11238,0.00016349514110162178,0
RR-11239,0.0007248289819873343,0
RR-11240,8.246998832092915e-05,0
RR-11241,0.0010837349480974777,0
RR-11242,7.771332294959057e-05,0
RR-11243,7.432197176706006e-05,0
RR-11244,6.284814489988692e-05,0
RR-11245,5.346994006681166e-05,0
RR-11246,6.813963145581971e-05,0
RR-11247,0.0012670727588117259,0
RR-11248,8.091862272504749e-05,0
RR-11249,9.310043396939337e-05,0
RR-11250,9.296256643348118e-05,0
RR-11251,7.90694567578014e-05,0
RR-11252,5.5456075042893034e-05,0
RR-11253,4.807400138544445e-05,0
RR-11254,4.5858271626993e-05,0
RR-11255,7.186837541115004e-05,0
RR-11256,0.0001370407236562958,0
RR-11257,9.887378229747829e-05,0
RR-11258,3.473636900857134e-05,0
RR-11259,0.0011131470621569598,0
RR-11260,3.5864343721339884e-05,0
RR-11261,3.224453516648093e-05,0
RR-11262,6.168224992084537e-05,0
RR-11263,0.00029769526515163004,0
RR-11264,0.00016894025684821505,0
RR-11265,4.495498607507664e-05,0
RR-11266,3.2106205914007044e-05,0
RR-11267,5.33979399580848e-05,0
RR-11268,7.371461838819514e-05,0
RR-11269,6.98068511006098e-05,0
RR-11270,7.402482620520322e-05,0
RR-11271,3.419135443007119e-05,0
RR-11272,0.0001024861445415144,0
RR-11273,0.00033218225881845125,0
RR-11274,0.0009301585777257577,0
RR-11275,0.0001396474841665611,0
RR-11276,0.00019168376408564187,0
RR-11277,5.7408104865246305e-05,0
RR-11278,0.00014730633479649528,0
RR-11279,4.757169126133636e-05,0
RR-11280,0.0003112061388273562,0
RR-11281,0.024129149577247346,0
RR-11282,0.0002616036902593634,0
RR-11283,0.00011233270065848092,0
RR-11284,4.473336227126402e-05,0
RR-11285,0.0001473225845812617,0
RR-11286,2.8519094531461647e-05,0
RR-11287,7.635142229507636e-05,0
RR-11288,4.454084317912764e-05,0
RR-11289,0.00018627053413687383,0
RR-11290,9.18264869029741e-05,0
RR-11291,7.36877875746013e-05,0
RR-11292,0.00025700588590308167,0
RR-11293,0.0003554100387944182,0
RR-11294,0.0001356717858133686,0
RR-11295,0.9761056316204076,1
RR-11296,0.0002176266383086654,0
RR-11297,0.08142629977562785,0
RR-11298,3.0876570842223975e-05,0
RR-11299,3.91843600409433e-05,0
RR-11300,9.898589070706804e-05,0
RR-11301,4.888952767880676e-05,0
RR-11302,0.00014670153145129143,0
RR-11303,0.00012635730611877492,0
RR-11304,2.587251656053969e-05,0
RR-11305,0.00010689863892492822,0
RR-11306,0.0001328854860087269,0
RR-11307,2.9503867025335247e-05,0
RR-11308,0.00019388205546074454,0
RR-11309,4.9536631178945875e-05,0
RR-11310,5.944414879343019e-05,0
RR-11311,4.209769739910024e-05,0
RR-11312,6.542865074024869e-05,0
RR-11313,4.038929764170073e-05,0
RR-11314,9.484143105996971e-05,0
RR-11315,0.0049246018947954615,0
RR-11316,5.5373899974541546e-05,0
RR-11317,0.001182312807148205,0
RR-11318,5.711627465354758e-05,0
RR-11319,0.00011791444406014117,0
RR-11320,3.4610455009191595e-05,0
RR-11321,0.00011921534713780922,0
RR-11322,0.00019375262000477647,0
RR-11323,3.3025008828390076e-05,0
RR-11324,0.00039552318185061524,0
RR-11325,9.538480499127314e-05,0
RR-11326,7.302333548209483e-05,0
RR-11327,0.000552848471117044,0
RR-11328,0.00022523406800126902,0
RR-11329,5.780473145677883e-05,0
RR-11330,4.9135249987920416e-05,0
RR-11331,0.0002653267608452662,0
RR-11332,3.8567446541379846e-05,0
RR-11333,5.838774162568389e-05,0
RR-11334,0.0002502918144951318,0
RR-11335,0.00010263497467696001,0
RR-11336,0.00012136572676149726,0
RR-11337,7.774687121752443e-05,0
RR-11338,0.00010946192064783529,0
RR-11339,0.0006403007087606172,0
RR-11340,5.661609508591577e-05,0
RR-11341,2.8325153780170432e-05,0
RR-11342,0.005758952515266726,0
RR-11343,3.759884578749815e-05,0
RR-11344,5.926479259254608e-05,0
RR-11345,5.860349381098713e-05,0
RR-11346,7.09011179106471e-05,0
RR-11347,5.9731333486733035e-05,0
RR-11348,5.4554204458123805e-05,0
RR-11349,4.605267319082616e-05,0
RR-11350,6.576801298901596e-05,0
RR-11351,0.00021077753056787335,0
RR-11352,7.413552178173566e-05,0
RR-11353,4.4128892641087405e-05,0
RR-11354,9.818528707091154e-05,0
RR-11355,8.76479352784737e-05,0
RR-11356,0.00010897208832638378,0
RR-11357,0.000142369859152225,0
RR-11358,0.00014382414119420666,0
RR-11359,0.00011027551974254946,0
RR-11360,8.573251099829726e-05,0
RR-11361,0.00016872990700104407,0
RR-11362,0.00014340940747572774,0
RR-11363,8.896069797953649e-05,0
RR-11364,0.00014379267958630429,0
RR-11365,4.289100453407147e-05,0
RR-11366,0.00028796151551864675,0
RR-11367,0.003071544698751202,0
RR-11368,4.8439142882879656e-05,0
RR-11369,0.000246453918688989,0
RR-11370,2.816358188107512e-05,0
RR-11371,0.00010848974064368226,0
RR-11372,3.761664748303471e-05,0
RR-11373,0.0002502918144951318,0
RR-11374,5.058571384023071e-05,0
RR-11375,4.671113447162146e-05,0
RR-11376,0.0006273145000400403,0
RR-11377,5.9228130818877564e-05,0
RR-11378,6.650294201158019e-05,0
RR-11379,5.832724533109246e-05,0
RR-11380,0.0020549838221442848,0
RR-11381,0.8800589761652551,1
RR-11382,0.0006048839375869254,0
RR-11383,0.0005119741943372811,0
RR-11384,5.346944840258374e-05,0
RR-11385,0.00033320548542268495,0
RR-11386,0.000943922224877081,0
RR-11387,3.882104392501921e-05,0
RR-11388,5.035314229483204e-05,0
RR-11389,6.307087032774462e-05,0
RR-11390,5.19713892882713e-05,0
RR-11391,0.00567178501091841,1
RR-11392,8.144432956107415e-05,0
RR-11393,3.0053114583740765e-05,0
RR-11394,9.660801037157227e-05,0
RR-11395,0.0001898692366374198,0
RR-11396,6.874825918765189e-05,0
RR-11397,5.749175408389124e-05,0
RR-11398,0.11349948007193666,1
RR-11399,0.00023397798927793224,0
RR-11400,4.367846028566072e-05,0
RR-11401,5.474083142521973e-05,0
RR-11402,7.245392255611835e-05,0
RR-11403,5.9872916837265754e-05,0
RR-11404,0.0001444163018725388,0
RR-11405,0.00018703725595275262,0
RR-11406,0.0010054716021120989,0
RR-11407,6.967525966653042e-05,0
RR-11408,8.657998192565359e-05,0
RR-11409,4.0757550227623185e-05,0
RR-11410,0.00038957600438476803,0
RR-11411,3.452597288748952e-05,0
RR-11412,6.148865013571282e-05,0
RR-11413,3.558594336346296e-05,0
RR-11414,0.0023532154357007603,0
RR-11415,0.00010176235014480218,0
RR-11416,0.00017980437720082934,0
RR-11417,5.014946612588917e-05,0
RR-11418,6.773568467676528e-05,0
RR-11419,0.00152413256119867,0
RR-11420,6.34726528631476e-05,0
RR-11421,8.229991861370853e-05,0
RR-11422,5.781894826618314e-05,0
RR-11423,5.917685135287359e-05,0
RR-11424,0.00013666822870597297,0
RR-11425,0.2085048266476869,1
RR-11426,3.863501873193591e-05,0
RR-11427,8.026525025913147e-05,0
RR-11428,7.790923188467515e-05,0
RR-11429,0.00019049101206322598,0
RR-11430,0.000136994968107273,0
RR-11431,0.002082522161631456,0
RR-11432,5.821179812072847e-05,0
RR-11433,0.000501165676313548,0
RR-11434,0.00016143466952956608,0
RR-11435,2.688619460474357e-05,0
RR-11436,0.00035819823658680684,0
RR-11437,3.3729732925903604e-05,0
RR-11438,7.745570658156388e-05,0
RR-11439,0.00016220065816944875,0
RR-11440,0.00011993884037658042,0
RR-11441,0.00018952696485208305,0
RR-11442,4.141984542561584e-05,0
RR-11443,0.00011088029366926849,0
RR-11444,9.651530335075895e-05,0
RR-11445,0.004285046836711148,0
RR-11446,5.127400045750202e-05,0
RR-11447,7.721000093866767e-05,0
RR-11448,5.303909281906216e-05,0
RR-11449,0.0011275159576314506,0
RR-11450,7.736613662488142e-05,0
RR-11451,5.31920809938724e-05,0
RR-11452,4.0273209876720656e-05,0
RR-11453,0.00022169658508326644,0
RR-11454,7.993186131197785e-05,0
RR-11455,0.0002212845188160218,0
RR-11456,0.00046677532279972776,0
RR-11457,0.000733530296811481,0
RR-11458,3.2566988729880744e-05,0
RR-11459,5.369436867427595e-05,0
RR-11460,5.387965383090921e-05,0
RR-11461,6.123836410308729e-05,0
RR-11462,9.514580442781078e-05,0
RR-11463,4.3394060941073156e-05,0
RR-11464,9.892686408260651e-05,0
RR-11465,0.00014314793508335308,0
RR-11466,0.00010454634681272326,0
RR-11467,0.00010082847998878183,0
RR-11468,3.3417614159706546e-05,0
RR-11469,0.00014669898978031374,0
RR-11470,6.0615979785969806e-05,0
RR-11471,0.7420711003988268,1
RR-11472,3.5676409494690735e-05,0
RR-11473,6.268433631927691e-05,0
RR-11474,0.00010618638633781756,0
RR-11475,5.4678089199807473e-05,0
RR-11476,0.0005224042728671366,0
RR-11477,5.796184193732392e-05,0
RR-11478,0.00023986930465234903,0
RR-11479,4.585652879122339e-05,0
RR-11480,0.00018706221062702149,0
RR-11481,0.00010124935962320054,0
RR-11482,7.924655740914624e-05,0
RR-11483,3.172009209665471e-05,0
RR-11484,0.0013897712386700327,0
RR-11485,3.135086985484527e-05,0
RR-11486,5.416550545282976e-05,0
RR-11487,0.0017171770457513774,0
RR-11488,5.113809551453466e-05,0
RR-11489,4.9561868526011306e-05,0
RR-11490,7.518572512830509e-05,0
RR-11491,5.383891659321814e-05,0
RR-11492,0.00010025153732197917,0
RR-11493,4.931415477533707e-05,0
RR-11494,3.413398548486613e-05,0
RR-11495,0.00017009937858169597,0
RR-11496,5.9671994708688565e-05,0
RR-11497,0.00017376455181418796,0
RR-11498,5.13057170908643e-05,0
RR-11499,6.617253760731045e-05,0
RR-11500,4.1804811682139024e-05,0
RR-11501,0.0001294675548341466,0
RR-11502,3.7502285504204494e-05,0
RR-11503,9.4571057578638e-05,0
RR-11504,0.00010473966625768753,0
RR-11505,5.4736788056277805e-05,0
RR-11506,4.017957904715254e-05,0
RR-11507,6.0104900672342866e-05,0
RR-11508,8.064718632784426e-05,0
RR-11509,0.00013505125589603786,0
RR-11510,2.5387971265804867e-05,0
RR-11511,3.0359951905386863e-05,0
RR-11512,0.00044935618077843225,0
RR-11513,5.9164792892812996e-05,0
RR-11514,0.0038457105878332448,0
RR-11515,4.9854271059265e-05,0
RR-11516,0.00017319674250228234,0
RR-11517,6.313713555888999e-05,0
RR-11518,8.442285137639282e-05,0
RR-11519,0.00014154656393305825,0
RR-11520,0.984470953586241,1
RR-11521,3.351962060104995e-05,0
RR-11522,4.521661171356979e-05,0
RR-11523,0.0006766951877845202,0
RR-11524,0.002123900279432774,0
RR-11525,7.553928760357535e-05,0
RR-11526,7.657644471389153e-05,0
RR-11527,3.6981013363776025e-05,0
RR-11528,6.887833840501457e-05,0
RR-11529,6.983745471938056e-05,0
RR-11530,0.0001409340197343463,0
RR-11531,9.714515833214647e-05,0
RR-11532,8.16379911006645e-05,0
RR-11533,0.9882432030902947,1
RR-11534,0.0009212719006094252,0
RR-11535,7.018417815265176e-05,0
RR-11536,3.1450194895753316e-05,0
RR-11537,5.3655674139574934e-05,0
RR-11538,9.398342343780272e-05,0
RR-11539,0.9968914901683621,1
RR-11540,6.121670912428316e-05,0
RR-11541,5.809753044692852e-05,0
RR-11542,8.181274496847323e-05,0
RR-11543,6.136940566743064e-05,0
RR-11544,9.225906347473213e-05,0
RR-11545,0.00014464611470754195,0
RR-11546,5.883361606856036e-05,0
RR-11547,2.985327172799348e-05,0
RR-11548,0.0001207951793109178,0
RR-11549,0.004690998514631116,0
RR-11550,0.00014717137838939865,0
RR-11551,0.00044124798210352646,0
RR-11552,0.00010953793817897843,0
RR-11553,6.771654994667385e-05,0
RR-11554,3.752372602790719e-05,0
RR-11555,0.00013774223759969792,0
RR-11556,4.967234997794298e-05,0
RR-11557,4.1464148992394195e-05,0
RR-11558,0.0004849261566731138,0
RR-11559,6.556799116374288e-05,0
RR-11560,0.0004774601104794412,0
RR-11561,0.6548924373173561,0
RR-11562,5.717344569482767e-05,0
RR-11563,4.82732088150262e-05,0
RR-11564,8.040910086381812e-05,0
RR-11565,3.883411319565431e-05,0
RR-11566,6.556571581588653e-05,0
RR-11567,0.0026075715873250657,0
RR-11568,6.552610544396146e-05,0
RR-11569,0.16136717587879956,1
RR-11570,0.00023990442924843122,0
RR-11571,0.00027285096649885663,0
RR-11572,0.00014086831273811106,0
RR-11573,4.191709859336776e-05,0
RR-11574,4.9596601647340276e-05,0
RR-11575,0.00028112969322916133,0
RR-11576,5.9153669095646416e-05,0
RR-11577,7.504895760321981e-05,0
RR-11578,0.000165095936222278,0
RR-11579,4.834667299790274e-05,0
RR-11580,0.00022338252470764354,0
RR-11581,0.00010251121339097299,0
RR-11582,4.234330235150112e-05,0
RR-11583,7.300094329363477e-05,0
RR-11584,0.0003820414987972371,0
RR-11585,0.000130916106062478,0
RR-11586,4.72648666381383e-05,0
RR-11587,4.908014556284672e-05,0
RR-11588,0.0001806301931854253,0
RR-11589,0.0006551357270074558,0
RR-11590,6.166503224135767e-05,0
RR-11591,9.262378593607723e-05,0
RR-11592,0.00017031648932096813,0
RR-11593,0.0007785516351959684,0
RR-11594,0.001020892427663428,0
RR-11595,0.00023332119675723145,0
RR-11596,5.3521761285970134e-05,0
RR-11597,4.189263389813372e-05,0
RR-11598,0.0003261830681390278,0
RR-11599,9.65735416679054e-05,0
RR-11600,4.553694263947879e-05,0
RR-11601,0.0001419607674335195,0
RR-11602,0.00010275084506941087,0
RR-11603,0.002629137620565472,0
RR-11604,0.4720924586052564,1
RR-11605,0.0009224212049141156,0
RR-11606,0.001044366263554287,0
RR-11607,5.036178461235121e-05,0
RR-11608,0.004535717063736596,0
RR-11609,0.0008851830860996583,0
RR-11610,5.483484632351098e-05,0
RR-11611,0.00029787284788959867,0
RR-11612,0.0001329350756660207,0
RR-11613,0.00010352525849936412,0
RR-11614,4.4390879078626414e-05,0
RR-11615,0.0003528631759032305,0
RR-11616,4.627729120868731e-05,0
RR-11617,4.41884232025086e-05,0
RR-11618,5.3337132276037184e-05,0
RR-11619,0.0005701338852008365,0
RR-11620,0.00011210716612410067,0
RR-11621,0.9750830198434446,0
RR-11622,5.354364340300715e-05,0
RR-11623,6.411374761173677e-05,0
RR-11624,9.381121677023836e-05,0
RR-11625,0.0007241993217709307,0
RR-11626,0.0002647572709740611,0
RR-11627,0.0007491726029555302,0
RR-11628,0.0003619735946133537,0
RR-11629,4.367607974754985e-05,0
RR-11630,0.00014113760404320697,0
RR-11631,7.533919260188966e-05,0
RR-11632,9.023739069037808e-05,0
RR-11633,2.551390978149494e-05,0
RR-11634,0.00013036207841504296,0
RR-11635,0.00016196225970416633,0
RR-11636,0.09906561153476015,0
RR-11637,6.421536196583821e-05,0
RR-11638,0.00010273393966731006,0
RR-11639,6.550085326634268e-05,0
RR-11640,5.129051077149873e-05,0
RR-11641,2.6397791263827075e-05,0
RR-11642,9.926870577247517e-05,0
RR-11643,0.00017875205438511567,0
RR-11644,9.76303996304482e-05,0
RR-11645,9.649509410241071e-05,0
RR-11646,0.0003034775987241214,0
RR-11647,3.303723215964062e-05,0
RR-11648,3.721513685910841e-05,0
RR-11649,6.991475984500721e-05,0
RR-11650,0.001285118815292328,0
RR-11651,8.676567471773431e-05,0
RR-11652,0.00016165452763747907,0
RR-11653,4.3593209266012024e-05,0
RR-11654,4.222564605750127e-05,0
RR-11655,0.003955224675486963,0
RR-11656,0.00014562198601954243,0
RR-11657,0.00015784385596892737,0
RR-11658,6.822986071115255e-05,0
RR-11659,0.0002948103210604921,0
RR-11660,0.010891797993610446,1
RR-11661,0.00012384525943051825,0
RR-11662,7.219726623852226e-05,0
RR-11663,0.00048550863051411287,0
RR-11664,6.15186896941058e-05,0
RR-11665,7.505567002946165e-05,0
RR-11666,0.00017308875110440868,0
RR-11667,5.457167948108417e-05,0
RR-11668,0.0001568835077602171,0
RR-11669,0.00040658271844731667,0
RR-11670,0.00019128181924282306,0
RR-11671,0.00013228270427508376,0
RR-11672,0.00013505815995752584,0
RR-11673,6.498493706449768e-05,0
RR-11674,0.0004034175338329495,0
RR-11675,0.0003079258273301194,0
RR-11676,4.787124759787055e-05,0
RR-11677,0.0003359676765226705,0
RR-11678,4.147813722292694e-05,0
RR-11679,0.0001245952445232993,0
RR-11680,0.0002536651440581931,0
RR-11681,6.312068939422425e-05,0
RR-11682,9.945050426432224e-05,0
RR-11683,0.4953009225511674,1
RR-11684,6.335967668130412e-05,0
RR-11685,4.693737805669597e-05,0
RR-11686,0.00010646706189152266,0
RR-11687,0.0006886828288819835,0
RR-11688,8.422222129270682e-05,0
RR-11689,0.000619503566234464,0
RR-11690,6.67029301355141e-05,0
RR-11691,0.0016039590578052364,0
RR-11692,0.00015187063908152793,0
RR-11693,0.011879191967442717,0
RR-11694,0.00021729575067749057,0
RR-11695,0.00017370365210099054,0
RR-11696,0.00010009774888967931,0
RR-11697,3.511349496034561e-05,0
RR-11698,9.365080836780542e-05,0
RR-11699,6.831364050819674e-05,0
RR-11700,0.004994736074107683,0
RR-11701,7.785676999807423e-05,0
RR-11702,4.469906246000547e-05,0
RR-11703,8.117444745524791e-05,0
RR-11704,5.777383839750064e-05,0
RR-11705,7.637705819068743e-05,0
RR-11706,5.4455395340893824e-05,0
RR-11707,6.269295416063088e-05,0
RR-11708,0.0001845175985423046,0
RR-11709,4.628003732455033e-05,0
RR-11710,9.37587118035136e-05,0
RR-11711,8.159429353447805e-05,0
RR-11712,5.35708186365491e-05,0
RR-11713,0.00010721202433422497,0
RR-11714,5.387564589645729e-05,0
RR-11715,4.706410916224419e-05,0
RR-11716,4.09765088553647e-05,0
RR-11717,6.185095562996112e-05,0
RR-11718,0.0001694351523359902,0
RR-11719,8.103702384862437e-05,0
RR-11720,0.0021303353125402794,0
RR-11721,8.634927731822391e-05,0
RR-11722,0.0006197456682299122,0
RR-11723,3.506163450290362e-05,0
RR-11724,6.197026673706122e-05,0
RR-11725,3.802408318252493e-05,0
RR-11726,0.00019340228014518444,0
RR-11727,6.467152673706307e-05,0
RR-11728,6.302923638711429e-05,0
RR-11729,6.906267408008449e-05,0
RR-11730,0.00015499507812294605,0
RR-11731,0.00017800701702468534,0
RR-11732,8.641765442478716e-05,0
RR-11733,5.1044485047996175e-05,0
RR-11734,3.413097521081952e-05,0
RR-11735,0.00010182995919576542,0
RR-11736,4.238747568959829e-05,0
RR-11737,0.00011308347759300772,0
RR-11738,0.00018210362256825368,0
RR-11739,3.637959699172733e-05,0
RR-11740,0.9387246139169771,1
RR-11741,4.3757774687749024e-05,0
RR-11742,0.00012452415209393607,0
RR-11743,7.912617309290389e-05,0
RR-11744,0.00017362737719739117,0
RR-11745,0.00349941380999478,0
RR-11746,7.675228651261311e-05,0
RR-11747,5.29952735759127e-05,0
RR-11748,4.316045370429604e-05,0
RR-11749,0.0022889774854684504,0
RR-11750,8.605247221036904e-05,0
RR-11751,0.00015828497634185273,0
RR-11752,0.0009231376499968676,0
RR-11753,0.00013270007223579932,0
RR-11754,0.00032945394681807246,0
RR-11755,5.78477157829464e-05,0
RR-11756,4.408061631086208e-05,0
RR-11757,4.574826836881557e-05,0
RR-11758,8.426583385521687e-05,0
RR-11759,4.863424842305864e-05,0
RR-11760,0.0004995248594900853,0
RR-11761,3.159502430742507e-05,0
RR-11762,3.1073921977111016e-05,0
RR-11763,0.0001045335115929337,0
RR-11764,0.00021579031905305418,0
RR-11765,0.003374249827688707,0
RR-11766,3.81499569126046e-05,0
RR-11767,4.571997231912941e-05,0
RR-11768,0.00010729556421046678,0
RR-11769,0.00010813637768747661,0
RR-11770,5.142683121174709e-05,0
RR-11771,0.0001656308976496415,0
RR-11772,5.769034091525689e-05,0
RR-11773,0.0005964427535239806,0
RR-11774,4.220657290918258e-05,0
RR-11775,0.00014362563988098713,0
RR-11776,7.116436454707018e-05,0
RR-11777,7.460992612403827e-05,0
RR-11778,0.0004296970765196974,0
RR-11779,8.723916109880295e-05,0
RR-11780,0.003384201946405439,0
RR-11781,0.9799999028731542,1
RR-11782,4.429481506788957e-05,0
RR-11783,4.1464348571885096e-05,0
RR-11784,0.99255383442958,1
RR-11785,0.0004696112209012503,0
RR-11786,0.000201094522189302,0
RR-11787,3.758860060722391e-05,0
RR-11788,8.649971042940209e-05,0
RR-11789,0.00016600011773379694,0
RR-11790,4.0067760810610646e-05,0
RR-11791,7.062058450994163e-05,0
RR-11792,8.980190370190789e-05,0
RR-11793,4.217311374388482e-05,0
RR-11794,4.468623223042682e-05,0
RR-11795,9.228377541341471e-05,0
RR-11796,0.00018705395886759992,0
RR-11797,0.0006818264160000173,0
RR-11798,4.267561723710271e-05,0
RR-11799,3.50309582466067e-05,0
RR-11800,0.00025501066847720595,0
RR-11801,0.00014922475740201835,0
RR-11802,0.0002858768634354854,0
RR-11803,6.955005317623706e-05,0
RR-11804,7.020002043647552e-05,0
RR-11805,0.00377883363355449,0
RR-11806,0.000288726013761399,0
RR-11807,3.340796345758459e-05,0
RR-11808,0.00016146635218050834,0
RR-11809,7.336184618457119e-05,0
RR-11810,4.7537565328462885e-05,0
RR-11811,0.00012378621172231245,0
RR-11812,7.655714955802728e-05,0
RR-11813,3.340852783238986e-05,0
RR-11814,0.0002469326716058568,0
RR-11815,0.0011325934612749964,0
RR-11816,0.00010236770601693407,0
RR-11817,0.9766045213801916,1
RR-11818,5.494423925551548e-05,0
RR-11819,6.445572024461772e-05,0
RR-11820,8.82287550026018e-05,0
RR-11821,0.0001421771110790806,0
RR-11822,7.475552638365005e-05,0
RR-11823,5.169570810464484e-05,0
RR-11824,0.0008515625775263681,0
RR-11825,5.399176337817206e-05,0
RR-11826,0.0012222204845527755,0
RR-11827,5.225447634829726e-05,0
RR-11828,7.37285380121085e-05,0
RR-11829,0.9976311964005388,1
RR-11830,3.63622605028923e-05,0
RR-11831,0.0002401721773030411,0
RR-11832,2.7885362135873207e-05,0
RR-11833,9.34914513725981e-05,0
RR-11834,7.079431101059385e-05,0
RR-11835,4.7938912267344254e-05,0
RR-11836,3.9142197457960585e-05,0
RR-11837,0.00019658006894982533,0
RR-11838,6.174233456164135e-05,0
RR-11839,6.0219283093374894e-05,0
RR-11840,6.979631519428733e-05,0
RR-11841,8.981809337020484e-05,0
RR-11842,9.227882822673471e-05,0
RR-11843,0.00014194209574321996,0
RR-11844,4.931469616767875e-05,0
RR-11845,3.426584705266743e-05,0
RR-11846,4.692838587094834e-05,0
RR-11847,4.896108753046256e-05,0
RR-11848,0.0002604307142709597,0
RR-11849,4.965231140239535e-05,0
RR-11850,0.0004996673054331642,0
RR-11851,0.0015649255922588806,0
RR-11852,0.014576688172785164,0
RR-11853,0.09433974308713435,0
RR-11854,4.446609717919533e-05,0
RR-11855,4.617400371400561e-05,0
RR-11856,3.649607552141197e-05,0
RR-11857,7.81252055676556e-05,0
RR-11858,0.0001735165342088399,0
RR-11859,7.046049092822434e-05,0
RR-11860,7.714752723451039e-05,0
RR-11861,0.00020556394957853998,0
RR-11862,0.0019719571514242185,0
RR-11863,8.243612593731786e-05,0
RR-11864,6.204869397936192e-05,0
RR-11865,5.221119486959959e-05,0
RR-11866,0.0002748511908216989,0
RR-11867,7.880436256007097e-05,0
RR-11868,0.0001389420338275714,0
RR-11869,3.386346702823712e-05,0
RR-11870,8.518161603563111e-05,0
RR-11871,0.00016928750970494864,0
RR-11872,0.00010668940747217038,0
RR-11873,6.765425547299786e-05,0
RR-11874,0.0036132819756333943,0
RR-11875,0.0001021646331529426,0
RR-11876,4.9304493534323484e-05,0
RR-11877,0.0012314833063536014,0
RR-11878,4.77237199256973e-05,0
RR-11879,0.000264968544577755,0
RR-11880,0.00028522667311404006,0
RR-11881,0.00012557068110137095,0
RR-11882,6.007979629727084e-05,0
RR-11883,3.223057160197482e-05,0
RR-11884,0.0002622712943360206,0
RR-11885,0.0001801203924297329,0
RR-11886,0.00010216353725604403,0
RR-11887,6.009807840116802e-05,0
RR-11888,6.716843300624375e-05,0
RR-11889,7.26815109886182e-05,0
RR-11890,5.398053791336013e-05,0
RR-11891,8.916724396875337e-05,0
RR-11892,3.437002938921992e-05,0
RR-11893,0.0002076330123889395,0
RR-11894,7.826179394763538e-05,0
RR-11895,5.211508450277402e-05,0
RR-11896,0.00011622497688445853,0
RR-11897,4.943320063319194e-05,0
RR-11898,3.324014383412914e-05,0
RR-11899,7.385574745747581e-05,0
RR-11900,6.918094621274825e-05,0
RR-11901,0.00018019838811895447,0
RR-11902,0.0018333776186494255,0
RR-11903,0.0011709460221568319,0
RR-11904,0.00043972623342142735,0
RR-11905,6.477336619251648e-05,0
RR-11906,8.655045165588461e-05,0
RR-11907,0.00016467627808513336,0
RR-11908,0.2780229864437813,0
RR-11909,0.0001629296628005501,0
RR-11910,0.008900974369798595,0
RR-11911,0.00019920679455726019,0
RR-11912,3.7349428640457666e-05,0
RR-11913,0.00031455231592404095,0
RR-11914,4.666189842705993e-05,0
RR-11915,5.9950348273241796e-05,0
RR-11916,0.00017886767604665738,0
RR-11917,0.00011964407508983223,0
RR-11918,0.0003882659859306351,0
RR-11919,6.813649531929773e-05,0
RR-11920,0.00017570590779042263,0
RR-11921,0.00010034048196804095,0
RR-11922,0.001019543451707751,0
RR-11923,0.00016280455822810023,0
RR-11924,0.00019740963500976242,0
RR-11925,0.00031757040643560857,0
RR-11926,6.325313703394359e-05,0
RR-11927,0.00012278693330083508,0
RR-11928,4.421221153165684e-05,0
RR-11929,0.00021229078953024027,0
RR-11930,8.252677077687878e-05,0
RR-11931,0.00012399627142257736,0
RR-11932,8.054377475815483e-05,0
RR-11933,3.364389256200115e-05,0
RR-11934,0.00013242554975951423,0
RR-11935,3.4319526525629535e-05,0
RR-11936,7.910595435041188e-05,0
RR-11937,0.00011127200401066063,0
RR-11938,4.5771790306215496e-05,0
RR-11939,9.573605046666277e-05,0
RR-11940,8.887437574097854e-05,0
RR-11941,0.0003696596850939748,0
RR-11942,5.2939714503138996e-05,0
RR-11943,7.800106808615253e-05,0
RR-11944,0.0005423798425352056,0
RR-11945,0.0002170550196927305,0
RR-11946,0.00015274330786884554,0
RR-11947,0.0002064582387142954,0
RR-11948,5.759343186556084e-05,0
RR-11949,5.2021739721057976e-05,0
RR-11950,0.00020094465523991218,0
RR-11951,0.0008862817426433865,0
RR-11952,0.00044935006924032495,0
RR-11953,0.9715235926107156,1
RR-11954,3.500168561260308e-05,0
RR-11955,0.00017028397574052296,0
RR-11956,5.533098823658037e-05,0
RR-11957,4.720220715853838e-05,0
RR-11958,0.0003131000720198364,0
RR-11959,4.062709070359699e-05,0
RR-11960,5.2941395060114125e-05,0
RR-11961,2.9600841868991492e-05,0
RR-11962,3.5111625124389214e-05,0
RR-11963,0.0004082460011239172,0
RR-11964,0.000944601372281941,0
RR-11965,0.00041482216230583475,0
RR-11966,4.793082736915621e-05,0
RR-11967,0.00010543835484640321,0
RR-11968,0.15049707856272637,0
RR-11969,3.799498674325101e-05,0
RR-11970,0.049303059218948286,1
RR-11971,5.242800398059906e-05,0
RR-11972,0.002418659560173047,0
RR-11973,7.937919157627797e-05,0
RR-11974,6.634854292203029e-05,0
RR-11975,3.0838792437036277e-05,0
RR-11976,0.00011732213079705887,0
RR-11977,6.250100177125957e-05,0
RR-11978,7.915753770526745e-05,0
RR-11979,5.0864413318251755e-05,0
RR-11980,0.0003252219152904519,0
RR-11981,4.15627307688216e-05,0
RR-11982,4.998433019422594e-05,0
RR-11983,7.746463518255274e-05,0
RR-11984,9.665748118636977e-05,0
RR-11985,3.2522866490101456e-05,0
RR-11986,3.1199863346318214e-05,0
RR-11987,0.00020207733832766726,0
RR-11988,8.756605706442236e-05,0
RR-11989,0.00023452451535022756,0
RR-11990,0.9808951490111485,1
RR-11991,7.72925113980589e-05,0
RR-11992,3.1777166304437565e-05,0
RR-11993,3.2812466607187496e-05,0
RR-11994,0.00041968587866973326,0
RR-11995,8.211562808044213e-05,0
RR-11996,0.5748738058044595,1
RR-11997,0.00010718913867547835,0
RR-11998,0.0010818796800042144,0
RR-11999,2.65828908906044e-05,0
RR-12000,3.764133798165256e-05,0
RR-12001,6.62772424560189e-05,0
RR-12002,0.0016103846329656047,0
RR-12003,3.342434503195959e-05,0
RR-12004,5.878865916311623e-05,0
RR-12005,6.146433780400095e-05,0
RR-12006,9.042088718802421e-05,0
RR-12007,7.03856700542051e-05,0
RR-12008,4.28902515693854e-05,0
RR-12009,0.00018280957806617038,0
RR-12010,3.570980095825523e-05,0
RR-12011,0.00024370921540358892,0
RR-12012,0.00010533441442730674,0
RR-12013,5.617484834801445e-05,0
RR-12014,3.0876614130174375e-05,0
RR-12015,0.0002250119458053736,0
RR-12016,0.006249010936490901,0
RR-12017,0.00012934768014547746,0
RR-12018,3.390112796047287e-05,0
RR-12019,4.5640724736355384e-05,0
RR-12020,9.461620934720364e-05,0
RR-12021,8.355233850884054e-05,0
RR-12022,6.653661725298284e-05,0
RR-12023,8.361751964514549e-05,0
RR-12024,0.05210538733473847,0
RR-12025,0.0001439812713084276,0
RR-12026,7.180560552673708e-05,0
RR-12027,9.096530515201216e-05,0
RR-12028,5.885965513922463e-05,0
RR-12029,3.779585298519409e-05,0
RR-12030,5.949699929194832e-05,0
RR-12031,0.0001697796760038124,0
RR-12032,6.76571097244594e-05,0
RR-12033,0.00014441890379771456,0
RR-12034,8.051787699454094e-05,0
RR-12035,5.4659741506693496e-05,0
RR-12036,0.00013650404522333264,0
RR-12037,0.00012050354577851087,0
RR-12038,6.792093403810748e-05,0
RR-12039,9.197585474241869e-05,0
RR-12040,3.659432274548887e-05,0
RR-12041,0.0002973152786029849,0
RR-12042,0.0002530329186342549,0
RR-12043,5.5694179323553144e-05,0
RR-12044,8.002389074184845e-05,0
RR-12045,0.00036722367730973447,0
RR-12046,4.6843781684183404e-05,0
RR-12047,0.0001121614347689215,0
RR-12048,0.00011907327915747626,0
RR-12049,0.0002572056851371681,0
RR-12050,0.0001870652428634703,0
RR-12051,0.00010250435399382928,0
RR-12052,7.640031840305849e-05,0
RR-12053,0.0003951922827308664,0
RR-12054,0.0034196878931078262,0
RR-12055,0.00011667652094588686,0
RR-12056,0.0003579843437801546,0
RR-12057,0.1026481557971964,0
RR-12058,5.773177749311618e-05,0
RR-12059,9.018595738020741e-05,0
RR-12060,0.0006576204866313209,0
RR-12061,6.247472504472288e-05,0
RR-12062,3.7258975560666864e-05,0
RR-12063,0.0019367210097859392,0
RR-12064,0.00014040384838628285,0
RR-12065,6.767193058843038e-05,0
RR-12066,0.00024408524447977397,0
RR-12067,0.00024672711355482654,0
RR-12068,6.324587784495235e-05,0
RR-12069,0.0006053958469611855,0
RR-12070,8.814630417114005e-05,0
RR-12071,9.440839553553699e-05,0
RR-12072,7.109268033628524e-05,0
RR-12073,8.481149211713835e-05,0
RR-12074,0.0003366218558122298,0
RR-12075,0.00011789088522364415,0
RR-12076,5.362054883282201e-05,0
RR-12077,0.0005061555366006327,0
RR-12078,8.33001134987345e-05,0
RR-12079,8.452943417152004e-05,0
RR-12080,0.00016574142869391556,0
RR-12081,0.00015795352164030784,0
RR-12082,6.596400619105934e-05,0
RR-12083,0.009138640351607932,0
RR-12084,0.0001290728334395727,0
RR-12085,3.668856790674316e-05,0
RR-12086,0.0001721976166576817,0
RR-12087,4.3440164711024365e-05,0
RR-12088,0.00016370394551930097,0
RR-12089,0.0003217346571037374,0
RR-12090,3.193468035638022e-05,0
RR-12091,0.00010533257942719745,0
RR-12092,0.0005965518846910012,0
RR-12093,0.0004953042941988537,0
RR-12094,0.0002471022964446144,0
RR-12095,8.7868125203831e-05,0
RR-12096,3.0130689648415572e-05,0
RR-12097,0.0001470631381316573,0
RR-12098,0.0008361920902645719,0
RR-12099,7.116092056738881e-05,0
RR-12100,0.00011135666834390673,0
RR-12101,7.585018286700152e-05,0
RR-12102,6.128503301611962e-05,0
RR-12103,8.692638278073818e-05,0
RR-12104,0.00013255301664299505,0
RR-12105,3.0368997119587647e-05,0
RR-12106,6.224969483713047e-05,0
RR-12107,0.0027630065556989727,0
RR-12108,3.320636744248767e-05,0
RR-12109,4.425881727034453e-05,0
RR-12110,0.00028016147548585833,0
RR-12111,0.00202442183214372,0
RR-12112,0.0002830472295982979,0
RR-12113,5.648116992460783e-05,0
RR-12114,9.73976097451015e-05,0
RR-12115,0.005342184337015736,0
RR-12116,0.00010238895779518025,0
RR-12117,0.00010777090860652183,0
RR-12118,4.8689412051471585e-05,0
RR-12119,6.919236946332751e-05,0
RR-12120,3.408890104525881e-05,0
RR-12121,9.412591264492756e-05,0
RR-12122,8.21199723916011e-05,0
RR-12123,0.00014746894120868317,0
RR-12124,9.637783691502336e-05,0
RR-12125,0.00600154388021254,0
RR-12126,3.226956274699015e-05,0
RR-12127,4.509633094191766e-05,0
RR-12128,0.9769859693938591,1
RR-12129,0.0002909160190401073,0
RR-12130,3.4288179694357926e-05,0
RR-12131,0.00012357176415521933,0
RR-12132,0.00011798171592150541,0
RR-12133,4.117380166934849e-05,0
RR-12134,8.965184176749808e-05,0
RR-12135,0.9941592253082284,1
RR-12136,6.823994100583353e-05,0
RR-12137,4.408217510641565e-05,0
RR-12138,0.00019876156886389484,0
RR-12139,2.8799680949860596e-05,0
RR-12140,5.062714481955683e-05,0
RR-12141,0.00031975767927048724,0
RR-12142,0.0004702136872518709,0
RR-12143,0.00014626054322605658,0
RR-12144,0.00022098411034588382,0
RR-12145,0.00016913592193900525,0
RR-12146,5.894904795770493e-05,0
RR-12147,2.923076778205085e-05,0
RR-12148,0.00018246061681372554,0
RR-12149,0.00011987426175050655,0
RR-12150,5.1569358526377634e-05,0
RR-12151,0.7676084267114611,1
RR-12152,3.590913291732306e-05,0
RR-12153,0.00011321443027556282,0
RR-12154,5.070986336687804e-05,0
RR-12155,0.45456178313842266,1
RR-12156,0.0001282708645546136,0
RR-12157,5.0557514664228014e-05,0
RR-12158,9.192000825377296e-05,0
RR-12159,0.0003091764838223767,0
RR-12160,7.018631356158515e-05,0
RR-12161,0.00010622996175482171,0
RR-12162,4.081781761361036e-05,0
RR-12163,0.0001695525142177682,0
RR-12164,3.864343352085248e-05,0
RR-12165,5.5389732078804215e-05,0
RR-12166,0.46232735233053207,0
RR-12167,0.9164433275493113,1
RR-12168,6.952394625545007e-05,0
RR-12169,0.0004370836249508019,0
RR-12170,0.0001576315272920609,0
RR-12171,0.00028468044667992085,0
RR-12172,0.00025396263162559654,0
RR-12173,2.785648181237924e-05,0
RR-12174,9.893191097337321e-05,0
RR-12175,0.00015910039837853187,0
RR-12176,5.870823138396512e-05,0
RR-12177,0.0006983015966472234,0
RR-12178,7.195520091750712e-05,0
RR-12179,0.0003569103434765807,0
RR-12180,6.342147647384195e-05,0
RR-12181,0.05087105685620102,0
RR-12182,0.009098045850077395,0
RR-12183,0.000515361828684804,0
RR-12184,0.00012080554055749706,0
RR-12185,5.476169767104226e-05,0
RR-12186,7.353596789262817e-05,0
RR-12187,7.952867877346911e-05,0
RR-12188,0.00010118974058102707,0
RR-12189,3.654720742663323e-05,0
RR-12190,0.0001089251227485534,0
RR-12191,5.176126698565277e-05,0
RR-12192,0.00018692011747020143,0
RR-12193,9.149883478825824e-05,0
RR-12194,0.00020509544896473288,0
RR-12195,0.00031601612624699167,0
RR-12196,0.00021288913905874874,0
RR-12197,0.0015704210820110171,0
RR-12198,0.0001021132352323834,0
RR-12199,0.00019660491534355512,0
RR-12200,0.0001415879866123295,0
RR-12201,0.0005950467521901348,0
RR-12202,0.00021513465921051936,0
RR-12203,0.00010899894380549155,0
RR-12204,3.669382973260299e-05,0
RR-12205,0.0020714352876882035,0
RR-12206,7.150919905251493e-05,0
RR-12207,9.778863015698651e-05,0
RR-12208,0.0002942287971548031,0
RR-12209,0.00029806231561236234,0
RR-12210,0.00015546946023718198,0
RR-12211,3.707426799251632e-05,0
RR-12212,0.00038155838806666056,0
RR-12213,3.304269501896679e-05,0
RR-12214,0.00011502529469506545,0
RR-12215,6.535534420998971e-05,0
RR-12216,8.984486144151262e-05,0
RR-12217,0.00010689311734848318,0
RR-12218,0.003406290829528015,0
RR-12219,3.6788521508305806e-05,0
RR-12220,0.00021533202956407083,0
RR-12221,0.00020360947099715745,0
RR-12222,5.76524433321888e-05,0
RR-12223,0.00010364779553829067,0
RR-12224,0.000141042415852614,0
RR-12225,7.649208767810761e-05,0
RR-12226,0.0004437201174465025,0
RR-12227,5.0834608456661345e-05,0
RR-12228,0.00032427788163496754,0
RR-12229,7.978539716644381e-05,0
RR-12230,0.0005031613639880821,0
RR-12231,4.432248333344024e-05,0
RR-12232,0.9940700081901137,1
RR-12233,0.00010682626435705621,0
RR-12234,0.00013334867534589846,0
RR-12235,8.957625650868656e-05,0
RR-12236,3.9655150692277205e-05,0
RR-12237,3.9015274840195936e-05,0
RR-12238,0.00010190852908567362,0
RR-12239,4.619979592612638e-05,0
RR-12240,6.815300955565834e-05,0
RR-12241,3.0166074880314018e-05,0
RR-12242,6.40556356260763e-05,0
RR-12243,5.496048461557224e-05,0
RR-12244,8.910768843766871e-05,0
RR-12245,0.00019150230923110914,0
RR-12246,0.00010608422851513066,0
RR-12247,8.440717022116299e-05,0
RR-12248,6.627865566742432e-05,0
RR-12249,0.0001332081833633934,0
RR-12250,3.3213723443082386e-05,0
RR-12251,0.00011470598777462375,0
RR-12252,0.00012755584818080118,0
RR-12253,3.845517769479621e-05,0
RR-12254,0.00031019632239657715,0
RR-12255,0.00010032509074178275,0
RR-12256,0.0004584002163420651,0
RR-12257,0.0006452179991432033,0
RR-12258,0.0003050153682601612,0
RR-12259,0.0003025167419576132,0
RR-12260,0.19976198661328845,0
RR-12261,0.0001293268059299769,0
RR-12262,2.5671784408526816e-05,0
RR-12263,0.00017623186257355935,0
RR-12264,0.4241358648982821,1
RR-12265,7.511898794314664e-05,0
RR-12266,4.665581167317732e-05,0
RR-12267,2.736034565138936e-05,0
RR-12268,0.006930254644764095,0
RR-12269,0.00023859178181896722,0
RR-12270,3.405227840632596e-05,0
RR-12271,0.00013418455112622875,0
RR-12272,4.1902666171629876e-05,0
RR-12273,0.00012000895166930068,0
RR-12274,9.257989363415434e-05,0
RR-12275,0.00018218601949630266,0
RR-12276,0.00039438577286106006,0
RR-12277,4.9551783670679416e-05,0
RR-12278,6.493897043941132e-05,0
RR-12279,0.0002506675406850215,0
RR-12280,0.00021897174358477672,0
RR-12281,3.6624388368704296e-05,0
RR-12282,4.796097557867139e-05,0
RR-12283,4.102782567819263e-05,0
RR-12284,0.0007644339395611686,0
RR-12285,0.0051764585388400265,0
RR-12286,0.00043043293330150554,0
RR-12287,4.412421080997406e-05,0
RR-12288,0.00020378493142140608,0
RR-12289,0.00357643406792254,0
RR-12290,0.0007045700134694354,0
RR-12291,9.64532994461413e-05,0
RR-12292,3.7551733163151826e-05,0
RR-12293,5.0683010066410144e-05,0
RR-12294,0.10111026489686466,0
RR-12295,4.055619467840145e-05,0
RR-12296,0.00014520444358857374,0
RR-12297,0.00014668101090283488,0
RR-12298,0.00012557394869580364,0
RR-12299,0.00025455572076168835,0
RR-12300,5.31557565459485e-05,0
RR-12301,3.073026803195794e-05,0
RR-12302,0.0021979226655519804,0
RR-12303,0.000888611485002333,0
RR-12304,0.0005743853539805867,0
RR-12305,5.459870436591066e-05,0
RR-12306,7.910342803492596e-05,0
RR-12307,7.972463457883308e-05,0
RR-12308,0.00018635608018947826,0
RR-12309,0.00022087632476319358,0
RR-12310,9.616313726749921e-05,0
RR-12311,0.8425524558472576,1
RR-12312,0.0008968461437143895,0
RR-12313,0.0007542302776827654,0
RR-12314,0.00017041502065029057,0
RR-12315,8.090693561232202e-05,0
RR-12316,7.337367808583159e-05,0
RR-12317,8.806956060260518e-05,0
RR-12318,0.00017927176431488975,0
RR-12319,0.00013650731428911067,0
RR-12320,3.316459167956103e-05,0
RR-12321,0.00010831714257090411,0
RR-12322,0.00011759245569920117,0
RR-12323,0.0007093801657416881,0
RR-12324,6.79111342826595e-05,0
RR-12325,5.660039129038914e-05,0
RR-12326,6.733148619230328e-05,0
RR-12327,0.0010640066996866733,0
RR-12328,0.0001469079914639533,0
RR-12329,4.491124432955348e-05,0
RR-12330,9.470644416689868e-05,0
RR-12331,4.4100468821481265e-05,0
RR-12332,6.454540287336366e-05,0
RR-12333,0.00035132323380072044,0
RR-12334,0.00017232046196647845,0
RR-12335,3.525124073082652e-05,0
RR-12336,0.0001638482600248635,0
RR-12337,3.47276830241161e-05,0
RR-12338,6.762058953799472e-05,0
RR-12339,7.530145348326642e-05,0
RR-12340,7.026399968599245e-05,0
RR-12341,0.0002616036902593634,0
RR-12342,8.064198617795305e-05,0
RR-12343,0.000577983561924565,0
RR-12344,3.619622890573841e-05,0
RR-12345,0.7989086979573121,1
RR-12346,0.00013381551161987748,0
RR-12347,0.003323967955760976,0
RR-12348,0.0001031525883610854,0
RR-12349,0.00018570900609963254,0
RR-12350,4.4672746731686456e-05,0
RR-12351,0.00017653143596652716,0
RR-12352,4.244318973355505e-05,0
RR-12353,8.445347687674934e-05,0
RR-12354,0.000584288655418967,0
RR-12355,0.00017609354463094825,0
RR-12356,0.00013496733340270935,0
RR-12357,0.014972578958058237,0
RR-12358,7.220099863164441e-05,0
RR-12359,6.829893366338581e-05,0
RR-12360,5.199029746691608e-05,0
RR-12361,0.00018049055886258352,0
RR-12362,0.9771469939027223,1
RR-12363,3.9252711211558054e-05,0
RR-12364,4.102782567819263e-05,0
RR-12365,0.0012180518085702394,0
RR-12366,7.7416979888837e-05,0
RR-12367,3.762601656505675e-05,0
RR-12368,2.8886051084047532e-05,0
RR-12369,5.811322960119737e-05,0
RR-12370,8.646827158965441e-05,0
RR-12371,0.00010131567212212442,0
RR-12372,5.033334983351848e-05,0
RR-12373,0.0001851929056188923,0
RR-12374,0.00016233235943106955,0
RR-12375,4.6056670112369214e-05,0
RR-12376,4.6108025618043324e-05,0
RR-12377,0.00019368538682994064,0
RR-12378,8.470816339701059e-05,0
RR-12379,0.00028006788854432335,0
RR-12380,0.9159804470793507,1
RR-12381,5.6865918987417785e-05,0
RR-12382,0.00020123646731442892,0
RR-12383,4.6479733834386906e-05,0
RR-12384,0.0001923372492794199,0
RR-12385,0.00022464552526930306,0
RR-12386,0.0003089311487521354,0
RR-12387,7.409383644044292e-05,0
RR-12388,0.9856941122709714,1
RR-12389,6.151390497772651e-05,0
RR-12390,0.00017181874225296624,0
RR-12391,5.1376924630769056e-05,0
RR-12392,8.826467046592451e-05,0
RR-12393,0.00019642028880596498,0
RR-12394,5.5913355267667754e-05,0
RR-12395,0.0005234658513260372,0
RR-12396,0.00015103665736403667,0
RR-12397,7.426228830748063e-05,0
RR-12398,0.0001348866309142432,0
RR-12399,0.00027719246504887565,0
RR-12400,0.00011852582697481948,0
RR-12401,3.5154212765453845e-05,0
RR-12402,0.0002329476157292848,0
RR-12403,5.926246772777283e-05,0
RR-12404,3.0231985022718796e-05,0
RR-12405,0.00020083228551732565,0
RR-12406,0.002410012806741168,0
RR-12407,3.8569177638612414e-05,0
RR-12408,0.0001368282790368343,0
RR-12409,6.115470409011606e-05,0
RR-12410,6.378813352684139e-05,0
RR-12411,3.463104522119775e-05,0
RR-12412,4.395938346944307e-05,0
RR-12413,3.058584648929198e-05,0
RR-12414,0.00011439327266184327,0
RR-12415,7.382136716282992e-05,0
RR-12416,8.90225761638103e-05,0
RR-12417,6.752485257692152e-05,0
RR-12418,0.00012351575381784434,0
RR-12419,6.793454826647445e-05,0
RR-12420,0.00014834666944552147,0
RR-12421,0.00012406482359453815,0
RR-12422,4.629308205859586e-05,0
RR-12423,5.5770130412866076e-05,0
RR-12424,4.986023718797846e-05,0
RR-12425,4.189018563153064e-05,0
RR-12426,4.688679762265395e-05,0
RR-12427,0.04982088705615139,0
RR-12428,0.0009741134842773429,0
RR-12429,4.9352964146780735e-05,0
RR-12430,0.0007933317327912997,0
RR-12431,9.785295249775627e-05,0
RR-12432,0.0002547195828200669,0
RR-12433,8.470431158772349e-05,0
RR-12434,5.278821994043737e-05,0
RR-12435,6.746088046927149e-05,0
RR-12436,4.5490164114194104e-05,0
RR-12437,5.741205538149134e-05,0
RR-12438,0.011130361860309834,0
RR-12439,5.628515189360675e-05,0
RR-12440,0.0028813188658881566,0
RR-12441,9.460483378127767e-05,0
RR-12442,2.8783020882399307e-05,0
RR-12443,8.900842217266122e-05,0
RR-12444,8.386489420979582e-05,0
RR-12445,0.0005441360032321194,0
RR-12446,0.00047249626836158283,0
RR-12447,0.00011635989484802192,0
RR-12448,4.6062207465065744e-05,0
RR-12449,0.0004240716780653274,0
RR-12450,0.00014645480528276532,0
RR-12451,9.915733457143809e-05,0
RR-12452,6.007331650431231e-05,0
RR-12453,3.5913162775244184e-05,0
RR-12454,5.140916332306238e-05,0
RR-12455,0.000177874421760315,0
RR-12456,0.005675648102175201,0
RR-12457,8.600524014557476e-05,0
RR-12458,0.00010987147023338357,0
RR-12459,0.00012229490342226468,0
RR-12460,4.7751433935905476e-05,0
RR-12461,9.349085759453979e-05,0
RR-12462,3.3586355416297264e-05,0
RR-12463,0.00023085017279523315,0
RR-12464,0.0001012280111938968,0
RR-12465,0.0013063368891557527,0
RR-12466,3.7946265841263105e-05,0
RR-12467,0.0004263698698557867,0
RR-12468,4.475245545314072e-05,0
RR-12469,0.7801409338540516,1
RR-12470,0.00019792121393350372,0
RR-12471,0.9878688719028123,1
RR-12472,7.773259376877657e-05,0
RR-12473,4.2744141871768974e-05,0
RR-12474,7.625604343813475e-05,0
RR-12475,0.00020274613033690066,0
RR-12476,0.0002350346015292646,0
RR-12477,0.0011574392012047633,0
RR-12478,2.8501003978349453e-05,0
RR-12479,3.294965779611657e-05,0
RR-12480,5.782053381187871e-05,0
RR-12481,4.029808452608202e-05,0
RR-12482,9.651642716374785e-05,0
RR-12483,6.010195697264444e-05,0
RR-12484,6.146160440892102e-05,0
RR-12485,0.00027238447606347025,0
RR-12486,0.00010461451700618447,0
RR-12487,6.436807226450264e-05,0
RR-12488,0.0001365692523167933,0
RR-12489,4.563628295217255e-05,0
RR-12490,0.00012040293545492987,0
RR-12491,4.676499249321984e-05,0
RR-12492,4.312248898619023e-05,0
RR-12493,3.692973732331671e-05,0
RR-12494,0.0005666861549940278,0
RR-12495,0.00014332157811219182,0
RR-12496,3.5331461462887594e-05,0
RR-12497,4.7501887090905186e-05,0
RR-12498,0.0001197708376198129,0
RR-12499,0.00021949790596093155,0
RR-12500,8.395841394143035e-05,0
RR-12501,5.151096586341345e-05,0
RR-12502,0.0004387193387882684,0
RR-12503,9.813872870614839e-05,0
RR-12504,0.00016289919840260192,0
RR-12505,6.245606494157138e-05,0
RR-12506,7.04502797867904e-05,0
RR-12507,0.0010437006405449626,0
RR-12508,3.3481067766526515e-05,0
RR-12509,8.922514025067112e-05,0
RR-12510,4.080942245253873e-05,0
RR-12511,0.0001551356803861125,0
RR-12512,5.065728639360969e-05,0
RR-12513,5.676292780123599e-05,0
RR-12514,0.0003452028077614873,0
RR-12515,5.525994491183985e-05,0
RR-12516,7.201659055430898e-05,0
RR-12517,0.00010118904627623177,0
RR-12518,3.1309049109886894e-05,0
RR-12519,5.122715697115697e-05,0
RR-12520,0.0007209119885550579,0
RR-12521,8.102641908263447e-05,0
RR-12522,3.824187600764522e-05,0
RR-12523,9.945577662226105e-05,0
RR-12524,8.07874557819195e-05,0
RR-12525,0.00015064651594741348,0
RR-12526,0.0002643701643238836,0
RR-12527,0.00011216567030440349,0
RR-12528,5.2292014348190665e-05,0
RR-12529,5.6436847731046446e-05,0
RR-12530,9.641271621149351e-05,0
RR-12531,9.942262135386472e-05,0
RR-12532,9.397158514923519e-05,0
RR-12533,8.71646542791049e-05,0
RR-12534,5.6429635308994375e-05,0
RR-12535,8.40687352356284e-05,0
RR-12536,7.722493593988564e-05,0
RR-12537,0.0001625567008136301,0
RR-12538,0.00016183004629938939,0
RR-12539,2.9034930072322655e-05,0
RR-12540,5.026828537487176e-05,0
RR-12541,0.00032399625451131334,0
RR-12542,0.00015792768974115648,0
RR-12543,4.028453682981131e-05,0
RR-12544,0.0005296088841502825,0
RR-12545,5.436782041950738e-05,0
RR-12546,0.0002891952037049303,0
RR-12547,5.64672760265508e-05,0
RR-12548,0.0002800789530096169,0
RR-12549,7.18010512035589e-05,0
RR-12550,0.00016161060644769736,0
RR-12551,5.16497865984512e-05,0
RR-12552,7.255135971152629e-05,0
RR-12553,0.0010320350165761028,0
RR-12554,8.177387044329542e-05,0
RR-12555,5.5957502488357076e-05,0
RR-12556,0.001855438747575223,0
RR-12557,0.02220910936967575,0
RR-12558,9.245201583247275e-05,0
RR-12559,6.32966872739912e-05,0
RR-12560,0.0004980235005826227,0
RR-12561,0.00020331379607743593,0
RR-12562,3.190233242745165e-05,0
RR-12563,0.0002493347203897589,0
RR-12564,3.252190617560624e-05,0
RR-12565,2.7713913574089968e-05,0
RR-12566,0.045367157324825096,0
RR-12567,0.00011417884318588039,0
RR-12568,0.00019073399124869825,0
RR-12569,8.146667055147982e-05,0
RR-12570,3.212304121225587e-05,0
RR-12571,5.739472950264063e-05,0
RR-12572,5.1039983390006643e-05,0
RR-12573,0.00016209315981658014,0
RR-12574,0.9651558693469301,1
RR-12575,8.326223529973979e-05,0
RR-12576,0.0013418403343968246,0
RR-12577,0.00036958958704960275,0
RR-12578,7.454350343812876e-05,0
RR-12579,4.6408564489505154e-05,0
RR-12580,0.002332820619742791,0
RR-12581,0.00013445053864361467,0
RR-12582,5.585578081934417e-05,0
RR-12583,0.00012636061484761792,0
RR-12584,5.2084476120227294e-05,0
RR-12585,0.00016646743220115337,0
RR-12586,0.006770691334863979,0
RR-12587,4.137930511167911e-05,0
RR-12588,0.00014745074396967694,0
RR-12589,8.766031802993825e-05,0
RR-12590,4.921587187678762e-05,0
RR-12591,6.61331596738181e-05,0
RR-12592,3.4319526525629535e-05,0
RR-12593,0.00014456234946815612,0
RR-12594,0.00015751559422791755,0
RR-12595,8.300759608738067e-05,0
RR-12596,4.281718470718238e-05,0
RR-12597,0.00033443022733224914,0
RR-12598,8.844581945259118e-05,0
RR-12599,0.0002872725119842821,0
RR-12600,5.3833644969356613e-05,0
RR-12601,0.00021355796628667547,0
RR-12602,4.400225524603351e-05,0
RR-12603,6.832279892717267e-05,0
RR-12604,5.9245005430039e-05,0
RR-12605,4.901333930745784e-05,0
RR-12606,0.00028119895232890917,0
RR-12607,4.187165436441293e-05,0
RR-12608,4.830847835543369e-05,0
RR-12609,3.225993415670082e-05,0
RR-12610,4.5074907693039325e-05,0
RR-12611,0.18522059234758076,0
RR-12612,3.44554435374447e-05,0
RR-12613,0.00011978628827585286,0
RR-12614,8.764764701035154e-05,0
RR-12615,5.248713898702093e-05,0
RR-12616,4.3200854205451334e-05,0
RR-12617,5.804555494753966e-05,0
RR-12618,0.00019454908112049498,0
RR-12619,5.3014885011549076e-05,0
RR-12620,0.00012343156008452465,0
RR-12621,5.117139198522574e-05,0
RR-12622,0.00010146636645311729,0
RR-12623,8.329730940569331e-05,0
RR-12624,4.677345515616045e-05,0
RR-12625,9.729613334436651e-05,0
RR-12626,5.597933603519578e-05,0
RR-12627,5.887934453104988e-05,0
RR-12628,3.169684949329343e-05,0
RR-12629,0.00011820983124784334,0
RR-12630,0.00010199756836542704,0
RR-12631,0.0004849261566731138,0
RR-12632,0.0006427074754088426,0
RR-12633,4.319616654657164e-05,0
RR-12634,6.053464321182371e-05,0
RR-12635,7.040674773081557e-05,0
RR-12636,7.928317442627318e-05,0
RR-12637,0.00015473945084434115,0
RR-12638,5.64210076974093e-05,0
RR-12639,0.00020206145551919372,0
RR-12640,0.009209605701820606,0
RR-12641,4.127933117646026e-05,0
RR-12642,0.0006093988743803454,0
RR-12643,3.0121192294886447e-05,0
RR-12644,5.9152361173788514e-05,0
RR-12645,9.717773305215193e-05,0
RR-12646,5.7045300758885245e-05,0
RR-12647,5.3205945871737274e-05,0
RR-12648,2.9549147573550586e-05,0
RR-12649,8.170360936532141e-05,0
RR-12650,0.00025609915895829594,0
RR-12651,0.0015304402664979135,0
RR-12652,0.00011297986412583021,0
RR-12653,0.0001278626766175407,0
RR-12654,0.0005011117618204541,0
RR-12655,3.899143566726833e-05,0
RR-12656,3.225988674200978e-05,0
RR-12657,4.623125219197736e-05,0
RR-12658,0.00013257753854660153,0
RR-12659,8.854137228751416e-05,0
RR-12660,5.4317701417789866e-05,0
RR-12661,0.9554006225179995,1
RR-12662,5.5849521330312206e-05,0
RR-12663,6.045923194623653e-05,0
RR-12664,0.005262364668246721,0
RR-12665,0.0005566493701829326,0
RR-12666,0.00039489227677984805,0
RR-12667,0.0001260313172380759,0
RR-12668,0.007078993921877093,0
RR-12669,0.00011797533277223122,0
RR-12670,4.882330028446926e-05,0
RR-12671,0.0027434915412321076,0
RR-12672,4.052358630094475e-05,0
RR-12673,5.28165422005921e-05,0
RR-12674,0.0010241511590342442,0
RR-12675,4.777596061895896e-05,0
RR-12676,5.816554542841991e-05,0
RR-12677,5.447772639658162e-05,0
RR-12678,0.0009491252128705673,0
RR-12679,4.085647445872149e-05,0
RR-12680,3.206519455099787e-05,0
RR-12681,4.9038688415992574e-05,0
RR-12682,5.090305485692109e-05,0
RR-12683,5.1822357194749974e-05,0
RR-12684,0.000118810774346827,0
RR-12685,0.00014418546915724034,0
RR-12686,4.925514433119227e-05,0
RR-12687,3.72121504087407e-05,0
RR-12688,0.00023468827129269592,0
RR-12689,3.509222307531064e-05,0
RR-12690,4.565925621462549e-05,0
RR-12691,9.776355960323435e-05,0
RR-12692,6.72539416634614e-05,0
RR-12693,5.868931296109308e-05,0
RR-12694,7.955840113663816e-05,0
RR-12695,5.015883106019098e-05,0
RR-12696,3.866098265789663e-05,0
RR-12697,0.0002576002707316173,0
RR-12698,8.453517074858914e-05,0
RR-12699,0.8425616085597205,1
RR-12700,3.066986178867953e-05,0
RR-12701,0.0012977274996962694,0
RR-12702,7.312180470524166e-05,0
RR-12703,3.8396899143093534e-05,0
RR-12704,4.605254186014973e-05,0
RR-12705,0.00019204097656295446,0
RR-12706,0.00011150027921255653,0
RR-12707,6.0980711250655515e-05,0
RR-12708,6.550764621305105e-05,0
RR-12709,0.00011094918540742408,0
RR-12710,6.185666009640652e-05,0
RR-12711,3.2965445447014575e-05,0
RR-12712,0.0003673106631977704,0
RR-12713,6.933897497582541e-05,0
RR-12714,0.0009463232877648977,0
RR-12715,6.724777978561018e-05,0
RR-12716,3.5015192644955546e-05,0
RR-12717,9.512977585116409e-05,0
RR-12718,0.0007704282733449595,0
RR-12719,0.00015643996054915305,0
RR-12720,6.56243862129302e-05,0
RR-12721,4.34560993016706e-05,0
RR-12722,8.160377776332683e-05,0
RR-12723,3.259458740150069e-05,0
RR-12724,0.00040663320282246737,0
RR-12725,4.800436860406017e-05,0
RR-12726,3.193429007516196e-05,0
RR-12727,9.190564290923737e-05,0
RR-12728,3.8634993838344144e-05,0
RR-12729,5.441137924771638e-05,0
RR-12730,4.470527829409963e-05,0
RR-12731,8.27617667883249e-05,0
RR-12732,0.4137038096889007,1
RR-12733,7.629007977139049e-05,0
RR-12734,8.273930988527625e-05,0
RR-12735,9.652190197089185e-05,0
RR-12736,8.853254884687454e-05,0
RR-12737,4.634595774736763e-05,0
RR-12738,5.8192830658121695e-05,0
RR-12739,0.00010772311596288186,0
RR-12740,0.001551919675909818,0
RR-12741,0.00011658972784926975,0
RR-12742,3.5312345876228506e-05,0
RR-12743,0.00011559811421927403,0
RR-12744,4.0390390727146355e-05,0
RR-12745,0.0002779736105568636,0
RR-12746,0.0001344428998150271,0
RR-12747,4.206655185735645e-05,0
RR-12748,8.871010050428008e-05,0
RR-12749,5.76285281241962e-05,0
RR-12750,0.00010872183538324392,0
RR-12751,0.0001916885852071019,0
RR-12752,0.00012086488649828441,0
RR-12753,0.0001739214352442729,0
RR-12754,3.163867242804004e-05,0
RR-12755,2.9947256211187584e-05,0
RR-12756,0.0002749233809444978,0
RR-12757,3.1926704135037914e-05,0
RR-12758,3.9202853943210565e-05,0
RR-12759,0.0007614093238419264,0
RR-12760,5.434920235934309e-05,0
RR-12761,6.258429923125418e-05,0
RR-12762,0.002249965630769052,0
RR-12763,6.969129407473517e-05,0
RR-12764,0.0001301477325173319,0
RR-12765,0.0002110039773378652,0
RR-12766,0.0010732414372860617,0
RR-12767,7.577247073155582e-05,0
RR-12768,0.44425885653484226,0
RR-12769,0.03692898996063604,1
RR-12770,0.0004929944588223065,0
RR-12771,5.8986698747374646e-05,0
RR-12772,6.247477126864598e-05,0
RR-12773,9.171627529476612e-05,0
RR-12774,0.0001335689952960604,0
RR-12775,0.00012092458341764447,0
RR-12776,9.751578179876051e-05,0
RR-12777,0.00160703897242097,0
RR-12778,0.00015241287515410103,0
RR-12779,8.409440241384717e-05,0
RR-12780,3.9905075758141586e-05,0
RR-12781,5.311598985552827e-05,0
RR-12782,0.00012885261953542523,0
RR-12783,6.970465497828188e-05,0
RR-12784,7.663589344278151e-05,0
RR-12785,4.9570450097695485e-05,0
RR-12786,0.00032175955214753935,0
RR-12787,0.00013036695783988876,0
RR-12788,8.443475387276217e-05,0
RR-12789,8.90813391460601e-05,0
RR-12790,0.0003825296847690547,0
RR-12791,0.0009645222502485964,0
RR-12792,3.8763546803552274e-05,0
RR-12793,0.00011034664254411997,0
RR-12794,3.5909906310594706e-05,0
RR-12795,3.7990328081835395e-05,0
RR-12796,4.234207016238622e-05,0
RR-12797,6.754670097307019e-05,0
RR-12798,7.07175496256867e-05,0
RR-12799,3.4498840685226885e-05,0
RR-12800,3.1934993651882945e-05,0
RR-12801,0.00019258008135080473,0
RR-12802,8.515783395665444e-05,0
RR-12803,7.984502492251184e-05,0
RR-12804,7.819544813837413e-05,0
RR-12805,8.489781433326739e-05,0
RR-12806,9.701606211390401e-05,0
RR-12807,4.0072682434507354e-05,0
RR-12808,0.0001948761578141752,0
RR-12809,7.599509257613364e-05,0
RR-12810,0.02049493020337221,0
RR-12811,0.00026959141161588267,0
RR-12812,0.0004611669613499014,0
RR-12813,6.81015320532494e-05,0
RR-12814,5.7254093853396325e-05,0
RR-12815,6.346883355156448e-05,0
RR-12816,0.00040238153206276727,0
RR-12817,8.197539517984568e-05,0
RR-12818,3.8686465254724295e-05,0
RR-12819,3.6758373141085036e-05,0
RR-12820,9.274236037323969e-05,0
RR-12821,0.0002048687818855434,0
RR-12822,0.0021350370828182095,0
RR-12823,8.058820457144952e-05,0
RR-12824,0.00015620200844259266,0
RR-12825,0.0004314700073146692,0
RR-12826,0.00027162684546197475,0
RR-12827,7.880982209546764e-05,0
RR-12828,0.00014259427537492497,0
RR-12829,7.096349252717473e-05,0
RR-12830,5.6322960039433565e-05,0
RR-12831,0.0002094149774227318,0
RR-12832,0.8287919670536811,1
RR-12833,7.91815104119852e-05,0
RR-12834,6.918612136376069e-05,0
RR-12835,0.0005513634378604744,0
RR-12836,3.7028959653622666e-05,0
RR-12837,9.282910159219692e-05,0
RR-12838,0.006704942769756114,0
RR-12839,5.778659692623975e-05,0
RR-12840,0.0006526063868723558,0
RR-12841,4.414368914253669e-05,0
RR-12842,0.00018074112848869142,0
RR-12843,4.453299534943824e-05,0
RR-12844,0.0002400363832604817,0
RR-12845,0.00013159456235654297,0
RR-12846,0.0003098574324608163,0
RR-12847,0.00022535833757912881,0
RR-12848,7.654094018278676e-05,0
RR-12849,0.00010455798821739638,0
RR-12850,0.0003561211472542246,0
RR-12851,0.00016621700543708378,0
RR-12852,0.00024133816163351109,0
RR-12853,0.002379698424897922,0
RR-12854,0.0012763341341361092,0
RR-12855,3.69352274991226e-05,0
RR-12856,0.00010877458350142983,0
RR-12857,4.687833876596432e-05,0
RR-12858,9.749056896888785e-05,0
RR-12859,4.2214291962709054e-05,0
RR-12860,5.652264824567082e-05,0
RR-12861,0.013064604150810443,0
RR-12862,4.9752505560071475e-05,0
RR-12863,0.0021294000772987187,0
RR-12864,5.611323203987658e-05,0
RR-12865,3.364834408883384e-05,0
RR-12866,0.00019180043198116267,0
RR-12867,7.016825207635802e-05,0
RR-12868,5.932960288198726e-05,0
RR-12869,8.088491829990264e-05,0
RR-12870,0.0007724572931426817,0
RR-12871,9.43568199472508e-05,0
RR-12872,0.000145420144225775,0
RR-12873,5.920572906763372e-05,0
RR-12874,0.00023918119744857,0
RR-12875,7.360028930129577e-05,0
RR-12876,5.1962838593138156e-05,0
RR-12877,7.42986555573739e-05,0
RR-12878,5.022315745518315e-05,0
RR-12879,0.0003116744967558922,0
RR-12880,7.17816458954415e-05,0
RR-12881,3.0121192294886447e-05,0
RR-12882,0.00026916394329711213,0
RR-12883,6.460911894823137e-05,0
RR-12884,5.320575235873224e-05,0
RR-12885,8.322164578529717e-05,0
RR-12886,7.82831839643726e-05,0
RR-12887,9.589238673202258e-05,0
RR-12888,3.7967799637367414e-05,0
RR-12889,0.23546632099385673,0
RR-12890,0.00019003754152178938,0
RR-12891,0.0002917647419653588,0
RR-12892,3.867772808281743e-05,0
RR-12893,0.00027808911675573054,0
RR-12894,0.000321209788608527,0
RR-12895,0.00025883539669268755,0
RR-12896,8.186816164450815e-05,0
RR-12897,0.0009348534283026445,0
RR-12898,4.6629768249291044e-05,0
RR-12899,0.00016106636097299492,0
RR-12900,0.0001211534323707095,0
RR-12901,0.00011146499031246284,0
RR-12902,3.559947658474935e-05,0
RR-12903,5.17876216722263e-05,0
RR-12904,0.8476769299961261,1
RR-12905,0.0002553794288131205,0
RR-12906,6.992992681580749e-05,0
RR-12907,0.0010823503583111173,0
RR-12908,0.006770481712162532,0
RR-12909,3.3969249524012725e-05,0
RR-12910,0.00021650271847979108,0
RR-12911,0.00010651184324343531,0
RR-12912,0.00013501930257839957,0
RR-12913,0.00012134866435132232,0
RR-12914,2.9460519605358942e-05,0
RR-12915,7.843542887317897e-05,0
RR-12916,0.00011140347813361064,0
RR-12917,0.000294485367561961,0
RR-12918,0.023444137176707486,0
RR-12919,4.5875301489592105e-05,0
RR-12920,0.0001440226046554626,0
RR-12921,4.167560648662971e-05,0
RR-12922,0.00016051510341023805,0
RR-12923,6.390536462554633e-05,0
RR-12924,0.00017084006481278143,0
RR-12925,6.418121733832868e-05,0
RR-12926,8.74138450878118e-05,0
RR-12927,0.00012217134771867627,0
RR-12928,6.444593223951811e-05,0
RR-12929,4.3198077899057114e-05,0
RR-12930,4.206655185735645e-05,0
RR-12931,5.2854674758453646e-05,0
RR-12932,0.00050985902265637,0
RR-12933,3.2849918952796206e-05,0
RR-12934,3.75999653644814e-05,0
RR-12935,6.96764694586041e-05,0
RR-12936,0.001501954760543162,0
RR-12937,9.492380636687601e-05,0
RR-12938,9.66167589435459e-05,0
RR-12939,4.437516338734803e-05,0
RR-12940,5.210888777869797e-05,0
RR-12941,4.7937106092266495e-05,0
RR-12942,0.00020006784123068443,0
RR-12943,0.020905003103385365,0
RR-12944,9.93260521932284e-05,0
RR-12945,4.583936623817856e-05,0
RR-12946,0.001089570411900545,0
RR-12947,4.708588413418251e-05,0
RR-12948,0.00030311921964431594,0
RR-12949,0.00036989488966167176,0
RR-12950,0.0001380328048194614,0
RR-12951,6.837617877882663e-05,0
RR-12952,0.0007235038865747576,0
RR-12953,7.622006244211455e-05,0
RR-12954,9.095095560419216e-05,0
RR-12955,3.518199640529793e-05,0
RR-12956,5.4406813581687027e-05,0
RR-12957,5.5417512924830554e-05,0
RR-12958,3.633338130263604e-05,0
RR-12959,7.188223316909879e-05,0
RR-12960,4.402129334335522e-05,0
RR-12961,9.514580442781078e-05,0
RR-12962,9.56259777062696e-05,0
RR-12963,7.59070016301182e-05,0
RR-12964,5.7743564451820874e-05,0
RR-12965,0.9871907956531835,1
RR-12966,7.072623032418251e-05,0
RR-12967,4.5609015263396724e-05,0
RR-12968,7.200025831286402e-05,0
RR-12969,0.0005232352083173777,0
RR-12970,3.127348120511278e-05,0
RR-12971,7.097288316483641e-05,0
RR-12972,0.001384323135297827,0
RR-12973,3.703794483013672e-05,0
RR-12974,0.0013478915877647313,0
RR-12975,4.69176793697073e-05,0
RR-12976,7.237043365958418e-05,0
RR-12977,0.00034250360945762887,0
RR-12978,0.00013510595850781305,0
RR-12979,0.0003754104014801923,0
RR-12980,3.709504016245597e-05,0
RR-12981,0.00010437057075378726,0
RR-12982,0.00016592066453352132,0
RR-12983,3.420416433621097e-05,0
RR-12984,0.00030112599322975,0
RR-12985,7.771216057983838e-05,0
RR-12986,0.00010596940207028944,0
RR-12987,3.9128003314678503e-05,0
RR-12988,4.102782567819263e-05,0
RR-12989,0.002651436561250897,0
RR-12990,5.308071997394512e-05,0
RR-12991,0.9945526314585175,1
RR-12992,7.532056203380485e-05,0
RR-12993,3.435037999618726e-05,0
RR-12994,0.027761876017309915,0
RR-12995,3.026164687846565e-05,0
RR-12996,7.657644471389153e-05,0
RR-12997,5.7553845240928284e-05,0
RR-12998,5.454773736951181e-05,0
RR-12999,6.468534798851885e-05,0
RR-13000,4.226843969632217e-05,0
RR-13001,7.517104908837272e-05,0
RR-13002,0.00014973024631763813,0
RR-13003,0.017605948404619116,0
RR-13004,0.0009642771249455529,0
RR-13005,0.0003171691345156884,0
RR-13006,3.6930511098591896e-05,0
RR-13007,7.074889397115434e-05,0
RR-13008,5.39747703145702e-05,0
RR-13009,6.79334180292537e-05,0
RR-13010,4.565264150062552e-05,0
RR-13011,9.682432310935459e-05,0
RR-13012,0.5285147808192829,1
RR-13013,3.5677537355344483e-05,0
RR-13014,3.55578925527662e-05,0
RR-13015,7.095099834958779e-05,0
RR-13016,0.0005740067771326996,0
RR-13017,4.740788383654138e-05,0
RR-13018,0.0003590937355627032,0
RR-13019,0.0001839202629002483,0
RR-13020,0.0007000701795122554,0
RR-13021,0.00018273705774831525,0
RR-13022,0.00016450965430780604,0
RR-13023,4.7716649893540854e-05,0
RR-13024,0.00013422471239264388,0
RR-13025,0.0002091993854602499,0
RR-13026,0.0186869335383662,0
RR-13027,6.204188965143608e-05,0
RR-13028,0.03377707927865905,0
RR-13029,0.00011306029452023529,0
RR-13030,3.567776418459629e-05,0
RR-13031,7.832253929053734e-05,0
RR-13032,6.071696684275748e-05,0
RR-13033,0.00035324356579431076,0
RR-13034,3.4492150966593875e-05,0
RR-13035,7.483051973122384e-05,0
RR-13036,8.499197650814769e-05,0
RR-13037,4.414490588029535e-05,0
RR-13038,0.0003846280467887297,0
RR-13039,0.0006026170726605102,0
RR-13040,7.07301168776807e-05,0
RR-13041,4.342860445562096e-05,0
RR-13042,4.51885448904521e-05,0
RR-13043,0.0001364444347272266,0
RR-13044,0.0002018558389653704,0
RR-13045,8.147639350814197e-05,0
RR-13046,0.00013864057987234463,0
RR-13047,0.00010669223240713366,0
RR-13048,9.268215999443832e-05,0
RR-13049,0.0001009842134861704,0
RR-13050,4.940513715958217e-05,0
RR-13051,6.896156310118042e-05,0
RR-13052,3.635131464297816e-05,0
RR-13053,0.0005793296113544158,0
RR-13054,3.894148932849467e-05,0
RR-13055,0.00015515167049616322,0
RR-13056,7.11950178777356e-05,0
RR-13057,6.782988276943319e-05,0
RR-13058,6.952476380745764e-05,0
RR-13059,7.992843053629796e-05,0
RR-13060,0.0008632508755123187,0
RR-13061,0.00013167753109122985,0
RR-13062,4.2807131014903515e-05,0
RR-13063,4.985928485535052e-05,0
RR-13064,0.0001303856158379299,0
RR-13065,0.0004299684653374094,0
RR-13066,4.8708184406704725e-05,0
RR-13067,7.026212727042273e-05,0
RR-13068,0.00010510109515981766,0
RR-13069,0.0004836570679469278,0
RR-13070,6.952459499940899e-05,0
RR-13071,5.29950800511734e-05,0
RR-13072,0.0005895066200368758,0
RR-13073,0.0001995810697687942,0
RR-13074,0.00011114205280531314,0
RR-13075,5.107181346967638e-05,0
RR-13076,6.676966787118697e-05,0
RR-13077,0.06261347499676707,0
RR-13078,5.876456453447163e-05,0
RR-13079,0.00010632826202440843,0
RR-13080,0.0001997402426358922,0
RR-13081,0.00015215776037549397,0
RR-13082,0.0009056945309526198,0
RR-13083,0.0002459241037689693,0
RR-13084,0.0018514352278028142,0
RR-13085,4.843347475319475e-05,0
RR-13086,4.338811278827602e-05,0
RR-13087,5.070770662519285e-05,0
RR-13088,0.0002654894732470728,0
RR-13089,7.394009079381722e-05,0
RR-13090,3.0231985022718796e-05,0
RR-13091,8.901708198696444e-05,0
RR-13092,4.977558859248363e-05,0
RR-13093,0.00419484752689101,0
RR-13094,3.419668270566109e-05,0
RR-13095,0.0005355857788303303,0
RR-13096,4.784862917325606e-05,0
RR-13097,3.316540228576986e-05,0
RR-13098,0.00022376817575949187,0
RR-13099,4.363942319493253e-05,0
RR-13100,9.283740834680139e-05,0
RR-13101,4.0365857512614326e-05,0
RR-13102,4.999488084850227e-05,0
RR-13103,8.86153621769897e-05,0
RR-13104,6.894396471873566e-05,0
RR-13105,5.2638178858995316e-05,0
RR-13106,5.50325484747161e-05,0
RR-13107,0.00017137755580352404,0
RR-13108,3.244619350571859e-05,0
RR-13109,0.0004256373776509334,0
RR-13110,3.8022353712259396e-05,0
RR-13111,0.0004515070191605018,0
RR-13112,5.2998142295952355e-05,0
RR-13113,5.778682065540265e-05,0
RR-13114,0.0038286275520862108,0
RR-13115,3.351021507016803e-05,0
RR-13116,3.3770419111431226e-05,0
RR-13117,5.309639825424034e-05,0
RR-13118,0.00022708177613134573,0
RR-13119,4.226936931930625e-05,0
RR-13120,4.725173265008934e-05,0
RR-13121,5.2652319041179506e-05,0
RR-13122,5.22654715100219e-05,0
RR-13123,8.855824645335772e-05,0
RR-13124,0.0005646516315053514,0
RR-13125,0.9036254571669796,1
RR-13126,5.0233012771551196e-05,0
RR-13127,0.0002795850685234645,0
RR-13128,9.912791442618142e-05,0
RR-13129,0.9721591834694379,1
RR-13130,0.00022560480056451265,0
RR-13131,4.365744647043335e-05,0
RR-13132,9.181167684854664e-05,0
RR-13133,9.337051607842913e-05,0
RR-13134,8.33726817665331e-05,0
RR-13135,3.659640650871702e-05,0
RR-13136,0.0007831074630266372,0
RR-13137,0.005700632060847419,0
RR-13138,0.00013533302750812342,0
RR-13139,0.000654492564466897,0
RR-13140,3.0150930522818136e-05,0
RR-13141,0.0001336830374008383,0
RR-13142,0.0003126802165223687,0
RR-13143,4.518591872951748e-05,0
RR-13144,0.9755386632778886,1
RR-13145,0.0003010723579518542,0
RR-13146,0.00019333038145160445,0
RR-13147,0.00022545358446674694,0
RR-13148,0.00014375936451920717,0
RR-13149,0.00034883321706671703,0
RR-13150,6.556270400863557e-05,0
RR-13151,6.200850413316579e-05,0
RR-13152,5.6592779248083794e-05,0
RR-13153,5.179414808080928e-05,0
RR-13154,5.256822314269971e-05,0
RR-13155,0.00010332799340200419,0
RR-13156,0.00015887337825613997,0
RR-13157,0.00013929505180764409,0
RR-13158,0.00014622078099259066,0
RR-13159,5.3979611343866616e-05,0
RR-13160,6.047449487318488e-05,0
RR-13161,7.418248463716058e-05,0
RR-13162,0.00029844804985437083,0
RR-13163,0.00015669246529108054,0
RR-13164,0.006013697941238223,0
RR-13165,0.00016597080350447456,0
RR-13166,6.784007770836096e-05,0
RR-13167,0.00022716759954065414,0
RR-13168,3.9283123974808606e-05,0
RR-13169,0.00011473262337801831,0
RR-13170,0.000991904034057129,0
RR-13171,6.26432661378356e-05,0
RR-13172,0.00039651410008557497,0
RR-13173,3.812316558547717e-05,0
RR-13174,0.0032268202037823266,0
RR-13175,0.006655142507909486,0
RR-13176,3.755339457972841e-05,0
RR-13177,0.00010903728897958288,0
RR-13178,0.00013977045658254448,0
RR-13179,4.097795123007288e-05,0
RR-13180,4.451031372166395e-05,0
RR-13181,4.607244337904776e-05,0
RR-13182,9.734848165528715e-05,0
RR-13183,0.00023263112290225845,0
RR-13184,4.910334702395008e-05,0
RR-13185,3.7270270438697126e-05,0
RR-13186,6.73752522744036e-05,0
RR-13187,4.705450726178326e-05,0
RR-13188,9.189310461655066e-05,0
RR-13189,3.7772551728382724e-05,0
RR-13190,0.000248275564182477,0
RR-13191,5.123065474728647e-05,0
RR-13192,4.4511101664192406e-05,0
RR-13193,4.066851783158303e-05,0
RR-13194,0.0006586734666636797,0
RR-13195,0.4554986084809326,1
RR-13196,6.834802935970555e-05,0
RR-13197,5.228057220576928e-05,0
RR-13198,7.966073552072242e-05,0
RR-13199,3.1725555027151685e-05,0
RR-13200,0.00010751835121977795,0
RR-13201,3.912436259975235e-05,0
RR-13202,0.0027434915412321076,0
RR-13203,0.00030940093810123844,0
RR-13204,7.847175151771197e-05,0
RR-13205,0.004270864164369906,0
RR-13206,3.4047657371499494e-05,0
RR-13207,3.0025177458795012e-05,0
RR-13208,0.0005036068804903395,0
RR-13209,0.00020913899510074282,0
RR-13210,0.0006975135806996848,0
RR-13211,0.00010070270416697218,0
RR-13212,0.00017362437848839667,0
RR-13213,0.0003980271346010593,0
RR-13214,5.7588252060630585e-05,0
RR-13215,4.3491121465098844e-05,0
RR-13216,7.542949093665544e-05,0
RR-13217,5.605725589022554e-05,0
RR-13218,0.019224657650489543,0
RR-13219,4.3262061741280694e-05,0
RR-13220,3.9380394844676465e-05,0
RR-13221,0.00031468117335680285,0
RR-13222,7.713714676365321e-05,0
RR-13223,0.00044307235960559,0
RR-13224,0.00010302326393172662,0
RR-13225,0.0003653897042761953,0
RR-13226,3.0515258403029678e-05,0
RR-13227,5.323240579949274e-05,0
RR-13228,0.0004001778778324759,0
RR-13229,3.114370132621448e-05,0
RR-13230,0.00011116917544561017,0
RR-13231,9.467836059530048e-05,0
RR-13232,0.000113360007815909,0
RR-13233,7.313490821620265e-05,0
RR-13234,5.9296630781664934e-05,0
RR-13235,3.7269103235286556e-05,0
RR-13236,0.8597129410575634,1
RR-13237,4.158461791308406e-05,0
RR-13238,0.00014702074646144201,0
RR-13239,0.0004796244681838808,0
RR-13240,0.000720012692720805,0
RR-13241,0.0004829395139488146,0
RR-13242,4.1789470944239636e-05,0
RR-13243,4.1077758592989965e-05,0
RR-13244,4.166425581599162e-05,0
RR-13245,7.367851472049421e-05,0
RR-13246,4.140211027699828e-05,0
RR-13247,7.309466825438876e-05,0
RR-13248,4.247969771995074e-05,0
RR-13249,0.9685522020390321,1
RR-13250,0.00020843969503470607,0
RR-13251,3.332800861907041e-05,0
RR-13252,4.5118030075183545e-05,0
RR-13253,5.241306677043211e-05,0
RR-13254,9.369964966449578e-05,0
RR-13255,3.2293379093895365e-05,0
RR-13256,6.275107527272816e-05,0
RR-13257,8.933364069330998e-05,0
RR-13258,8.076987647720708e-05,0
RR-13259,5.718979048218786e-05,0
RR-13260,0.00015528448858295578,0
RR-13261,5.092480559232473e-05,0
RR-13262,0.0004471536357320645,0
RR-13263,7.521803284632384e-05,0
RR-13264,7.243429264111733e-05,0
RR-13265,0.00016212006865374095,0
RR-13266,0.00021871026683314404,0
RR-13267,3.162846512016063e-05,0
RR-13268,0.007553234926063402,0
RR-13269,4.111040787659162e-05,0
RR-13270,0.0007596292086222806,0
RR-13271,0.9623836522426441,1
RR-13272,3.776136376364856e-05,0
RR-13273,0.000748280602892127,0
RR-13274,0.002545659055344156,0
RR-13275,0.0002112065928179464,0
RR-13276,0.0001367368760149316,0
RR-13277,0.0017755311112303094,0
RR-13278,9.97694905203613e-05,0
RR-13279,0.00013286766717770485,0
RR-13280,6.39596450912743e-05,0
RR-13281,5.254898566221209e-05,0
RR-13282,0.00033002489824082525,0
RR-13283,0.00013360054947802677,0
RR-13284,0.00014154746750115783,0
RR-13285,7.365587315538053e-05,0
RR-13286,8.047730073288043e-05,0
RR-13287,3.532711006295663e-05,0
RR-13288,0.0001161437017142512,0
RR-13289,0.001083211160229359,0
RR-13290,0.00011515972241797004,0
RR-13291,5.512088863218429e-05,0
RR-13292,5.0817909396881595e-05,0
RR-13293,0.00011867273503757348,0
RR-13294,5.9612869187751685e-05,0
RR-13295,4.8740873625084225e-05,0
RR-13296,0.00034649840399752753,0
RR-13297,5.5134604386158516e-05,0
RR-13298,4.987100040442529e-05,0
RR-13299,4.774371549662119e-05,0
RR-13300,4.499398218794499e-05,0
RR-13301,7.78308746868217e-05,0
RR-13302,0.00014568693966667684,0
RR-13303,5.945132886348991e-05,0
RR-13304,6.369865288207245e-05,0
RR-13305,0.00040163498474741604,0
RR-13306,0.00018863294694287133,0
RR-13307,4.696530461991202e-05,0
RR-13308,0.0013361442581833064,0
RR-13309,0.00020132516551783257,0
RR-13310,5.752535885699146e-05,0
RR-13311,8.79255471406042e-05,0
RR-13312,0.0013078312523657422,0
RR-13313,0.0004925590432443838,0
RR-13314,0.0035218943923866846,0
RR-13315,4.602285272802245e-05,0
RR-13316,0.0001491624241243788,0
RR-13317,5.286935772284432e-05,0
RR-13318,3.573330588031707e-05,0
RR-13319,0.00012783954724512203,0
RR-13320,0.00011072042941276924,0
RR-13321,0.0001638903020369116,0
RR-13322,3.849368370936955e-05,0
RR-13323,0.0003119443018494193,0
RR-13324,4.44059339078041e-05,0
RR-13325,0.006737192693886154,0
RR-13326,0.00013791760987386516,0
RR-13327,3.4068515840598914e-05,0
RR-13328,0.00012791002677208296,0
RR-13329,0.00010020986850620066,0
RR-13330,0.9831938626703566,1
RR-13331,0.00017301285858440708,0
RR-13332,0.00011396133758359633,0
RR-13333,4.3200854205451334e-05,0
RR-13334,0.00017413269262039866,0
RR-13335,6.160281013542346e-05,0
RR-13336,6.758315084850646e-05,0
RR-13337,5.0109446452589034e-05,0
RR-13338,0.0002740907371679673,0
RR-13339,3.358604438444429e-05,0
RR-13340,0.00030486886312504666,0
RR-13341,0.007134489716948245,0
RR-13342,9.654812418278841e-05,0
RR-13343,4.2920209076332286e-05,0
RR-13344,6.904425314654128e-05,0
RR-13345,0.00012081389371528156,0
RR-13346,0.0001840063460322376,0
RR-13347,4.606202112442641e-05,0
RR-13348,0.00010270899037299071,0
RR-13349,3.359794521261451e-05,0
RR-13350,6.34328654982566e-05,0
RR-13351,5.946058095397589e-05,0
RR-13352,0.00011197244608079325,0
RR-13353,0.00032038349876880456,0
RR-13354,0.0002989937376972373,0
RR-13355,4.7357911113197056e-05,0
RR-13356,0.00011909367111267022,0
RR-13357,0.00016413389992833683,0
RR-13358,6.164045550054874e-05,0
RR-13359,3.325479257863642e-05,0
RR-13360,9.827924623195271e-05,0
RR-13361,0.000260980419560599,0
RR-13362,0.0005999932369702316,0
RR-13363,3.219572247349823e-05,0
RR-13364,4.8509343903519634e-05,0
RR-13365,0.00013066205080496945,0
RR-13366,0.1223755647500593,0
RR-13367,4.463646469780859e-05,0
RR-13368,0.0004975339210669719,0
RR-13369,5.2512671180072676e-05,0
RR-13370,7.449028710643714e-05,0
RR-13371,4.112391450597226e-05,0
RR-13372,3.656342990972353e-05,0
RR-13373,5.20453220939349e-05,0
RR-13374,0.00015721904330390799,0
RR-13375,6.747671559049642e-05,0
RR-13376,0.00021053808588262948,0
RR-13377,3.438007654668505e-05,0
RR-13378,3.2817702240061065e-05,0
RR-13379,3.9525276058411704e-05,0
RR-13380,4.6480712097274554e-05,0
RR-13381,3.74375971655875e-05,0
RR-13382,0.004716717935799269,0
RR-13383,3.28762982167527e-05,0
RR-13384,0.0003532292228984406,0
RR-13385,5.656913997491394e-05,0
RR-13386,0.0026586158099325048,0
RR-13387,5.121880429287865e-05,0
RR-13388,0.004563836722410107,0
RR-13389,6.734726336793775e-05,0
RR-13390,2.859154180793334e-05,0
RR-13391,0.00016979253180000723,0
RR-13392,0.00013209008143108674,0
RR-13393,0.0002287621011903629,0
RR-13394,0.00018248201385058667,0
RR-13395,4.8414556383580146e-05,0
RR-13396,0.0025450425827319273,0
RR-13397,3.8526685369262716e-05,0
RR-13398,0.00011446303035799988,0
RR-13399,5.966059189107699e-05,0
RR-13400,6.15200502360368e-05,0
RR-13401,0.00013760995059763773,0
RR-13402,9.277434974116977e-05,0
RR-13403,0.00015322115575349435,0
RR-13404,8.544220251462487e-05,0
RR-13405,0.00023946169082789397,0
RR-13406,0.00020742234424505813,0
RR-13407,0.003950568027547306,0
RR-13408,0.00010615076880173464,0
RR-13409,0.0002526309419739933,0
RR-13410,0.013334272015525553,0
RR-13411,6.704017477413482e-05,0
RR-13412,0.0005666452687940017,0
RR-13413,5.185143636163378e-05,0
RR-13414,0.00035768434057837815,0
RR-13415,0.0014429450259420325,0
RR-13416,9.362901902666943e-05,0
RR-13417,0.00011520620978123308,0
RR-13418,0.0003727693153481458,0
RR-13419,0.00010385442381241376,0
RR-13420,5.915461703403264e-05,0
RR-13421,0.00010654626165253905,0
RR-13422,0.00014791476848975398,0
RR-13423,0.0015979240619255766,0
RR-13424,5.452704983233372e-05,0
RR-13425,4.901914304370991e-05,0
RR-13426,0.0002482135763575693,0
RR-13427,7.28680119174018e-05,0
RR-13428,6.648128469217613e-05,0
RR-13429,0.00016349514110162178,0
RR-13430,0.00017072862398541066,0
RR-13431,7.902958706324238e-05,0
RR-13432,4.2334080663105784e-05,0
RR-13433,0.00021388606093154726,0
RR-13434,9.665758277834272e-05,0
RR-13435,8.245003759242936e-05,0
RR-13436,7.85900022209783e-05,0
RR-13437,0.00015917461062501533,0
RR-13438,6.159723681502634e-05,0
RR-13439,6.857299777670542e-05,0
RR-13440,6.383860570449869e-05,0
RR-13441,6.280067759352877e-05,0
RR-13442,0.45385605185496913,1
RR-13443,0.00015361947036071535,0
RR-13444,0.0005464098144439905,0
RR-13445,0.0002138777257995685,0
RR-13446,0.0001899183790129751,0
RR-13447,0.0002480749657011904,0
RR-13448,5.4018055289007785e-05,0
RR-13449,0.0002445047279336869,0
RR-13450,4.706639427526013e-05,0
RR-13451,0.000685001322883843,0
RR-13452,0.0004899778150922807,0
RR-13453,0.000348695806719506,0
RR-13454,0.00011610947564149644,0
RR-13455,5.132553969205848e-05,0
RR-13456,5.292298662324732e-05,0
RR-13457,0.00017734296952028554,0
RR-13458,6.831232693503995e-05,0
RR-13459,0.00013087971935202514,0
RR-13460,0.0002388966004749865,0
RR-13461,3.678604888211264e-05,0
RR-13462,0.00018548879149309896,0
RR-13463,5.372264634599271e-05,0
RR-13464,0.00041272376829679813,0
RR-13465,2.933891283946803e-05,0
RR-13466,7.164511230661958e-05,0
RR-13467,0.00015653053705925267,0
RR-13468,4.080601574318337e-05,0
RR-13469,5.691315536159161e-05,0
RR-13470,0.9698712779448695,1
RR-13471,0.00019981444223260468,0
RR-13472,3.980949187219569e-05,0
RR-13473,0.00011263577433604764,0
RR-13474,0.00020494161550811487,0
RR-13475,0.00011452919733503407,0
RR-13476,4.958326962911982e-05,0
RR-13477,0.20204980297074374,1
RR-13478,0.0007417458577718069,0
RR-13479,0.9730830438146999,1
RR-13480,3.009065235959819e-05,0
RR-13481,4.765689732802318e-05,0
RR-13482,9.19124605176201e-05,0
RR-13483,4.2108752047118465e-05,0
RR-13484,0.0005981253974523753,0
RR-13485,4.682483233017568e-05,0
RR-13486,0.0004571810813143923,0
RR-13487,0.00024893203707691537,0
RR-13488,0.0021454757062781215,0
RR-13489,0.0007970166731292181,0
RR-13490,0.0007520384186732919,0
RR-13491,8.244058383951108e-05,0
RR-13492,6.569514844288972e-05,0
RR-13493,0.000282740539242868,0
RR-13494,3.876473620323175e-05,0
RR-13495,9.11696294210316e-05,0
RR-13496,0.00020870842374076141,0
RR-13497,6.548031781848215e-05,0
RR-13498,0.00014668132801489643,0
RR-13499,0.013959749423298824,0
RR-13500,3.995538371929642e-05,0
RR-13501,0.00013311082363353424,0
RR-13502,4.382650835372198e-05,0
RR-13503,0.001285118815292328,0
RR-13504,7.26180005134368e-05,0
RR-13505,0.0005354663067313306,0
RR-13506,3.0933134747794815e-05,0
RR-13507,0.0026210994201727534,0
RR-13508,0.00012259318854565595,0
RR-13509,0.00011889523278123169,0
RR-13510,6.240431423964439e-05,0
RR-13511,0.00016769722725849373,0
RR-13512,0.00014419042326902363,0
RR-13513,0.00026449000798516313,0
RR-13514,0.0012368233629860318,0
RR-13515,2.854698552088719e-05,0
RR-13516,3.8996721023929646e-05,0
RR-13517,0.00042104931110672437,0
RR-13518,0.0001721521431689796,0
RR-13519,4.612092003641295e-05,0
RR-13520,3.505386494256269e-05,0
RR-13521,7.526990352937121e-05,0
RR-13522,0.00022753613166893248,0
RR-13523,9.881504167831517e-05,0
RR-13524,5.765510263787262e-05,0
RR-13525,3.321846800891721e-05,0
RR-13526,0.00011222522844515459,0
RR-13527,7.678990901076395e-05,0
RR-13528,5.036178461235121e-05,0
RR-13529,5.4460124636572795e-05,0
RR-13530,3.793191781192915e-05,0
RR-13531,0.0005420318095273712,0
RR-13532,0.00013333910443576698,0
RR-13533,0.03857882618262759,0
RR-13534,0.00014218199222176958,0
RR-13535,0.0001282935691557455,0
RR-13536,3.2145879686583077e-05,0
RR-13537,8.59162939264255e-05,0
RR-13538,3.482409857197602e-05,0
RR-13539,5.439450710823064e-05,0
RR-13540,0.0004199400668717155,0
RR-13541,0.000509006515564805,0
RR-13542,0.00025892050177530473,0
RR-13543,3.10525376935339e-05,0
RR-13544,4.668056947417238e-05,0
RR-13545,3.940228284193628e-05,0
RR-13546,5.86013021407363e-05,0
RR-13547,8.01655916890394e-05,0
RR-13548,5.036555866151735e-05,0
RR-13549,3.09429685498648e-05,0
RR-13550,0.0006127525677233766,0
RR-13551,0.00011575479111553288,0
RR-13552,6.821035988093451e-05,0
RR-13553,0.00018536733329447758,0
RR-13554,0.00018881196321246003,0
RR-13555,7.72925113980589e-05,0
RR-13556,5.4210192607000916e-05,0
RR-13557,4.589107507593221e-05,0
RR-13558,8.878845078331785e-05,0
RR-13559,0.00019218006601708055,0
RR-13560,0.0001206368356251723,0
RR-13561,3.047014354320139e-05,0
RR-13562,4.486985396619879e-05,0
RR-13563,6.0251861869595376e-05,0
RR-13564,0.1628965409101029,1
RR-13565,5.595330466152942e-05,0
RR-13566,0.0016115113312119558,0
RR-13567,7.000479883045034e-05,0
RR-13568,9.505460279683586e-05,0
RR-13569,0.9885490304516892,1
RR-13570,4.7655638722916006e-05,0
RR-13571,4.6907144291050005e-05,0
RR-13572,0.00012015503248820133,0
RR-13573,2.8186341713790904e-05,0
RR-13574,5.136590493297698e-05,0
RR-13575,0.00018088632025185976,0
RR-13576,0.05346420048432493,0
RR-13577,6.540973587600176e-05,0
RR-13578,3.0343418380766105e-05,0
RR-13579,8.841560567909526e-05,0
RR-13580,0.00034618035199608145,0
RR-13581,0.0011156548721155213,0
RR-13582,3.752034498087298e-05,0
RR-13583,0.0005681604394372515,0
RR-13584,9.143760310630537e-05,0
RR-13585,0.06689927908890528,0
RR-13586,6.414175048026564e-05,0
RR-13587,0.0005572365914958714,0
RR-13588,0.0003902003456079033,0
RR-13589,0.00021432484670598484,0
RR-13590,9.528538930495623e-05,0
RR-13591,0.10535788097665243,0
RR-13592,0.0008556046418260589,0
RR-13593,3.637794180066593e-05,0
RR-13594,0.0001867644036038331,0
RR-13595,8.211580200149753e-05,0
RR-13596,0.00012551675701837675,0
RR-13597,0.0006888161549469608,0
RR-13598,0.00010889329844860694,0
RR-13599,0.00010424967845832481,0
RR-13600,0.00012680368667788668,0
RR-13601,3.448974733607326e-05,0
RR-13602,3.8647256860718504e-05,0
RR-13603,0.00039652395039867715,0
RR-13604,3.283882437096934e-05,0
RR-13605,0.9962936234431491,1
RR-13606,7.893442606392443e-05,0
RR-13607,0.0003787895682434895,0
RR-13608,0.00020216042661353118,0
RR-13609,0.017076270087549885,0
RR-13610,3.613494306961588e-05,0
RR-13611,4.654191092105117e-05,0
RR-13612,7.653746457326216e-05,0
RR-13613,5.080232972132728e-05,0
RR-13614,5.978152455990539e-05,0
RR-13615,9.40593637106952e-05,0
RR-13616,0.0001373083181364131,0
RR-13617,7.437851686748151e-05,0
RR-13618,5.197247308828819e-05,0
RR-13619,2.5984189000403134e-05,0
RR-13620,6.0938156646592085e-05,0
RR-13621,0.0001012364831651443,0
RR-13622,0.000541259445914841,0
RR-13623,0.0014813208699783998,0
RR-13624,0.0004951817076920388,0
RR-13625,4.540893027594666e-05,0
RR-13626,2.8617029068569516e-05,0
RR-13627,0.0008000100082520443,0
RR-13628,2.9680755269350852e-05,0
RR-13629,0.0012794502723209701,0
RR-13630,0.9855518342673646,1
RR-13631,3.740178326091363e-05,0
RR-13632,6.682889257207845e-05,0
RR-13633,8.66220790878075e-05,0
RR-13634,0.005919421685826375,0
RR-13635,9.349821344786347e-05,0
RR-13636,9.295217391242618e-05,0
RR-13637,0.8214783583485578,1
RR-13638,5.403419266510896e-05,0
RR-13639,0.00013114499771759035,0
RR-13640,3.3433395872043374e-05,0
RR-13641,5.992150374802756e-05,0
RR-13642,0.00014257920524270563,0
RR-13643,0.4391685838894624,1
RR-13644,4.5579629144459266e-05,0
RR-13645,8.53461153422821e-05,0
RR-13646,4.8603514973244524e-05,0
RR-13647,6.450882325421861e-05,0
RR-13648,0.0006623182448035905,0
RR-13649,0.00032136527440367686,0
RR-13650,0.0002486959704695162,0
RR-13651,5.467995766928694e-05,0
RR-13652,0.00012469520200518688,0
RR-13653,4.048892171062303e-05,0
RR-13654,0.00016723323036811266,0
RR-13655,8.581740559180765e-05,0
RR-13656,4.4877266089051784e-05,0
RR-13657,5.545312723480893e-05,0
RR-13658,0.00013100709053041215,0
RR-13659,6.537198965816531e-05,0
RR-13660,0.10751141888473585,0
RR-13661,0.42249711693674763,1
RR-13662,8.13279782718645e-05,0
RR-13663,0.000312396609992012,0
RR-13664,0.00019643991536321705,0
RR-13665,0.9839686090268681,1
RR-13666,8.542487419324922e-05,0
RR-13667,4.192830892885227e-05,0
RR-13668,5.478064615838069e-05,0
RR-13669,0.0002007317751738503,0
RR-13670,8.229984251307824e-05,0
RR-13671,3.46356128410844e-05,0
RR-13672,0.0011796793579401433,0
RR-13673,0.00021800750644971765,0
RR-13674,0.00010375787700945028,0
RR-13675,0.000261985829724073,0
RR-13676,3.988030992195026e-05,0
RR-13677,0.000172988994500708,0
RR-13678,7.676234662073063e-05,0
RR-13679,5.9887594324412524e-05,0
RR-13680,0.00012925908924982867,0
RR-13681,6.231892279978916e-05,0
RR-13682,0.0012200301448284422,0
RR-13683,0.00020277337899211921,0
RR-13684,3.673296552270654e-05,0
RR-13685,0.0006838484296117108,0
RR-13686,0.0002026450376120087,0
RR-13687,0.0009372192322623447,0
RR-13688,0.00011155703965492888,0
RR-13689,0.00023599687460473088,0
RR-13690,3.4080138605944666e-05,0
RR-13691,0.8321478110587965,0
RR-13692,3.5189494479118836e-05,0
RR-13693,0.0001405061954528729,0
RR-13694,8.5720425016372e-05,0
RR-13695,3.96272281094396e-05,0
RR-13696,0.0001912665841366296,0
RR-13697,7.539703067401397e-05,0
RR-13698,0.00025531665251858534,0
RR-13699,0.00024030410704050254,0
RR-13700,9.603694124602631e-05,0
RR-13701,4.893189696646712e-05,0
RR-13702,0.002629492707106097,0
RR-13703,7.354552850297674e-05,0
RR-13704,0.0003693321895549299,0
RR-13705,6.467621914400653e-05,0
RR-13706,9.074332927747602e-05,0
RR-13707,0.0003503457969928489,0
RR-13708,0.013351122151891203,0
RR-13709,5.155611235059865e-05,0
RR-13710,0.00032304533859797685,0
RR-13711,0.0004905700818416084,0
RR-13712,8.622814645034983e-05,0
RR-13713,5.698171697456945e-05,0
RR-13714,0.00010053158259675448,0
RR-13715,6.48338061811528e-05,0
RR-13716,0.0001178599885665515,0
RR-13717,5.186121264236378e-05,0
RR-13718,9.467398065381356e-05,0
RR-13719,3.910026555901136e-05,0
RR-13720,0.017279135914714118,0
RR-13721,4.512496509808458e-05,0
RR-13722,0.00014824319731453558,0
RR-13723,2.7568649537197724e-05,0
RR-13724,5.0300071370367904e-05,0
RR-13725,0.00022879626520965293,0
RR-13726,0.00010613171938796202,0
RR-13727,0.0005184709384889146,0
RR-13728,0.0001098399542311462,0
RR-13729,7.306571214822744e-05,0
RR-13730,5.9269143040898514e-05,0
RR-13731,6.012667747539593e-05,0
RR-13732,0.0002674169809218853,0
RR-13733,0.0004935882673647338,0
RR-13734,4.2069659236356205e-05,0
RR-13735,4.1630023512474194e-05,0
RR-13736,3.458010105017958e-05,0
RR-13737,0.00028385889795993287,0
RR-13738,0.0001291140219103719,0
RR-13739,3.7028913762149515e-05,0
RR-13740,4.94376360138614e-05,0
RR-13741,9.825952450251122e-05,0
RR-13742,0.004107278331275975,0
RR-13743,0.0001534750404174023,0
RR-13744,0.00023487141377772334,0
RR-13745,8.545285837603233e-05,0
RR-13746,4.877216015746478e-05,0
RR-13747,0.00011163354328589389,0
RR-13748,5.2079246504861845e-05,0
RR-13749,0.00021774923938692084,0
RR-13750,3.0374582509048434e-05,0
RR-13751,0.0009249080804845063,0
RR-13752,3.062876532972909e-05,0
RR-13753,7.178677035961617e-05,0
RR-13754,0.00011525124693598435,0
RR-13755,5.949118438092998e-05,0
RR-13756,9.570974626501067e-05,0
RR-13757,0.0001714137497642927,0
RR-13758,0.0003800699725668983,0
RR-13759,4.46968130775808e-05,0
RR-13760,3.159106110299573e-05,0
RR-13761,3.268199024427822e-05,0
RR-13762,0.0005692167662437284,0
RR-13763,0.00012446716420176879,0
RR-13764,0.08679801500413918,0
RR-13765,0.00026728273290843867,0
RR-13766,4.184779178717371e-05,0
RR-13767,4.1368212925384485e-05,0
RR-13768,3.849307880740777e-05,0
RR-13769,4.594836588059539e-05,0
RR-13770,0.007010121535580515,0
RR-13771,5.162086905258322e-05,0
RR-13772,0.1515559433175152,0
RR-13773,0.002728628603111349,0
RR-13774,0.0001036218796409017,0
RR-13775,0.00026403510605696467,0
RR-13776,0.0023627793144056623,0
RR-13777,8.20050361482608e-05,0
RR-13778,8.518397827479878e-05,0
RR-13779,0.0004517477283220128,0
RR-13780,0.0016663068110391581,0
RR-13781,4.369903545210124e-05,0
RR-13782,0.00022635152017278236,0
RR-13783,0.0001213169846102488,0
RR-13784,0.0015660746399364703,0
RR-13785,0.00020588178547279517,0
RR-13786,7.743801951366634e-05,0
RR-13787,4.661855266276826e-05,0
RR-13788,0.00020098225611947946,0
RR-13789,3.0361177673058177e-05,0
RR-13790,4.140346347151798e-05,0
RR-13791,0.00024660534999830985,0
RR-13792,3.130717520144992e-05,0
RR-13793,0.00012010296817644315,0
RR-13794,0.0010939000890632352,0
RR-13795,0.0001695290987195281,0
RR-13796,4.5913164758299694e-05,0
RR-13797,0.00016986048082097706,0
RR-13798,3.5670046814498644e-05,0
RR-13799,3.297096685233881e-05,0
RR-13800,0.00016949462396256124,0
RR-13801,6.96376881126368e-05,0
RR-13802,0.027162650689829565,0
RR-13803,0.0007487519507792373,0
RR-13804,0.0001323573884901188,0
RR-13805,0.0002941889885753462,0
RR-13806,8.772268683821335e-05,0
RR-13807,2.508875939579905e-05,0
RR-13808,4.844770768535667e-05,0
RR-13809,0.00018866164114996655,0
RR-13810,5.958064663143328e-05,0
RR-13811,7.238193457428197e-05,0
RR-13812,2.8528301653991976e-05,0
RR-13813,3.233545705883867e-05,0
RR-13814,0.00011983161818069138,0
RR-13815,2.9477684993318346e-05,0
RR-13816,0.00015377980454332724,0
RR-13817,6.102812077561358e-05,0
RR-13818,4.873991275465058e-05,0
RR-13819,8.999984863223328e-05,0
RR-13820,5.29701628975558e-05,0
RR-13821,8.962337082048859e-05,0
RR-13822,0.003915057181138557,1
RR-13823,6.599747187123509e-05,0
RR-13824,3.131392090826906e-05,0
RR-13825,0.00026749778145094156,0
RR-13826,0.0001518737878304487,0
RR-13827,0.00014850099854711625,0
RR-13828,3.682687146741596e-05,0
RR-13829,0.0005050291814339276,0
RR-13830,5.190803923369609e-05,0
RR-13831,0.0012885061755076876,0
RR-13832,6.0206481656471996e-05,0
RR-13833,9.247328109087107e-05,0
RR-13834,0.0006670106665285634,0
RR-13835,0.0012175363917458952,0
RR-13836,3.051870607459088e-05,0
RR-13837,0.0001467318677359742,0
RR-13838,0.00010101256483075086,0
RR-13839,0.21947471041625302,0
RR-13840,0.0001558629998865621,0
RR-13841,8.318098149559573e-05,0
RR-13842,0.000118829234757185,0
RR-13843,9.956252157116368e-05,0
RR-13844,0.0006054223458559342,0
RR-13845,4.4077011849257556e-05,0
RR-13846,0.00014774065123382074,0
RR-13847,0.00025271638297202405,0
RR-13848,8.306809848094954e-05,0
RR-13849,5.875628733735011e-05,0
RR-13850,0.0001304292833852558,0
RR-13851,0.00018173683222698562,0
RR-13852,0.9893937877822438,1
RR-13853,6.70387066435923e-05,0
RR-13854,3.727341969302308e-05,0
RR-13855,9.421983167115915e-05,0
RR-13856,4.237011827120293e-05,0
RR-13857,0.2018257566245672,0
RR-13858,0.00013659002954309978,0
RR-13859,0.00010674338763571251,0
RR-13860,6.38713843835226e-05,0
RR-13861,8.216769218500719e-05,0
RR-13862,5.443552670322126e-05,0
RR-13863,3.762423967324393e-05,0
RR-13864,0.0021853546310256567,0
RR-13865,8.928275186254914e-05,0
RR-13866,0.00012411872748961468,0
RR-13867,0.010131570357948594,0
RR-13868,6.439621808514814e-05,0
RR-13869,0.0003081677753552093,0
RR-13870,5.0050156563451626e-05,0
RR-13871,3.146222101116235e-05,0
RR-13872,0.001630754878202046,0
RR-13873,0.0001051664957949595,0
RR-13874,0.7978553479998998,1
RR-13875,0.002380943876593535,0
RR-13876,0.0003608859971089703,0
RR-13877,6.970287669160407e-05,0
RR-13878,3.324625595403429e-05,0
RR-13879,4.885947129268142e-05,0
RR-13880,6.153481846670839e-05,0
RR-13881,0.0009222536401567024,0
RR-13882,8.016432232212723e-05,0
RR-13883,0.000596738643698193,0
RR-13884,4.204968478677747e-05,0
RR-13885,6.824480049407614e-05,0
RR-13886,0.00015167867748579696,0
RR-13887,0.00034219114215661026,0
RR-13888,4.140827792744564e-05,0
RR-13889,9.425411298487452e-05,0
RR-13890,8.99651412524512e-05,0
RR-13891,4.97174269363202e-05,0
RR-13892,7.862404154737069e-05,0
RR-13893,5.4900147927195625e-05,0
RR-13894,6.508191126385696e-05,0
RR-13895,0.00019093022433989143,0
RR-13896,3.7551839074558146e-05,0
RR-13897,0.00010661417828169702,0
RR-13898,0.9925751444482993,1
RR-13899,2.841961398266024e-05,0
RR-13900,4.237011827120293e-05,0
RR-13901,6.04678735488253e-05,0
RR-13902,0.00015780981474798392,0
RR-13903,7.928908048447795e-05,0
RR-13904,5.189991727800655e-05,0
RR-13905,6.0226508634662094e-05,0
RR-13906,0.0002365192662174861,0
RR-13907,0.00016988841833680705,0
RR-13908,4.961421582940344e-05,0
RR-13909,0.00010682671711674276,0
RR-13910,9.898793301656012e-05,0
RR-13911,0.00020096999934757537,0
RR-13912,0.00012089515543847538,0
RR-13913,3.302673756060275e-05,0
RR-13914,3.0649513225818524e-05,0
RR-13915,0.00019129790089532174,0
RR-13916,0.00015342783549321298,0
RR-13917,6.785381658121648e-05,0
RR-13918,0.007370878713970948,0
RR-13919,5.83783574778437e-05,0
RR-13920,4.760104331891856e-05,0
RR-13921,7.447100030984438e-05,0
RR-13922,6.211169602384337e-05,0
RR-13923,0.0013012976447134017,0
RR-13924,0.00020041315987065063,0
RR-13925,3.324014383412914e-05,0
RR-13926,4.0941717928376545e-05,0
RR-13927,3.843424338051941e-05,0
RR-13928,3.4981930026027845e-05,0
RR-13929,0.004426899924204558,0
RR-13930,0.0002049135923232505,0
RR-13931,5.752535885699146e-05,0
RR-13932,0.00010740443257416304,0
RR-13933,6.725244087808176e-05,0
RR-13934,6.74180558983927e-05,0
RR-13935,4.6492592828443916e-05,0
RR-13936,3.759520575663167e-05,0
RR-13937,2.6047944457244437e-05,0
RR-13938,0.0007238629421963399,0
RR-13939,8.746447270122662e-05,0
RR-13940,5.133863760080054e-05,0
RR-13941,8.587312294729932e-05,0
RR-13942,0.0002449630958014135,0
RR-13943,7.883570724926176e-05,0
RR-13944,5.637036116448568e-05,0
RR-13945,0.00010085967245377558,0
RR-13946,0.00011901304707242309,0
RR-13947,3.3625073286547625e-05,0
RR-13948,0.00047015110056965355,0
RR-13949,8.337890542360388e-05,0
RR-13950,4.1286915698250066e-05,0
RR-13951,6.986309496206693e-05,0
RR-13952,8.472410957497111e-05,0
RR-13953,0.00010779036758195649,0
RR-13954,0.00019322270398524917,0
RR-13955,8.783745427544583e-05,0
RR-13956,0.00011026741044295746,0
RR-13957,8.438157237729419e-05,0
RR-13958,5.994647426750472e-05,0
RR-13959,0.049070344991627775,0
RR-13960,0.00010101583255747302,0
RR-13961,9.695148609806106e-05,0
RR-13962,2.8459196082324714e-05,0
RR-13963,0.000252681517765282,0
RR-13964,8.455673426634615e-05,0
RR-13965,0.00014870239735222644,0
RR-13966,3.915985592548606e-05,0
RR-13967,0.0005209059366377078,0
RR-13968,6.148023175258959e-05,0
RR-13969,8.310517807184434e-05,0
RR-13970,0.00012347344047761803,0
RR-13971,5.746750693223227e-05,0
RR-13972,0.6451741732948838,0
RR-13973,0.00016321367226949802,0
RR-13974,6.500741166028093e-05,0
RR-13975,0.00018412411091305272,0
RR-13976,0.0008173996215554531,0
RR-13977,0.00011233804928063916,0
RR-13978,9.61509635661158e-05,0
RR-13979,7.609484709011122e-05,0
RR-13980,0.00014814482227342915,0
RR-13981,0.00011830410641177826,0
RR-13982,5.649687171054124e-05,0
RR-13983,0.004200566364914152,0
RR-13984,0.8138950581090152,1
RR-13985,0.000429064466889819,0
RR-13986,0.0017802118702180219,0
RR-13987,4.26506753402407e-05,0
RR-13988,0.00011141052822791026,0
RR-13989,0.00012200847654409875,0
RR-13990,0.00012165006946118994,0
RR-13991,3.158676409668803e-05,0
RR-13992,0.00013251683402462058,0
RR-13993,0.00014673707301953627,0
RR-13994,4.677584087477327e-05,0
RR-13995,0.10472450707822588,0
RR-13996,0.0001279031996841475,0
RR-13997,0.00023554077461500835,0
RR-13998,9.20770407214613e-05,0
RR-13999,3.380575445389845e-05,0
RR-14000,0.00012596501186977043,0
RR-14001,4.670611141046201e-05,0
RR-14002,7.916256497154729e-05,0
RR-14003,8.356713805996707e-05,0
RR-14004,0.00011781735149335164,0
RR-14005,9.915019296170653e-05,0
RR-14006,0.00023351448789839135,0
RR-14007,0.0012522139098038406,0
RR-14008,0.0001544498875551006,0
RR-14009,0.1500925141840187,1
RR-14010,3.5860739249986894e-05,0
RR-14011,9.654964404074492e-05,0
RR-14012,0.00026744357201302746,0
RR-14013,0.00010220126629283645,0
RR-14014,0.0001110464352897258,0
RR-14015,0.00018735958626983789,0
RR-14016,3.573330588031707e-05,0
RR-14017,0.0009803172033501074,0
RR-14018,6.553797391999453e-05,0
RR-14019,5.224536690878373e-05,0
RR-14020,0.00016693824168718412,0
RR-14021,0.026243637678727914,0
RR-14022,6.382929705631947e-05,0
RR-14023,0.00018908723758127798,0
RR-14024,0.000559439763375782,0
RR-14025,8.613752099976498e-05,0
RR-14026,7.660858932676719e-05,0
RR-14027,7.149391590125068e-05,0
RR-14028,7.37211872290305e-05,0
RR-14029,0.0022765163016316647,0
RR-14030,7.070135044886497e-05,0
RR-14031,9.466003943392973e-05,0
RR-14032,0.7251015109873185,1
RR-14033,0.00018541922053048448,0
RR-14034,0.00010087428091280998,0
RR-14035,0.0005137790670580433,0
RR-14036,0.0003245197940584175,0
RR-14037,0.00017748629452680873,0
RR-14038,4.787619535799191e-05,0
RR-14039,4.662512382479412e-05,0
RR-14040,0.00046145473520399136,0
RR-14041,0.00011756700086295342,0
RR-14042,0.007630884282647549,0
RR-14043,7.28971040653643e-05,0
RR-14044,5.1128161545515445e-05,0
RR-14045,0.00021933587858582253,0
RR-14046,0.00017663809038456787,0
RR-14047,5.795287982427575e-05,0
RR-14048,5.637847376528521e-05,0
RR-14049,3.4202762109581384e-05,0
RR-14050,3.025653161068661e-05,0
RR-14051,5.337709042327779e-05,0
RR-14052,0.00014179026130587278,0
RR-14053,9.726012352387253e-05,0
RR-14054,7.000394380202476e-05,0
RR-14055,8.601743426552043e-05,0
RR-14056,7.04979691007083e-05,0
RR-14057,0.00024256253241075777,0
RR-14058,4.6296061113975485e-05,0
RR-14059,4.2020759776284246e-05,0
RR-14060,0.0019891084949249615,0
RR-14061,0.0069736528009482325,0
RR-14062,0.00021340035324292713,0
RR-14063,5.947540662669845e-05,0
RR-14064,0.011591078122965967,0
RR-14065,7.20223962520669e-05,0
RR-14066,7.732157711950835e-05,0
RR-14067,5.88732730360665e-05,0
RR-14068,2.9907510405729143e-05,0
RR-14069,3.254965109533179e-05,0
RR-14070,0.00010720379016270802,0
RR-14071,0.0012661160982270503,0
RR-14072,5.113643734071299e-05,0
RR-14073,9.823653441703745e-05,0
RR-14074,0.0001765077923298485,0
RR-14075,7.437288441427853e-05,0
RR-14076,6.684336099433425e-05,0
RR-14077,0.0002394289121672642,0
RR-14078,0.0002295967363448719,0
RR-14079,0.0001503999608956151,0
RR-14080,0.00014466155520751346,0
RR-14081,0.9091871306558833,1
RR-14082,0.0006929601048582377,0
RR-14083,3.2687472077911844e-05,0
RR-14084,0.0001166409011204883,0
RR-14085,6.773689251335775e-05,0
RR-14086,0.00027235681454026756,0
RR-14087,9.303877002975921e-05,0
RR-14088,0.00014421986010834968,0
RR-14089,0.9878966173347514,1
RR-14090,9.04390571386813e-05,0
RR-14091,4.821641571276344e-05,0
RR-14092,0.00024549358358622747,0
RR-14093,5.82673936887308e-05,0
RR-14094,4.132960423953393e-05,0
RR-14095,5.074422118454411e-05,0
RR-14096,0.0001799821252593532,0
RR-14097,0.00010630180691709321,0
RR-14098,6.771224054578291e-05,0
RR-14099,0.00013460503431399621,0
RR-14100,3.9682476223330393e-05,0
RR-14101,4.363776544244227e-05,0
RR-14102,0.0004055593661589177,0
RR-14103,6.967432496733196e-05,0
RR-14104,9.119846682206785e-05,0
RR-14105,4.7549753527731526e-05,0
RR-14106,0.00013118540097113173,0
RR-14107,5.68570247442595e-05,0
RR-14108,2.7899148697836825e-05,0
RR-14109,0.009983633063227991,0
RR-14110,0.0004582762968600301,0
RR-14111,2.9237961042878946e-05,0
RR-14112,3.3724669606396004e-05,0
RR-14113,4.444933123837833e-05,0
RR-14114,0.00017245333233543398,0
RR-14115,3.792484212333455e-05,0
RR-14116,0.00012159160376627181,0
RR-14117,4.4206831932225735e-05,0
RR-14118,3.72781312992402e-05,0
RR-14119,0.00015301992776194895,0
RR-14120,4.6402749179236125e-05,0
RR-14121,2.8417187897309246e-05,0
RR-14122,9.615576064340735e-05,0
RR-14123,0.00039192134863825254,0
RR-14124,0.009046764559796151,0
RR-14125,4.4315255894643533e-05,0
RR-14126,0.00011806950166875809,0
RR-14127,0.00044652041858643635,0
RR-14128,4.653824693334124e-05,0
RR-14129,0.031164000759889482,0
RR-14130,0.0002833309423187909,0
RR-14131,0.006025041392230877,0
RR-14132,0.001103068896063738,0
RR-14133,8.714560360443784e-05,0
RR-14134,8.844614457326609e-05,0
RR-14135,0.0001602549990612586,0
RR-14136,0.0007300977925076982,0
RR-14137,0.0004234229442327035,0
RR-14138,0.00039172771756008646,0
RR-14139,0.00042669794309400564,0
RR-14140,7.270444656749213e-05,0
RR-14141,0.00010021004857765112,0
RR-14142,0.00017293034194355465,0
RR-14143,0.00016317648996089674,0
RR-14144,0.00010532836097600208,0
RR-14145,0.00016729272997083992,0
RR-14146,0.00011244232722363991,0
RR-14147,2.9070703382105423e-05,0
RR-14148,6.326611615864905e-05,0
RR-14149,6.831226851488995e-05,0
RR-14150,8.109476515415056e-05,0
RR-14151,9.1862342396109e-05,0
RR-14152,0.00024581309487125045,0
RR-14153,0.00010905504412164214,0
RR-14154,4.3507380252661304e-05,0
RR-14155,0.00019979415656735594,0
RR-14156,0.0014853705821756761,0
RR-14157,5.16272273828498e-05,0
RR-14158,0.004222237468442689,0
RR-14159,0.0001260589028064395,0
RR-14160,3.4576134144159426e-05,0
RR-14161,6.631339342405501e-05,0
RR-14162,9.341234073821956e-05,0
RR-14163,0.00022587428407961336,0
RR-14164,0.0007451617200040139,0
RR-14165,3.561671374585402e-05,0
RR-14166,6.830948862849492e-05,0
RR-14167,0.0006810031197739581,0
RR-14168,0.00018059519495439884,0
RR-14169,0.0027434915412321076,0
RR-14170,7.96355457667404e-05,0
RR-14171,2.808477775055273e-05,0
RR-14172,0.0018329203518898797,0
RR-14173,0.01276574244184595,0
RR-14174,0.0013861681285332395,0
RR-14175,7.096424818313048e-05,0
RR-14176,0.38296996604595457,1
RR-14177,8.129571027267547e-05,0
RR-14178,0.00017905573653176937,0
RR-14179,4.493472949052453e-05,0
RR-14180,6.019969760478353e-05,0
RR-14181,4.1357500128600755e-05,0
RR-14182,3.5321469894249734e-05,0
RR-14183,6.811324350358258e-05,0
RR-14184,0.0020015403886274605,0
RR-14185,8.259801889255229e-05,0
RR-14186,0.00012969103460385911,0
RR-14187,0.00010622996175482171,0
RR-14188,5.827305861683509e-05,0
RR-14189,7.340724385038553e-05,0
RR-14190,0.0008907966362776612,0
RR-14191,0.0002185733122884911,0
RR-14192,6.002288882435019e-05,0
RR-14193,9.131350456676932e-05,0
RR-14194,8.369268987870767e-05,0
RR-14195,6.394759857064973e-05,0
RR-14196,0.00011839233306547693,0
RR-14197,0.002487477109230976,0
RR-14198,3.724839798829696e-05,0
RR-14199,0.0001078094284944997,0
RR-14200,8.779813812669437e-05,0
RR-14201,9.768055831192306e-05,0
RR-14202,0.00022893175019609053,0
RR-14203,6.51093271497696e-05,0
RR-14204,6.793614041893342e-05,0
RR-14205,0.9830623448175437,1
RR-14206,0.00022554906692901118,0
RR-14207,0.0001830017406852757,0
RR-14208,0.006346208556937643,0
RR-14209,0.00012742555786014054,0
RR-14210,0.00013016918792929872,0
RR-14211,6.0759669708011675e-05,0
RR-14212,7.974135910138827e-05,0
RR-14213,7.040387429529404e-05,0
RR-14214,6.633432732311164e-05,0
RR-14215,5.4595583330430476e-05,0
RR-14216,4.475949915883024e-05,0
RR-14217,0.0002712015244877662,0
RR-14218,0.7079673384857689,0
RR-14219,4.537191453700741e-05,0
RR-14220,0.0006097008071311469,0
RR-14221,0.0009722908625446105,0
RR-14222,7.21526739007968e-05,0
RR-14223,0.042035873469862504,1
RR-14224,0.004020989045673537,1
RR-14225,0.0001929491861688616,0
RR-14226,0.00015442025764785116,0
RR-14227,5.6723413325526256e-05,0
RR-14228,0.00015916845993084886,0
RR-14229,6.952459499940899e-05,0
RR-14230,0.00033953574228763774,0
RR-14231,5.9505098707296934e-05,0
RR-14232,5.679464876855524e-05,0
RR-14233,0.002604085750119978,0
RR-14234,0.0003053432835800683,0
RR-14235,5.3533761665692056e-05,0
RR-14236,6.322010211944176e-05,0
RR-14237,8.599744076246549e-05,0
RR-14238,0.00010253054548449344,0
RR-14239,0.002210740062848757,0
RR-14240,7.386946255936717e-05,0
RR-14241,2.779778082269124e-05,0
RR-14242,9.456704892448877e-05,0
RR-14243,4.572002729014099e-05,0
RR-14244,6.521468894941494e-05,0
RR-14245,8.858014514833683e-05,0
RR-14246,0.00014164307501961435,0
RR-14247,0.0006395667496205893,0
RR-14248,0.000180217341020895,0
RR-14249,3.2113477772902976e-05,0
RR-14250,0.00010216472330963013,0
RR-14251,0.00011427237520540398,0
RR-14252,0.00017425412436444148,0
RR-14253,5.628138059518718e-05,0
RR-14254,0.00044870346496784646,0
RR-14255,7.54762292051643e-05,0
RR-14256,6.758474822848615e-05,0
RR-14257,0.00017602510984918748,0
RR-14258,0.0003106275282062656,0
RR-14259,0.00040466542179096247,0
RR-14260,7.452854957758251e-05,0
RR-14261,6.357836996965567e-05,0
RR-14262,0.00024933914826945293,0
RR-14263,0.00014136773368485185,0
RR-14264,5.3320503099064915e-05,0
RR-14265,7.825589723529033e-05,0
RR-14266,0.00010804800408830795,0
RR-14267,5.885564998990142e-05,0
RR-14268,0.0031989077948951887,0
RR-14269,0.007604695191273901,0
RR-14270,0.00011818998003145076,0
RR-14271,9.68288037668155e-05,0
RR-14272,0.0008260166414799791,0
RR-14273,0.00015471971431944902,0
RR-14274,0.00015551101207993725,0
RR-14275,0.00016026863493801173,0
RR-14276,0.00020522549521624593,0
RR-14277,0.00024226653169514127,0
RR-14278,0.0004929933977227461,0
RR-14279,5.2443937445917414e-05,0
RR-14280,0.00013692645089620156,0
RR-14281,5.790129623163213e-05,0
RR-14282,8.996704848707884e-05,0
RR-14283,0.006249010936490901,0
RR-14284,5.320575235873224e-05,0
RR-14285,0.00047898746504575006,0
RR-14286,0.0001258023393396275,0
RR-14287,2.965881471213197e-05,0
RR-14288,3.573317156102005e-05,0
RR-14289,5.019027406483908e-05,0
RR-14290,0.000114804298468968,0
RR-14291,5.184085537499593e-05,0
RR-14292,9.038517183228783e-05,0
RR-14293,0.00038692560543185763,0
RR-14294,0.00012262108734898086,0
RR-14295,0.00020347158329345527,0
RR-14296,7.891591684689058e-05,0
RR-14297,4.9742011577402915e-05,0
RR-14298,6.71063702751949e-05,0
RR-14299,2.7137223071066553e-05,0
RR-14300,0.00010501246577951884,0
RR-14301,0.00014951696089895623,0
RR-14302,6.404690880803661e-05,0
RR-14303,4.480049228961011e-05,0
RR-14304,0.00022011214665790374,0
RR-14305,0.00022454969687331217,0
RR-14306,0.0004160053231099147,0
RR-14307,0.00010020965411938141,0
RR-14308,0.0006849403469017216,0
RR-14309,0.00013064719342689642,0
RR-14310,0.758170427897986,1
RR-14311,7.71995515967587e-05,0
RR-14312,9.26975790872171e-05,0
RR-14313,0.0002679796710449427,0
RR-14314,6.887833840501457e-05,0
RR-14315,0.2023899900681618,1
RR-14316,0.00012832278164639095,0
RR-14317,5.7162610546170085e-05,0
RR-14318,0.0001207548615631831,0
RR-14319,0.0001337776850672419,0
RR-14320,4.558053268500271e-05,0
RR-14321,0.0025660148260642107,0
RR-14322,8.228221876882086e-05,0
RR-14323,5.4814163869937396e-05,0
RR-14324,0.0018218406176476016,0
RR-14325,5.216910192604082e-05,0
RR-14326,0.00014339592209502516,0
RR-14327,5.5141244553638034e-05,0
RR-14328,6.865180323557928e-05,0
RR-14329,8.643977037391115e-05,0
RR-14330,0.0007200222167469753,0
RR-14331,0.0631796001204965,0
RR-14332,6.450819926869387e-05,0
RR-14333,0.009886014423314849,0
RR-14334,6.165949519578419e-05,0
RR-14335,0.0008966558228193141,0
RR-14336,3.316849708799036e-05,0
RR-14337,0.0003451735716216321,0
RR-14338,3.9424160787726e-05,0
RR-14339,0.00010461088929215556,0
RR-14340,4.181672038555395e-05,0
RR-14341,4.311513585892278e-05,0
RR-14342,0.00013208852325193946,0
RR-14343,2.776968094015678e-05,0
RR-14344,5.8966720127880224e-05,0
RR-14345,8.322914435905978e-05,0
RR-14346,0.0013093140561272795,0
RR-14347,6.959997505490934e-05,0
RR-14348,6.0031726102943974e-05,0
RR-14349,9.903927191013423e-05,0
RR-14350,0.00019398349199859722,0
RR-14351,6.404147082903026e-05,0
RR-14352,0.0013467677671569617,0
RR-14353,5.7420568494563215e-05,0
RR-14354,9.322910266820595e-05,0
RR-14355,0.5329626587225633,1
RR-14356,0.0001772486130600594,0
RR-14357,5.930171468721265e-05,0
RR-14358,6.835099386117957e-05,0
RR-14359,0.0691091990232106,1
RR-14360,0.00018531295926540447,0
RR-14361,0.0016875283820072852,0
RR-14362,5.563858566083848e-05,0
RR-14363,3.918082188962407e-05,0
RR-14364,0.00015559131598983665,0
RR-14365,0.0001667435030015756,0
RR-14366,0.00017470224660071074,0
RR-14367,5.221662586617219e-05,0
RR-14368,5.217927016745496e-05,0
RR-14369,6.607630696892667e-05,0
RR-14370,0.00018630557425860318,0
RR-14371,0.0003141235569951766,0
RR-14372,0.0009567360549794321,0
RR-14373,0.00016903162933517782,0
RR-14374,0.0005375439560239378,0
RR-14375,0.00021503357657373385,0
RR-14376,4.84331452873778e-05,0
RR-14377,5.144513204256461e-05,0
RR-14378,0.00015180846359904725,0
RR-14379,0.0013359217356688946,0
RR-14380,0.00012094125854239305,0
RR-14381,3.922506338314908e-05,0
RR-14382,4.214321675233901e-05,0
RR-14383,6.402960379534687e-05,0
RR-14384,0.0012942346393990925,0
RR-14385,0.0001387993739277612,0
RR-14386,8.132096173387959e-05,0
RR-14387,0.00011300052022622304,0
RR-14388,0.000551477063657815,0
RR-14389,0.00023064100499750172,0
RR-14390,6.14074212961959e-05,0
RR-14391,0.0006719471999649101,0
RR-14392,4.112416649453572e-05,0
RR-14393,6.571090610989495e-05,0
RR-14394,6.663348875177698e-05,0
RR-14395,5.007748071132144e-05,0
RR-14396,8.295964651219067e-05,0
RR-14397,4.58254276355663e-05,0
RR-14398,4.7494631569643876e-05,0
RR-14399,8.121637406331186e-05,0
RR-14400,3.6735523165065915e-05,0
RR-14401,3.8169484850892955e-05,0
RR-14402,4.0012190077389e-05,0
RR-14403,3.6717689540854985e-05,0
RR-14404,0.03218011700133751,0
RR-14405,3.784183483731683e-05,0
RR-14406,0.14272846027981959,0
RR-14407,6.312068939422425e-05,0
RR-14408,5.918054470086852e-05,0
RR-14409,3.74169825031472e-05,0
RR-14410,7.426936005589549e-05,0
RR-14411,6.117922063614648e-05,0
RR-14412,0.00010453143970782278,0
RR-14413,0.00014457753335138908,0
RR-14414,2.8906743033627103e-05,0
RR-14415,6.266262397445001e-05,0
RR-14416,9.342709325827724e-05,0
RR-14417,5.520517680151069e-05,0
RR-14418,0.0002475070591594101,0
RR-14419,4.4073261976180186e-05,0
RR-14420,4.704516139202978e-05,0
RR-14421,0.00022873894647554164,0
RR-14422,0.000125155208419772,0
RR-14423,3.314848810388381e-05,0
RR-14424,0.004487053929592591,0
RR-14425,0.0001480319119623613,0
RR-14426,0.9969472381829122,1
RR-14427,9.37072082032549e-05,0
RR-14428,0.0008877811941698763,0
RR-14429,0.0021853546310256567,0
RR-14430,0.0012227824051124654,0
RR-14431,5.31397243667707e-05,0
RR-14432,6.169235413939831e-05,0
RR-14433,0.00034921421125987166,0
RR-14434,5.65331955617214e-05,0
RR-14435,2.6878284758550784e-05,0
RR-14436,5.227809139369718e-05,0
RR-14437,5.616225938721578e-05,0
RR-14438,0.00010343235879719573,0
RR-14439,9.8690358229787e-05,0
RR-14440,5.3979611343866616e-05,0
RR-14441,4.150108687722214e-05,0
RR-14442,0.1206111945050066,0
RR-14443,8.671680734476518e-05,0
RR-14444,5.681351805715583e-05,0
RR-14445,0.00035719715142984877,0
RR-14446,3.847347275108489e-05,0
RR-14447,7.103662902153615e-05,0
RR-14448,4.218171416952223e-05,0
RR-14449,3.4571007813854996e-05,0
RR-14450,0.001115701862365104,0
RR-14451,5.001498809212573e-05,0
RR-14452,7.301770446024647e-05,0
RR-14453,8.823118657427562e-05,0
RR-14454,0.000821944876293919,0
RR-14455,6.583513297655274e-05,0
RR-14456,0.00010849511355337184,0
RR-14457,4.5803358704966455e-05,0
RR-14458,3.551897390672583e-05,0
RR-14459,0.0014293558276309668,0
RR-14460,3.302673756060275e-05,0
RR-14461,6.309289999175985e-05,0
RR-14462,4.520436706119945e-05,0
RR-14463,0.0030682369431350672,0
RR-14464,0.0001505188331718293,0
RR-14465,0.0001470349779863348,0
RR-14466,4.045149978255878e-05,0
RR-14467,0.023757617949551092,0
RR-14468,0.0001290937343408529,0
RR-14469,3.493507199189088e-05,0
RR-14470,0.00014837974306758259,0
RR-14471,0.00013975257065152258,0
RR-14472,0.0007053026109235214,0
RR-14473,3.9526109297729966e-05,0
RR-14474,0.0006472475777591038,0
RR-14475,0.00010487199068082293,0
RR-14476,7.231663959622901e-05,0
RR-14477,0.00016150964820552932,0
RR-14478,7.53963916358376e-05,0
RR-14479,3.159502430742507e-05,0
RR-14480,3.528987328183018e-05,0
RR-14481,0.01191658141653393,0
RR-14482,8.872245225271935e-05,0
RR-14483,0.00013245865318432478,0
RR-14484,6.041832525406851e-05,0
RR-14485,0.00042815905383103436,0
RR-14486,8.984137852869662e-05,0
RR-14487,9.843792023599387e-05,0
RR-14488,0.0002026999956903921,0
RR-14489,8.638362963768543e-05,0
RR-14490,8.844980142500804e-05,0
RR-14491,7.380653280590857e-05,0
RR-14492,5.37361757257705e-05,0
RR-14493,0.0006888557435591351,0
RR-14494,0.00019895730426826202,0
RR-14495,5.9828850499956754e-05,0
RR-14496,2.82093712514588e-05,0
RR-14497,0.05492312744963229,1
RR-14498,5.796451320984244e-05,0
RR-14499,7.136805087105764e-05,0
RR-14500,0.37080833880171893,1
RR-14501,4.482471172171016e-05,0
RR-14502,0.0001815030209926581,0
RR-14503,2.866402398830226e-05,0
RR-14504,7.398550173891974e-05,0
RR-14505,5.2754933964426797e-05,0
RR-14506,8.71496722116465e-05,0
RR-14507,0.0012989891104622142,0
RR-14508,5.467861952500052e-05,0
RR-14509,9.987125038755839e-05,0
RR-14510,9.859789999074937e-05,0
RR-14511,5.519748495191472e-05,0
RR-14512,4.082893320770785e-05,0
RR-14513,0.00023252889270951576,0
RR-14514,2.619453652056307e-05,0
RR-14515,0.00011362652879236446,0
RR-14516,9.202612588847466e-05,0
RR-14517,0.00034160135283448745,0
RR-14518,0.00010415106985496682,0
RR-14519,0.00014998444147242332,0
RR-14520,0.0001393203577649584,0
RR-14521,7.61239385637021e-05,0
RR-14522,0.00028424148958918074,0
RR-14523,0.0002679425669125037,0
RR-14524,0.00011924395262284071,0
RR-14525,6.649418855788555e-05,0
RR-14526,0.00023306738224451,0
RR-14527,0.00030836837396430787,0
RR-14528,0.0003118217900973759,0
RR-14529,0.00011788275218618603,0
RR-14530,6.573484256237995e-05,0
RR-14531,8.776589758774653e-05,0
RR-14532,4.45112771150662e-05,0
RR-14533,0.000140680806657947,0
RR-14534,3.7106369148591476e-05,0
RR-14535,0.00012514616831699573,0
RR-14536,0.00013282631069615308,0
RR-14537,4.472866755188904e-05,0
RR-14538,4.935101451648949e-05,0
RR-14539,4.298983299412354e-05,0
RR-14540,8.988609638295315e-05,0
RR-14541,6.060974654894175e-05,0
RR-14542,0.00014148750710992608,0
RR-14543,5.179414808080928e-05,0
RR-14544,4.843902269693599e-05,0
RR-14545,6.571060193947197e-05,0
RR-14546,6.861104258422163e-05,0
RR-14547,2.6696773788845905e-05,0
RR-14548,0.0005002601421254854,0
RR-14549,0.0002528341332555575,0
RR-14550,3.23398080897419e-05,0
RR-14551,0.0007478179213353415,0
RR-14552,0.0001424851343945368,0
RR-14553,0.00010399463891822184,0
RR-14554,0.00013729123394662387,0
RR-14555,0.000130838445588392,0
RR-14556,0.0001320980606767252,0
RR-14557,0.00029543545426827846,0
RR-14558,7.375073192320609e-05,0
RR-14559,4.355430872713901e-05,0
RR-14560,0.0002507168026771633,0
RR-14561,0.9766045213801916,1
RR-14562,7.004004310856858e-05,0
RR-14563,0.0004381507724380666,0
RR-14564,3.0121192294886447e-05,0
RR-14565,0.00014929645138476327,0
RR-14566,0.00028619251261169403,0
RR-14567,5.351175144223121e-05,0
RR-14568,5.5938071639363474e-05,0
RR-14569,9.637843095295293e-05,0
RR-14570,0.0007216255215628291,0
RR-14571,0.00023258981764675993,0
RR-14572,0.00010026928678174074,0
RR-14573,5.8946607566489884e-05,0
RR-14574,4.0135708839250644e-05,0
RR-14575,7.044569024860722e-05,0
RR-14576,0.00010981519025612611,0
RR-14577,6.138974599101683e-05,0
RR-14578,8.0603983518445e-05,0
RR-14579,7.425059179512835e-05,0
RR-14580,4.355979582382501e-05,0
RR-14581,0.00019576923069794915,0
RR-14582,3.049952027824706e-05,0
RR-14583,0.00021402376713442072,0
RR-14584,0.00010022160204661475,0
RR-14585,0.00011253536987533871,0
RR-14586,4.538173133819896e-05,0
RR-14587,5.9502485958308554e-05,0
RR-14588,0.00017943100082599194,0
RR-14589,4.742444816734857e-05,0
RR-14590,0.13459384232790622,0
RR-14591,8.515817545580948e-05,0
RR-14592,5.823995999081416e-05,0
RR-14593,0.0004679120546451159,0
RR-14594,0.002508571736147679,0
RR-14595,0.9648380018313362,1
RR-14596,4.819103717012009e-05,0
RR-14597,0.00015687482342698005,0
RR-14598,0.0002071057391529523,0
RR-14599,5.424695855805903e-05,0
RR-14600,0.18630313162871207,0
RR-14601,0.00014230248552084566,0
RR-14602,0.00012135570009156474,0
RR-14603,6.315085041915785e-05,0
RR-14604,4.6547123190409656e-05,0
RR-14605,6.790896577787865e-05,0
RR-14606,4.874530792286776e-05,0
RR-14607,0.00017575176655333028,0
RR-14608,4.7114066292592736e-05,0
RR-14609,0.0003423577163996581,0
RR-14610,9.15962386232963e-05,0
RR-14611,4.492507057389496e-05,0
RR-14612,6.259378220734905e-05,0
RR-14613,0.00014372181112409912,0
RR-14614,0.00016889432726778562,0
RR-14615,6.455126101546316e-05,0
RR-14616,0.00028356999438633836,0
RR-14617,5.385826365206362e-05,0
RR-14618,0.00019073551185980745,0
RR-14619,6.204826944767408e-05,0
RR-14620,5.521695662185202e-05,0
RR-14621,5.8622057315849606e-05,0
RR-14622,6.98434280131877e-05,0
RR-14623,0.1123694728675315,0
RR-14624,4.1622005508745575e-05,0
RR-14625,5.5236002780837224e-05,0
RR-14626,9.042907855632755e-05,0
RR-14627,0.00017395850638594974,0
RR-14628,0.0002814107431690339,0
RR-14629,0.00035744004840292657,0
RR-14630,7.745804802996403e-05,0
RR-14631,3.4215514473718236e-05,0
RR-14632,7.86606405221605e-05,0
RR-14633,0.00032649190696277614,0
RR-14634,4.741786123409161e-05,0
RR-14635,0.00011514212138871435,0
RR-14636,3.660987200440334e-05,0
RR-14637,9.773596005203506e-05,0
RR-14638,7.192318676565367e-05,0
RR-14639,0.00021680292530549297,0
RR-14640,5.059261539101957e-05,0
RR-14641,0.00019246088598045782,0
RR-14642,0.173784128167062,0
RR-14643,0.000285353458112637,0
RR-14644,0.00010397770667174893,0
RR-14645,0.00012495585210608488,0
RR-14646,0.00010133296806158156,0
RR-14647,0.0001736296375928736,0
RR-14648,7.758279470333637e-05,0
RR-14649,3.54567882986681e-05,0
RR-14650,0.0003888906299603155,0
RR-14651,0.00015108718227785457,0
RR-14652,6.583737376377281e-05,0
RR-14653,0.00010885100368185868,0
RR-14654,0.11534862387065269,1
RR-14655,0.0032418705696484105,0
RR-14656,4.5816966234024435e-05,0
RR-14657,0.0004648145753080721,0
RR-14658,0.00023079015063133434,0
RR-14659,5.261351367671274e-05,0
RR-14660,0.0001338866055057638,0
RR-14661,9.09709205497405e-05,0
RR-14662,5.971548486611718e-05,0
RR-14663,0.0007043665230071547,0
RR-14664,0.001478105960954819,0
RR-14665,0.2148537750523075,1
RR-14666,4.059295076900822e-05,0
RR-14667,9.587211379062839e-05,0
RR-14668,0.002643366889843924,0
RR-14669,0.0029252641763243005,0
RR-14670,4.2009687753306295e-05,0
RR-14671,8.031796198489769e-05,0
RR-14672,4.6933873166189566e-05,0
RR-14673,7.969595211970255e-05,0
RR-14674,5.2658253971204686e-05,0
RR-14675,0.000616467640418157,0
RR-14676,8.467328246870909e-05,0
RR-14677,8.107301829085792e-05,0
RR-14678,3.0118950856155733e-05,0
RR-14679,0.0001581404959968444,0
RR-14680,0.000117331846273763,0
RR-14681,0.00012974920271588254,0
RR-14682,0.00019781369137282905,0
RR-14683,0.000477932137044757,0
RR-14684,9.500275764635568e-05,0
RR-14685,0.00028226654048216145,0
RR-14686,0.00013686767710083521,0
RR-14687,3.49948010044794e-05,0
RR-14688,4.852664260228261e-05,0
RR-14689,0.0014692790283234382,0
RR-14690,5.730641366946582e-05,0
RR-14691,5.5336312404373285e-05,0
RR-14692,0.03315693315150625,1
RR-14693,0.00010864655485671929,0
RR-14694,3.348143015275279e-05,0
RR-14695,0.0018050564604944535,0
RR-14696,4.2367937279452974e-05,0
RR-14697,7.579694534815694e-05,0
RR-14698,0.0007904755741969468,0
RR-14699,2.8626437118955944e-05,0
RR-14700,0.010902749100152858,0
RR-14701,8.262133323347039e-05,0
RR-14702,6.3670620979368e-05,0
RR-14703,6.858692314213303e-05,0
RR-14704,9.411372780813381e-05,0
RR-14705,3.870098021744498e-05,0
RR-14706,0.0003517536166568411,0
RR-14707,8.275538763153332e-05,0
RR-14708,0.00011874764002202296,0
RR-14709,3.441465364735534e-05,0
RR-14710,9.28761807371947e-05,0
RR-14711,5.3566352941851026e-05,0
RR-14712,0.0007166543994551393,0
RR-14713,0.00010547068248501389,0
RR-14714,0.00040799532920168287,0
RR-14715,3.521166398544634e-05,0
RR-14716,7.091338040775887e-05,0
RR-14717,7.178321351851339e-05,0
RR-14718,0.0028771255824111904,0
RR-14719,0.0001035834766851919,0
RR-14720,0.00010229841923301441,0
RR-14721,4.5046857546702636e-05,0
RR-14722,4.215127659894608e-05,0
RR-14723,0.002837063131512203,0
RR-14724,4.488674008632547e-05,0
RR-14725,3.446082325109033e-05,0
RR-14726,8.647970970710744e-05,0
RR-14727,4.1245466354974795e-05,0
RR-14728,6.099076101054055e-05,0
RR-14729,3.346980853828167e-05,0
RR-14730,4.496477861529426e-05,0
RR-14731,0.00017375566644036732,0
RR-14732,3.549884501739435e-05,0
RR-14733,4.7712472035231086e-05,0
RR-14734,5.9963163369902e-05,0
RR-14735,6.290666502243995e-05,0
RR-14736,6.17864564033189e-05,0
RR-14737,0.00010832484121995824,0
RR-14738,0.00020248599583425156,0
RR-14739,0.0003479349899887398,0
RR-14740,0.0006157963590270834,0
RR-14741,7.513701532903884e-05,0
RR-14742,0.0020763658015036457,0
RR-14743,6.051312506924043e-05,0
RR-14744,0.00033798650037848715,0
RR-14745,8.601176210899341e-05,0
RR-14746,7.899820642244606e-05,0
RR-14747,4.673176685918081e-05,0
RR-14748,0.0002127502399764554,0
RR-14749,7.941468314966596e-05,0
RR-14750,6.58446480981318e-05,0
RR-14751,4.062853204801934e-05,0
RR-14752,0.00010232020919447355,0
RR-14753,5.64376786755981e-05,0
RR-14754,7.267137516569099e-05,0
RR-14755,3.7240090502227704e-05,0
RR-14756,7.376978223156631e-05,0
RR-14757,3.146436033132391e-05,0
RR-14758,5.4212172539925065e-05,0
RR-14759,0.00023592727371147485,0
RR-14760,0.00010868237280225897,0
RR-14761,4.462777829464135e-05,0
RR-14762,0.0001120006976108085,0
RR-14763,0.0009664440482807363,0
RR-14764,5.9171253079844624e-05,0
RR-14765,7.55201806608109e-05,0
RR-14766,0.00017473840811436014,0
RR-14767,0.0003619668386835366,0
RR-14768,0.000456487457049333,0
RR-14769,0.00036322764176481554,0
RR-14770,9.41414377150525e-05,0
RR-14771,0.0002919337281315214,0
RR-14772,4.3185347516469344e-05,0
RR-14773,7.250567368213635e-05,0
RR-14774,7.544891792868827e-05,0
RR-14775,0.000871684448999467,0
RR-14776,0.00012861382968000352,0
RR-14777,7.486928393110892e-05,0
RR-14778,0.00017832420014053907,0
RR-14779,3.734262315582894e-05,0
RR-14780,3.1197016492836136e-05,0
RR-14781,0.00010258947156570074,0
RR-14782,0.0001249551292975859,0
RR-14783,8.190277696670388e-05,0
RR-14784,0.00019454645196037153,0
RR-14785,3.8664561753991625e-05,0
RR-14786,9.93302665581041e-05,0
RR-14787,9.192371715266262e-05,0
RR-14788,4.21538629338286e-05,0
RR-14789,0.0282466515258037,0
RR-14790,0.0014078642779038985,0
RR-14791,4.639054806054737e-05,0
RR-14792,0.00033876727974541007,0
RR-14793,5.9521615891517624e-05,0
RR-14794,0.00028499655856161876,0
RR-14795,0.11446195751435655,0
RR-14796,3.854624696399682e-05,0
RR-14797,0.00619956514650686,0
RR-14798,5.184676302937989e-05,0
RR-14799,0.00024128109899377258,0
RR-14800,0.00015059231936714174,0
RR-14801,0.00011169596063050847,0
RR-14802,6.476614715419193e-05,0
RR-14803,9.74276731000127e-05,0
RR-14804,4.6210164933240744e-05,0
RR-14805,4.886099439848031e-05,0
RR-14806,2.8084018142233044e-05,0
RR-14807,5.929071772770098e-05,0
RR-14808,0.0004587363335764905,0
RR-14809,0.0003477715238814063,0
RR-14810,0.019228976570667945,0
RR-14811,5.494594612498541e-05,0
RR-14812,0.00020736935381509837,0
RR-14813,0.00012155584028180541,0
RR-14814,0.28610256580536564,1
RR-14815,7.270707244844601e-05,0
RR-14816,0.000504011721807332,0
RR-14817,3.593015348465511e-05,0
RR-14818,0.00022291572717017018,0
RR-14819,0.00027169128511743846,0
RR-14820,0.0006749629834789059,0
RR-14821,4.9114641529233136e-05,0
RR-14822,4.4718936846874676e-05,0
RR-14823,9.249360474047258e-05,0
RR-14824,3.551090494836644e-05,0
RR-14825,3.829586883659928e-05,0
RR-14826,8.64880097576208e-05,0
RR-14827,6.965637361513187e-05,0
RR-14828,5.846021367932177e-05,0
RR-14829,0.00012107284185405466,0
RR-14830,0.00017104028106368832,0
RR-14831,0.0001574370620773035,0
RR-14832,5.9079099458109515e-05,0
RR-14833,0.0001810872874516991,0
RR-14834,7.915335666342905e-05,0
RR-14835,5.877283428851628e-05,0
RR-14836,0.00012488397932045866,0
RR-14837,5.971457148970734e-05,0
RR-14838,6.891784754872221e-05,0
RR-14839,0.00032517034468912415,0
RR-14840,0.00028023455161898213,0
RR-14841,3.303429997725431e-05,0
RR-14842,0.00014360675284568364,0
RR-14843,0.00019144824901748975,0
RR-14844,7.509621286430652e-05,0
RR-14845,0.0001044559858712126,0
RR-14846,7.049875277262574e-05,0
RR-14847,9.26525073939536e-05,0
RR-14848,6.571677441356778e-05,0
RR-14849,5.173866539467421e-05,0
RR-14850,3.979732941560071e-05,0
RR-14851,6.172728594030514e-05,0
RR-14852,0.00010246997323239449,0
RR-14853,0.0002488494511344983,0
RR-14854,3.340932684648475e-05,0
RR-14855,0.0001867453498058335,0
RR-14856,0.00019327980535221377,0
RR-14857,9.33366551494901e-05,0
RR-14858,4.160216330420043e-05,0
RR-14859,0.0003294935792688737,0
RR-14860,7.994585264405006e-05,0
RR-14861,0.000406575518152682,0
RR-14862,4.290372079620666e-05,0
RR-14863,0.00016658618840979485,0
RR-14864,0.0006153564634989941,0
RR-14865,4.1106833204299584e-05,0
RR-14866,5.5759129886922174e-05,0
RR-14867,0.0001619981124633114,0
RR-14868,0.0005557867015915612,0
RR-14869,4.660162910440769e-05,0
RR-14870,0.009224677041115738,0
RR-14871,0.0008639259241707651,0
RR-14872,5.162053860687742e-05,0
RR-14873,0.0003112815693701956,0
RR-14874,0.00023077423567017502,0
RR-14875,0.00011107216719288783,0
RR-14876,6.427169501662002e-05,0
RR-14877,0.005227398000253238,0
RR-14878,0.022699097541904197,0
RR-14879,0.045531056859189505,0
RR-14880,0.0013142237921734859,0
RR-14881,0.0014936336246314358,0
RR-14882,0.0001272705876836311,0
RR-14883,0.00016332956095763105,0
RR-14884,0.8964993380155892,1
RR-14885,3.7468389216036816e-05,0
RR-14886,8.478425149810433e-05,0
RR-14887,3.5118114733867485e-05,0
RR-14888,0.0005673691024017114,0
RR-14889,0.0003029906203022026,0
RR-14890,0.000733338742718672,0
RR-14891,2.9943148346933094e-05,0
RR-14892,8.104688994128635e-05,0
RR-14893,6.879736960714308e-05,0
RR-14894,7.968774864786668e-05,0
RR-14895,0.00011057467874200055,0
RR-14896,6.892899016083463e-05,0
RR-14897,4.7761252295650916e-05,0
RR-14898,4.935101451648949e-05,0
RR-14899,7.369868957128581e-05,0
RR-14900,0.0001614082954794122,0
RR-14901,4.79697402954061e-05,0
RR-14902,5.376209104591668e-05,0
RR-14903,4.935491711181331e-05,0
RR-14904,0.012249814448667268,0
RR-14905,6.275840521105182e-05,0
RR-14906,0.00022411766989642698,0
RR-14907,0.8667560937936848,1
RR-14908,0.0002311066904880011,0
RR-14909,0.00012870200954799487,0
RR-14910,3.3885937558779715e-05,0
RR-14911,2.990407117562004e-05,0
RR-14912,4.765100114089428e-05,0
RR-14913,9.697733980797451e-05,0
RR-14914,0.031596651902173055,0
RR-14915,0.0005645753980281342,0
RR-14916,3.967528163092015e-05,0
RR-14917,8.93440729757672e-05,0
RR-14918,7.411816337625583e-05,0
RR-14919,6.308272103130007e-05,0
RR-14920,7.121990325852829e-05,0
RR-14921,9.670841196233951e-05,0
RR-14922,0.00015284556015283208,0
RR-14923,6.724962065638434e-05,0
RR-14924,7.597197680255602e-05,0
RR-14925,0.00010971665416548292,0
RR-14926,0.00017715181142204632,0
RR-14927,0.0006850932827532045,0
RR-14928,5.3803621422493514e-05,0
RR-14929,0.00025534309660803526,0
RR-14930,3.603884864929475e-05,0
RR-14931,0.05042310081721247,0
RR-14932,0.0005220340722192762,0
RR-14933,0.020517871115288373,1
RR-14934,0.0001791030275955841,0
RR-14935,5.684735007356296e-05,0
RR-14936,0.002491020997772825,0
RR-14937,4.010177561678958e-05,0
RR-14938,4.312955024212277e-05,0
RR-14939,5.731873576465558e-05,0
RR-14940,4.54725801865934e-05,0
RR-14941,9.933222431948611e-05,0
RR-14942,4.352350109413978e-05,0
RR-14943,0.02644249855638575,0
RR-14944,4.4069142230414994e-05,0
RR-14945,0.00020634676194633404,0
RR-14946,0.000252475152497958,0
RR-14947,0.0002322617839742321,0
RR-14948,7.756476214458311e-05,0
RR-14949,4.957042017840792e-05,0
RR-14950,0.001691265295723066,0
RR-14951,7.65813347058975e-05,0
RR-14952,8.423088686204566e-05,0
RR-14953,5.5941002718410145e-05,0
RR-14954,6.155931639721305e-05,0
RR-14955,6.0672859731384884e-05,0
RR-14956,7.638076253412768e-05,0
RR-14957,0.00010222700494294644,0
RR-14958,0.00021711559329482325,0
RR-14959,0.0012840720626581612,0
RR-14960,4.190392219653267e-05,0
RR-14961,0.0003192758774454241,0
RR-14962,3.5718699609587045e-05,0
RR-14963,5.887977067765167e-05,0
RR-14964,5.616003846929586e-05,0
RR-14965,0.0001632769302845881,0
RR-14966,5.295974794331864e-05,0
RR-14967,0.0001340963088969299,0
RR-14968,0.08736182494136265,0
RR-14969,8.02751893616518e-05,0
RR-14970,0.00019913278186908047,0
RR-14971,0.00016453387328835048,0
RR-14972,0.00023010432586409256,0
RR-14973,4.2397880702501515e-05,0
RR-14974,4.243464409189527e-05,0
RR-14975,5.838915329790511e-05,0
RR-14976,0.0001666634379853642,0
RR-14977,5.551001858505203e-05,0
RR-14978,0.00022749730932423523,0
RR-14979,0.0002930980379297849,0
RR-14980,4.731264591896818e-05,0
RR-14981,0.00018780835632984058,0
RR-14982,8.813605169558845e-05,0
RR-14983,8.286497978758167e-05,0
RR-14984,0.0006041684147303112,0
RR-14985,4.296175868843604e-05,0
RR-14986,3.654720742663323e-05,0
RR-14987,6.193102633893818e-05,0
RR-14988,3.6670925402350486e-05,0
RR-14989,3.6140243233759526e-05,0
RR-14990,4.170797669343126e-05,0
RR-14991,9.688109201444196e-05,0
RR-14992,6.242232954925409e-05,0
RR-14993,8.05968118069621e-05,0
RR-14994,6.0435241841226746e-05,0
RR-14995,0.0005190727206434171,0
RR-14996,0.9672189525087225,1
RR-14997,0.00026091556143453685,0
RR-14998,2.8684999351595704e-05,0
RR-14999,7.042479000420827e-05,0
RR-15000,5.813208216540998e-05,0
RR-15001,7.021000519775426e-05,0
RR-15002,3.7428098199993196e-05,0
RR-15003,0.00012423930793406548,0
RR-15004,0.00024026919528763273,0
RR-15005,0.00040760980110290414,0
RR-15006,0.00011486597350469395,0
RR-15007,0.0006039230866231092,0
RR-15008,0.00011016968097726923,0
RR-15009,6.081558781388239e-05,0
RR-15010,0.00032809265068283594,0
RR-15011,6.27596399342229e-05,0
RR-15012,0.9264350689203029,1
RR-15013,4.1527567286641745e-05,0
RR-15014,8.638362963768543e-05,0
RR-15015,3.6012535442067434e-05,0
RR-15016,0.00015816424788000407,0
RR-15017,0.00014599222237736588,0
RR-15018,7.619264673030916e-05,0
RR-15019,3.070685277765985e-05,0
RR-15020,4.2637627935354306e-05,0
RR-15021,3.9418502337089014e-05,0
RR-15022,9.09019444419904e-05,0
RR-15023,0.00043882089172256745,0
RR-15024,9.650174073564127e-05,0
RR-15025,7.936529534190806e-05,0
RR-15026,0.00010834908667092628,0
RR-15027,4.411566319693039e-05,0
RR-15028,0.002893178655957212,0
RR-15029,5.630776042134227e-05,0
RR-15030,0.0001556069762616676,0
RR-15031,6.090475801616837e-05,0
RR-15032,3.9964008386382984e-05,0
RR-15033,0.0002500790060769347,0
RR-15034,3.3437963327607664e-05,0
RR-15035,4.958866609189202e-05,0
RR-15036,0.0001453899309735389,0
RR-15037,2.891159135229182e-05,0
RR-15038,0.0001607843673071745,0
RR-15039,5.348859242213822e-05,0
RR-15040,4.468229451164428e-05,0
RR-15041,0.00012397006912522724,0
RR-15042,0.00016140009890119555,0
RR-15043,0.005395391582488146,0
RR-15044,9.976802779973654e-05,0
RR-15045,6.802519473742662e-05,0
RR-15046,0.021887842017872625,0
RR-15047,0.00012656858159155,0
RR-15048,4.705005276535034e-05,0
RR-15049,0.003323967955760976,0
RR-15050,3.8335844588462886e-05,0
RR-15051,0.00030557124483898733,0
RR-15052,7.03577793467878e-05,0
RR-15053,0.0001981408049380352,0
RR-15054,0.00018192471382645053,0
RR-15055,0.00011542598814155552,0
RR-15056,0.000274170733097428,0
RR-15057,7.204963998193004e-05,0
RR-15058,5.792618740459435e-05,0
RR-15059,7.449209220916633e-05,0
RR-15060,0.0002837873177074694,0
RR-15061,0.00039468159828229846,0
RR-15062,0.00019167468925806365,0
RR-15063,8.219021345141226e-05,0
RR-15064,4.787562960800913e-05,0
RR-15065,6.40195657224194e-05,0
RR-15066,6.016735547214149e-05,0
RR-15067,4.024179561358049e-05,0
RR-15068,0.0002648928813309861,0
RR-15069,6.34783015335818e-05,0
RR-15070,0.0001408799204100942,0
RR-15071,3.4526960258663825e-05,0
RR-15072,6.95776423630363e-05,0
RR-15073,7.16321855218404e-05,0
RR-15074,0.00013289860939107013,0
RR-15075,5.608906225920148e-05,0
RR-15076,3.556836091703562e-05,0
RR-15077,0.00011737258871897766,0
RR-15078,0.0005087925416664104,0
RR-15079,4.8372523847766316e-05,0
RR-15080,5.105490685033748e-05,0
RR-15081,4.04851299088995e-05,0
RR-15082,2.9573158313721995e-05,0
RR-15083,4.298996793158981e-05,0
RR-15084,0.0001977479460039496,0
RR-15085,0.00017246132647423285,0
RR-15086,4.429375756764775e-05,0
RR-15087,0.00022913650530606894,0
RR-15088,8.248071839307538e-05,0
RR-15089,2.8393358084271518e-05,0
RR-15090,7.004004310856858e-05,0
RR-15091,4.3514081596374125e-05,0
RR-15092,0.00017633471916503468,0
RR-15093,0.00010626163136601683,0
RR-15094,0.00019588606157716325,0
RR-15095,0.0002365982812065441,0
RR-15096,0.0002656251885234031,0
RR-15097,4.6514766240945404e-05,0
RR-15098,9.050180086725619e-05,0
RR-15099,0.00010892037359554795,0
RR-15100,3.136259518206536e-05,0
RR-15101,5.359547910395335e-05,0
RR-15102,3.717330111539744e-05,0
RR-15103,8.814597048576837e-05,0
RR-15104,0.00016633286557992294,0
RR-15105,8.097963754517273e-05,0
RR-15106,5.166321159117325e-05,0
RR-15107,0.00017146832295363847,0
RR-15108,3.625051258899108e-05,0
RR-15109,0.2958144771996895,1
RR-15110,4.344975818458403e-05,0
RR-15111,4.3265470593053105e-05,0
RR-15112,5.2784361930958424e-05,0
RR-15113,0.00020182829376060854,0
RR-15114,3.22415049228357e-05,0
RR-15115,2.8192403806063556e-05,0
RR-15116,3.6604794894926815e-05,0
RR-15117,5.7717996289113623e-05,0
RR-15118,6.607045024946951e-05,0
RR-15119,6.860841897523111e-05,0
RR-15120,3.884200677723837e-05,0
RR-15121,0.00010670761793486417,0
RR-15122,0.00021578671716558764,0
RR-15123,7.610373454773245e-05,0
RR-15124,3.7913333875215e-05,0
RR-15125,2.5732825442915036e-05,0
RR-15126,9.664500533915272e-05,0
RR-15127,2.9524058677847026e-05,0
RR-15128,5.8728566321852285e-05,0
RR-15129,4.2823307885761455e-05,0
RR-15130,2.728096211637588e-05,0
RR-15131,7.563613796352589e-05,0
RR-15132,3.875362623135275e-05,0
RR-15133,5.564017486776367e-05,0
RR-15134,0.00014360239041472222,0
RR-15135,6.250192357480526e-05,0
RR-15136,6.317859646967584e-05,0
RR-15137,4.564768613022886e-05,0
RR-15138,6.393326013520493e-05,0
RR-15139,0.00010013814685264536,0
RR-15140,0.00015281283772980436,0
RR-15141,3.403349525505646e-05,0
RR-15142,5.320090303469861e-05,0
RR-15143,0.00010116244553834094,0
RR-15144,0.00014517960678011538,0
RR-15145,4.3353582711930726e-05,0
RR-15146,3.5656183144178024e-05,0
RR-15147,0.0003803663559847796,0
RR-15148,3.943502519468777e-05,0
RR-15149,0.00022170579177426791,0
RR-15150,0.0005806162833722267,0
RR-15151,6.920178113121256e-05,0
RR-15152,2.704091278075092e-05,0
RR-15153,0.0004986156318407864,0
RR-15154,0.0006576123680469553,0
RR-15155,0.0002290092162386682,0
RR-15156,0.5777633875571808,1
RR-15157,8.383538535719244e-05,0
RR-15158,0.000306880834507848,0
RR-15159,0.00010210021099557126,0
RR-15160,4.8945095298595356e-05,0
RR-15161,0.0001412513386723904,0
RR-15162,0.0002707817690463657,0
RR-15163,0.0026336929467075726,0
RR-15164,3.518179431800149e-05,0
RR-15165,0.00012100677831857558,0
RR-15166,0.00012077892827844291,0
RR-15167,0.0002900090466927341,0
RR-15168,4.790654375147753e-05,0
RR-15169,0.000577983561924565,0
RR-15170,7.573183409442734e-05,0
RR-15171,4.492992606750635e-05,0
RR-15172,4.523184448745885e-05,0
RR-15173,0.03277795537038247,0
RR-15174,0.000293228107966631,0
RR-15175,0.00015923866475263257,0
RR-15176,6.009807840116802e-05,0
RR-15177,0.00017287814698439995,0
RR-15178,0.0003578787615367648,0
RR-15179,0.00020391117163550912,0
RR-15180,4.983989562181892e-05,0
RR-15181,3.362968029163597e-05,0
RR-15182,7.702797112999644e-05,0
RR-15183,0.0004579903771205034,0
RR-15184,7.444209863040445e-05,0
RR-15185,0.0009859250255256356,0
RR-15186,0.0003457339755519261,0
RR-15187,0.00013437633730272876,0
RR-15188,0.000399861403100529,0
RR-15189,9.354842571581857e-05,0
RR-15190,0.00022590490435224971,0
RR-15191,7.155727719717733e-05,0
RR-15192,7.442436833387691e-05,0
RR-15193,4.190961753285611e-05,0
RR-15194,0.00019641207384099297,0
RR-15195,0.0004683286121541756,0
RR-15196,0.7379225691108403,1
RR-15197,0.0001709511529701512,0
RR-15198,0.0004565988083381086,0
RR-15199,0.00010897421168705256,0
RR-15200,0.00012080447812185178,0
RR-15201,5.424436188214114e-05,0
RR-15202,0.9419666351486029,1
RR-15203,0.00043099792020446484,0
RR-15204,7.894194485894408e-05,0
RR-15205,0.00022898082842190642,0
RR-15206,0.00017492193794144806,0
RR-15207,0.0011007773604226735,0
RR-15208,3.1459162207105635e-05,0
RR-15209,6.148972565973675e-05,0
RR-15210,3.859212671337664e-05,0
RR-15211,4.504807087857665e-05,0
RR-15212,7.028596521676336e-05,0
RR-15213,7.621337663880491e-05,0
RR-15214,5.904830263650688e-05,0
RR-15215,5.7538725189988684e-05,0
RR-15216,0.0034928024223834027,0
RR-15217,0.0001575857832638108,0
RR-15218,4.137047664133507e-05,0
RR-15219,0.00010232566402170457,0
RR-15220,8.603395908975313e-05,0
RR-15221,4.2673226307202554e-05,0
RR-15222,3.146052594279637e-05,0
RR-15223,6.365607423643751e-05,0
RR-15224,3.924023068835837e-05,0
RR-15225,6.508577846405776e-05,0
RR-15226,5.0679090833101105e-05,0
RR-15227,0.0002965400983094825,0
RR-15228,6.4563683962801e-05,0
RR-15229,0.011260715466734492,0
RR-15230,4.6417455400357425e-05,0
RR-15231,0.0001502785570980159,0
RR-15232,0.0034419754978664615,0
RR-15233,3.9107107370725216e-05,0
RR-15234,0.0006257315429050444,0
RR-15235,8.626319506001656e-05,0
RR-15236,3.527070149889623e-05,0
RR-15237,0.00014506363345266233,0
RR-15238,9.921857995294486e-05,0
RR-15239,0.3191585707787424,0
RR-15240,0.00044017381912513846,0
RR-15241,0.0004633572804965379,0
RR-15242,0.6238144090178223,1
RR-15243,8.130756719947689e-05,0
RR-15244,0.0003216905053089534,0
RR-15245,0.0002394289121672642,0
RR-15246,0.00012359471414927236,0
RR-15247,0.0002561943712898611,0
RR-15248,8.420685733338077e-05,0
RR-15249,6.024706304389096e-05,0
RR-15250,6.59166798819358e-05,0
RR-15251,5.807402162301188e-05,0
RR-15252,6.0249652281752685e-05,0
RR-15253,0.003539289583790528,0
RR-15254,3.666907900108226e-05,0
RR-15255,0.00038788939762021495,0
RR-15256,5.044942852849632e-05,0
RR-15257,0.00029908273348365803,0
RR-15258,5.435140072981303e-05,0
RR-15259,0.0009621154444632758,0
RR-15260,0.00010399463891822184,0
RR-15261,0.00011909237291191126,0
RR-15262,0.0058504011159532235,0
RR-15263,6.456144878356898e-05,0
RR-15264,9.214627349537142e-05,0
RR-15265,6.234629410982126e-05,0
RR-15266,7.197867454046187e-05,0
RR-15267,0.01575120857712448,0
RR-15268,0.00011513601678025029,0
RR-15269,7.854840510356065e-05,0
RR-15270,5.009350833920465e-05,0
RR-15271,0.0005593413415497404,0
RR-15272,0.00011841838389154727,0
RR-15273,4.97940542181972e-05,0
RR-15274,0.00016992110218342658,0
RR-15275,0.0011751474695338455,0
RR-15276,3.464593975954226e-05,0
RR-15277,0.00012019087427910769,0
RR-15278,6.283834222737461e-05,0
RR-15279,0.00014098238007264542,0
RR-15280,0.00016433800164556453,0
RR-15281,4.1623451167431415e-05,0
RR-15282,5.3375286268104805e-05,0
RR-15283,7.484115090448957e-05,0
RR-15284,4.155768321327251e-05,0
RR-15285,0.00026355164676967574,0
RR-15286,0.00010875477925061454,0
RR-15287,6.82648610416471e-05,0
RR-15288,4.432970232081466e-05,0
RR-15289,0.0004628433294973002,0
RR-15290,0.0013422703241439892,0
RR-15291,9.76758395706439e-05,0
RR-15292,5.862457759473583e-05,0
RR-15293,7.634476498783476e-05,0
RR-15294,0.00011841169983378908,0
RR-15295,0.00017591728494502885,0
RR-15296,0.000266037279364021,0
RR-15297,0.00020771502633045154,0
RR-15298,0.00013025948488788757,0
RR-15299,0.9961760904365657,1
RR-15300,0.00012847053856165452,0
RR-15301,8.031856418313062e-05,0
RR-15302,5.512517385322773e-05,0
RR-15303,7.016876525438667e-05,0
RR-15304,5.9671539663851386e-05,0
RR-15305,0.00044747439168067976,0
RR-15306,6.38951453126992e-05,0
RR-15307,8.986066975213546e-05,0
RR-15308,0.00010839960269675014,0
RR-15309,0.000192747550480804,0
RR-15310,0.00013318909424768824,0
RR-15311,0.0073794761223115015,0
RR-15312,3.227568832142521e-05,0
RR-15313,0.0001271899351204912,0
RR-15314,6.409327104623997e-05,0
RR-15315,0.0012671470342328658,0
RR-15316,0.00012111688026733642,0
RR-15317,5.6922160674142314e-05,0
RR-15318,0.0001665265357370757,0
RR-15319,0.0001206892090866611,0
RR-15320,0.0029209414992339027,0
RR-15321,0.00010539275139412705,0
RR-15322,7.075815630647472e-05,0
RR-15323,5.246347822125038e-05,0
RR-15324,7.744709427356867e-05,0
RR-15325,0.002955636555234866,0
RR-15326,6.950960587426082e-05,0
RR-15327,5.988359822585185e-05,0
RR-15328,0.0001098189331875829,0
RR-15329,4.1147641388345034e-05,0
RR-15330,5.273339320466917e-05,0
RR-15331,0.00012037101910475825,0
RR-15332,6.30465240256331e-05,0
RR-15333,0.00015042324398420692,0
RR-15334,0.0006505799382021127,0
RR-15335,6.195459828113764e-05,0
RR-15336,0.018107525289977725,0
RR-15337,0.000173690541599381,0
RR-15338,9.255772874178784e-05,0
RR-15339,0.0002981107526015672,0
RR-15340,7.238258280947437e-05,0
RR-15341,0.00011594331153570644,0
RR-15342,0.5897022776118729,0
RR-15343,5.714936680699073e-05,0
RR-15344,0.0015592470353181325,0
RR-15345,0.00020098529472365638,0
RR-15346,6.505266057725064e-05,0
RR-15347,9.587098081859555e-05,0
RR-15348,4.600263606288942e-05,0
RR-15349,5.5022530825967874e-05,0
RR-15350,8.045938302935874e-05,0
RR-15351,2.9607702116086828e-05,0
RR-15352,6.284436909264926e-05,0
RR-15353,5.4759203863417516e-05,0
RR-15354,7.924821400136221e-05,0
RR-15355,4.0021559504969945e-05,0
RR-15356,0.00011254573314259554,0
RR-15357,5.1240188216806186e-05,0
RR-15358,4.718468796453691e-05,0
RR-15359,0.000101547183892099,0
RR-15360,0.003046966701627787,0
RR-15361,6.353533317949594e-05,0
RR-15362,0.00010530355438353688,0
RR-15363,6.59909944493543e-05,0
RR-15364,5.776507204169232e-05,0
RR-15365,0.002455482670025302,0
RR-15366,0.00021871026683314404,0
RR-15367,5.03500387868471e-05,0
RR-15368,0.00020777694308930986,0
RR-15369,8.541492550353104e-05,0
RR-15370,0.004587658061041429,0
RR-15371,0.0006860112921058416,0
RR-15372,3.75290801752147e-05,0
RR-15373,0.00011845491962252382,0
RR-15374,6.354019382911722e-05,0
RR-15375,0.00042011976738578387,0
RR-15376,5.4225287488031465e-05,0
RR-15377,0.024705642460612548,0
RR-15378,0.0008111026433853386,0
RR-15379,4.118550596220826e-05,0
RR-15380,7.386522653400141e-05,0
RR-15381,5.648400919182377e-05,0
RR-15382,0.0005895066200368758,0
RR-15383,8.81500603555259e-05,0
RR-15384,8.034535413509902e-05,0
RR-15385,5.624019757679102e-05,0
RR-15386,0.00014393710400580523,0
RR-15387,9.659336805633079e-05,0
RR-15388,2.7061702290625835e-05,0
RR-15389,0.00014199667939354224,0
RR-15390,0.011735010067187562,0
RR-15391,0.00012178286856826283,0
RR-15392,0.00011984796591760734,0
RR-15393,0.00011530003420421728,0
RR-15394,0.0001827581420786763,0
RR-15395,4.225218334192687e-05,0
RR-15396,9.27661368117055e-05,0
RR-15397,0.001192416843261694,0
RR-15398,0.00014592513454551233,0
RR-15399,3.504146995248684e-05,0
RR-15400,0.0005053998599851079,0
RR-15401,4.673176685918081e-05,0
RR-15402,0.000460999506118941,0
RR-15403,0.00018561979309502172,0
RR-15404,5.231890303515799e-05,0
RR-15405,0.000256053168088886,0
RR-15406,0.00013445053864361467,0
RR-15407,4.9507513897675186e-05,0
RR-15408,3.653213911564815e-05,0
RR-15409,0.00019467372457607863,0
RR-15410,5.2598064223545997e-05,0
RR-15411,3.912913992276942e-05,0
RR-15412,0.00016250856362750408,0
RR-15413,0.0011753315724692098,0
RR-15414,5.9853966082767364e-05,0
RR-15415,0.002060614257517561,0
RR-15416,6.096443123227191e-05,0
RR-15417,0.9861551730507289,1
RR-15418,0.00023336502030003132,0
RR-15419,5.1563056338327606e-05,0
RR-15420,4.051783033595251e-05,0
RR-15421,0.993129025263603,1
RR-15422,3.533497637399825e-05,0
RR-15423,0.00010019570073374715,0
RR-15424,0.0006096689577138603,0
RR-15425,7.615323023286203e-05,0
RR-15426,5.4508187024767764e-05,0
RR-15427,0.00012777548327964368,0
RR-15428,0.00013505420321725646,0
RR-15429,0.0026376322115114013,0
RR-15430,0.00039708226118887564,0
RR-15431,5.7635904973777115e-05,0
RR-15432,3.54249337038024e-05,0
RR-15433,7.972410197216465e-05,0
RR-15434,0.00020720295926833845,0
RR-15435,3.272459824580318e-05,0
RR-15436,5.440088485655471e-05,0
RR-15437,3.513199929540055e-05,0
RR-15438,0.0003554785303931843,0
RR-15439,7.834589940329947e-05,0
RR-15440,5.9056442650131066e-05,0
RR-15441,5.5815726885325e-05,0
RR-15442,8.237716965670599e-05,0
RR-15443,3.0568399184267384e-05,0
RR-15444,0.0001599822854149818,0
RR-15445,0.00030378957513626945,0
RR-15446,2.6665063196046608e-05,0
RR-15447,3.546719770151703e-05,0
RR-15448,7.862983506471481e-05,0
RR-15449,7.987333271883538e-05,0
RR-15450,0.00014772093097191076,0
RR-15451,3.927391952496146e-05,0
RR-15452,0.00202549632943269,0
RR-15453,7.64660885245253e-05,0
RR-15454,9.800828975536707e-05,0
RR-15455,4.359980962650903e-05,0
RR-15456,0.00018536521391517103,0
RR-15457,6.460776796985744e-05,0
RR-15458,0.0004655020283552498,0
RR-15459,0.0015351357696763031,0
RR-15460,0.0002676023933294833,0
RR-15461,3.4486185075518836e-05,0
RR-15462,3.559739864048366e-05,0
RR-15463,0.0013239931987497604,0
RR-15464,0.00016489789330262103,0
RR-15465,0.01321842951017502,0
RR-15466,4.698490463579781e-05,0
RR-15467,0.0004508613330524289,0
RR-15468,9.628337917093536e-05,0
RR-15469,5.997864400881867e-05,0
RR-15470,3.3510924437908455e-05,0
RR-15471,0.025241831079849515,0
RR-15472,0.024070260638885732,0
RR-15473,5.775095811112364e-05,0
RR-15474,4.904779760516091e-05,0
RR-15475,8.308013792013393e-05,0
RR-15476,0.0003914684013718886,0
RR-15477,0.0008491463004977161,0
RR-15478,9.064200972136232e-05,0
RR-15479,0.0003294367156668525,0
RR-15480,5.0498166653151135e-05,0
RR-15481,4.139782307912627e-05,0
RR-15482,0.00030776616641518996,0
RR-15483,0.0004139710639709783,0
RR-15484,2.8322694848953672e-05,0
RR-15485,0.0003523202573051246,0
RR-15486,4.5922162139159e-05,0
RR-15487,0.00018619538949041402,0
RR-15488,0.0002845528771879117,0
RR-15489,0.0007036841469583884,0
RR-15490,0.00022318219442893643,0
RR-15491,0.00014997208548538847,0
RR-15492,0.00019808448415238058,0
RR-15493,6.985808309359118e-05,0
RR-15494,5.1815499152945544e-05,0
RR-15495,0.00013365045611374565,0
RR-15496,0.00010668698952073505,0
RR-15497,0.00023995807662637527,0
RR-15498,0.00017486479250830434,0
RR-15499,3.869793195638965e-05,0
RR-15500,0.0005281678697588416,0
RR-15501,0.00032606653621675716,0
RR-15502,0.00034977089846905356,0
RR-15503,0.0040460972703756475,0
RR-15504,0.00032498249529399004,0
RR-15505,4.297780987787718e-05,0
RR-15506,4.116679582031766e-05,0
RR-15507,0.00015737817244778233,0
RR-15508,3.532035372795008e-05,0
RR-15509,6.669726993653522e-05,0
RR-15510,5.31609637623471e-05,0
RR-15511,6.945269289257139e-05,0
RR-15512,0.0040999289954711795,0
RR-15513,0.00011154457270324233,0
RR-15514,0.00019743385017662453,0
RR-15515,7.664725354818463e-05,0
RR-15516,0.004105592434506429,0
RR-15517,0.0003162696334074388,0
RR-15518,0.00011222027087980573,0
RR-15519,9.87967946303451e-05,0
RR-15520,0.00047416655567026413,0
RR-15521,7.53796180704835e-05,0
RR-15522,3.3886949269430206e-05,0
RR-15523,5.547985447003333e-05,0
RR-15524,4.9437349208444314e-05,0
RR-15525,0.00034569178464552934,0
RR-15526,0.0001298872769316985,0
RR-15527,5.752529374903152e-05,0
RR-15528,3.452597288748952e-05,0
RR-15529,9.524427225159049e-05,0
RR-15530,7.495146568918198e-05,0
RR-15531,7.001606613944329e-05,0
RR-15532,8.76699557869168e-05,0
RR-15533,9.041360479194128e-05,0
RR-15534,0.00017076101548393208,0
RR-15535,0.00010846384861067303,0
RR-15536,3.775367455006953e-05,0
RR-15537,8.044261542652125e-05,0
RR-15538,3.497245803457463e-05,0
RR-15539,4.472816630413995e-05,0
RR-15540,0.0009779912902520844,0
RR-15541,4.0323859482654555e-05,0
RR-15542,0.00011077684708917768,0
RR-15543,0.0001031605511122847,0
RR-15544,0.00023809958400538198,0
RR-15545,7.060197104906204e-05,0
RR-15546,4.28127662130558e-05,0
RR-15547,2.5081570835148308e-05,0
RR-15548,0.00022502960089829146,0
RR-15549,0.0002217531772237052,0
RR-15550,3.8994998316357187e-05,0
RR-15551,7.235701359523092e-05,0
RR-15552,3.1068234658079244e-05,0
RR-15553,0.014978933354966516,0
RR-15554,0.000687096908225308,0
RR-15555,5.062564682350819e-05,0
RR-15556,4.0030516616084426e-05,0
RR-15557,0.00011042788970815294,0
RR-15558,0.00015272069151071443,0
RR-15559,6.088135419560824e-05,0
RR-15560,2.8831743322779955e-05,0
RR-15561,0.004636945186527641,0
RR-15562,0.00020975133745090776,0
RR-15563,6.113983054252554e-05,0
RR-15564,0.010557125878481238,0
RR-15565,9.472112601803951e-05,0
RR-15566,3.4500632551153924e-05,0
RR-15567,0.012344076053560535,0
RR-15568,9.100547462684443e-05,0
RR-15569,0.0009756990625535523,0
RR-15570,6.336279820783674e-05,0
RR-15571,0.00017177379985597798,0
RR-15572,5.424375875862777e-05,0
RR-15573,2.6430116322473412e-05,0
RR-15574,0.00017733149406835987,0
RR-15575,2.5081570835148308e-05,0
RR-15576,5.631082841336845e-05,0
RR-15577,3.5244914130996644e-05,0
RR-15578,7.731469136214624e-05,0
RR-15579,0.0001605751669220377,0
RR-15580,0.00408769453886253,0
RR-15581,0.00034541964176280107,0
RR-15582,3.683890521373159e-05,0
RR-15583,3.697420046713763e-05,0
RR-15584,5.5331934350986144e-05,0
RR-15585,9.591668447095617e-05,0
RR-15586,0.00013158932872636678,0
RR-15587,0.0022761516995449984,0
RR-15588,0.0002599739897819827,0
RR-15589,0.00013938026052652563,0
RR-15590,3.0835335229693355e-05,0
RR-15591,7.025370006303476e-05,0
RR-15592,0.0006701066981116448,0
RR-15593,0.0001676498878479738,0
RR-15594,0.0005054036690776934,0
RR-15595,0.00034644954760959556,0
RR-15596,0.0035950686793813297,0
RR-15597,6.974376481650601e-05,0
RR-15598,8.85467375204083e-05,0
RR-15599,3.824851157703833e-05,0
RR-15600,7.73511451366586e-05,0
RR-15601,8.404000074868687e-05,0
RR-15602,0.00010035321911859579,0
RR-15603,0.0001398986439364775,0
RR-15604,5.156265810123704e-05,0
RR-15605,0.00011848849331590327,0
RR-15606,0.0025798962853036734,1
RR-15607,0.00010432141073527269,0
RR-15608,0.02752929964129901,0
RR-15609,0.0001238170376242918,0
RR-15610,3.996190462279508e-05,0
RR-15611,0.0002798570462731801,0
RR-15612,4.907748729272725e-05,0
RR-15613,0.00039491040529715483,0
RR-15614,0.001122275878941491,0
RR-15615,5.692797126596754e-05,0
RR-15616,9.264891174946362e-05,0
RR-15617,6.12711855318485e-05,0
RR-15618,3.6760128729933445e-05,0
RR-15619,0.000180324975423477,0
RR-15620,5.098290612747573e-05,0
RR-15621,4.0032968404803605e-05,0
RR-15622,0.2628634655037489,0
RR-15623,5.093482027891073e-05,0
RR-15624,8.57449573610187e-05,0
RR-15625,5.365158380171849e-05,0
RR-15626,0.0002642614019813657,0
RR-15627,8.75837135850917e-05,0
RR-15628,5.6024010619568685e-05,0
RR-15629,2.9366872365904283e-05,0
RR-15630,5.0493163431245316e-05,0
RR-15631,0.00014807612156344233,0
RR-15632,0.000123611751165014,0
RR-15633,0.00015818076092419112,0
RR-15634,3.4585152473722824e-05,0
RR-15635,3.889777319359602e-05,0
RR-15636,0.0001273267518158194,0
RR-15637,6.160025055382044e-05,0
RR-15638,0.0002730366034474337,0
RR-15639,3.4506998081166364e-05,0
RR-15640,3.6895188023602505e-05,0
RR-15641,0.00024184140756746818,0
RR-15642,3.597693975460445e-05,0
RR-15643,3.7765044409411365e-05,0
RR-15644,3.6306927467541624e-05,0
RR-15645,5.009969908820056e-05,0
RR-15646,0.0001498194505770208,0
RR-15647,0.00017151622809978928,0
RR-15648,3.605157567010647e-05,0
RR-15649,7.682404708490234e-05,0
RR-15650,8.73386507399752e-05,0
RR-15651,8.259801889255229e-05,0
RR-15652,0.02963114518308294,0
RR-15653,0.00010581709846724246,0
RR-15654,7.791396935613364e-05,0
RR-15655,0.0002158169430219498,0
RR-15656,2.934263845164319e-05,0
RR-15657,4.983683194589834e-05,0
RR-15658,4.455843591981913e-05,0
RR-15659,9.627445730325281e-05,0
RR-15660,7.719541279342936e-05,0
RR-15661,4.9684085675630673e-05,0
RR-15662,0.000130701515690208,0
RR-15663,6.877039644161301e-05,0
RR-15664,5.247049027081076e-05,0
RR-15665,4.8782935937253346e-05,0
RR-15666,4.381132696807647e-05,0
RR-15667,0.0001333661865726333,0
RR-15668,0.00039068231809315853,0
RR-15669,6.318053322676346e-05,0
RR-15670,8.418401396062409e-05,0
RR-15671,9.578522242940477e-05,0
RR-15672,4.885030525621373e-05,0
RR-15673,0.02203900536335305,0
RR-15674,0.0001670462241977826,0
RR-15675,3.9108016388841075e-05,0
RR-15676,7.179829519522335e-05,0
RR-15677,6.089100547234884e-05,0
RR-15678,0.04691661577317032,0
RR-15679,0.0002291315381840529,0
RR-15680,0.00010001265848788331,0
RR-15681,0.00655452427061128,0
RR-15682,4.21893062294508e-05,0
RR-15683,7.090349527550844e-05,0
RR-15684,0.0006035504562483519,0
RR-15685,6.644497633744274e-05,0
RR-15686,0.00013091563276117148,0
RR-15687,0.00016726486986588318,0
RR-15688,0.002459508656482207,0
RR-15689,0.00012507486892687262,0
RR-15690,6.206534419642868e-05,0
RR-15691,4.28902515693854e-05,0
RR-15692,2.8829165487127746e-05,0
RR-15693,0.00023633408444150293,0
RR-15694,4.8209392115716957e-05,0
RR-15695,5.3144551526851625e-05,0
RR-15696,3.846495683612312e-05,0
RR-15697,0.00012731884971319156,0
RR-15698,0.00025254452827890483,0
RR-15699,8.762158906611742e-05,0
RR-15700,8.642785592856447e-05,0
RR-15701,0.00014279368096869284,0
RR-15702,6.921155440361294e-05,0
RR-15703,8.384895712318915e-05,0
RR-15704,9.894224657917082e-05,0
RR-15705,6.83524304839319e-05,0
RR-15706,3.9714594199612426e-05,0
RR-15707,4.8909610538617407e-05,0
RR-15708,0.0012522139098038406,0
RR-15709,0.0003321103318427622,0
RR-15710,9.69726407173375e-05,0
RR-15711,7.211464052991246e-05,0
RR-15712,0.8867733184291172,1
RR-15713,0.00011314950609600875,0
RR-15714,0.00019076822750267828,0
RR-15715,0.003434359086524994,0
RR-15716,0.00014932655030764166,0
RR-15717,4.0405555558041936e-05,0
RR-15718,3.566610103470862e-05,0
RR-15719,0.00010044548112459952,0
RR-15720,3.3288709208405575e-05,0
RR-15721,4.263133733488163e-05,0
RR-15722,6.45719662930001e-05,0
RR-15723,7.439638411900564e-05,0
RR-15724,0.00010615424025334578,0
RR-15725,0.0002637525917381709,0
RR-15726,0.0001746302106770388,0
RR-15727,3.1421614610043194e-05,0
RR-15728,8.435577575264931e-05,0
RR-15729,3.767615921746329e-05,0
RR-15730,6.973478577203435e-05,0
RR-15731,0.0002188219176338321,0
RR-15732,3.1572366155311165e-05,0
RR-15733,3.293928542782854e-05,0
RR-15734,3.795731104965416e-05,0
RR-15735,4.4863615901334335e-05,0
RR-15736,0.00019799487547228506,0
RR-15737,0.95038996683575,1
RR-15738,3.0105410581867005e-05,0
RR-15739,0.0002978685993585738,0
RR-15740,0.000300886450843307,0
RR-15741,8.42822260127064e-05,0
RR-15742,0.0001544498875551006,0
RR-15743,0.0009568042910895432,0
RR-15744,5.135418263074074e-05,0
RR-15745,6.0995904067996065e-05,0
RR-15746,0.0027808955680153247,0
RR-15747,2.8901958825999297e-05,0
RR-15748,0.013032867409070246,0
RR-15749,7.482709971593628e-05,0
RR-15750,5.6128600845966705e-05,0
RR-15751,3.909968308839739e-05,0
RR-15752,0.02299603084596956,0
RR-15753,7.015567409437511e-05,0
RR-15754,0.00030847508485742594,0
RR-15755,0.01575120857712448,0
RR-15756,0.0014592246579426768,0
RR-15757,3.659432274548887e-05,0
RR-15758,4.301288822354164e-05,0
RR-15759,4.0491036811458154e-05,0
RR-15760,4.403240483227128e-05,0
RR-15761,0.00011550769195497313,0
RR-15762,5.179174019116995e-05,0
RR-15763,6.160284336797947e-05,0
RR-15764,0.0001815900784345573,0
RR-15765,0.00010672098276284828,0
RR-15766,0.00016699754778130583,0
RR-15767,2.9598660298658673e-05,0
RR-15768,0.00021729575067749057,0
RR-15769,5.145573514071055e-05,0
RR-15770,4.0719180272233353e-05,0
RR-15771,6.93918681748209e-05,0
RR-15772,0.00015446885750948472,0
RR-15773,4.000095978402322e-05,0
RR-15774,5.929386277281911e-05,0
RR-15775,0.01748842861618027,0
RR-15776,0.00010457528518636941,0
RR-15777,0.00021081930600294656,0
RR-15778,5.110033981052497e-05,0
RR-15779,8.715411421603023e-05,0
RR-15780,0.00029803021027154027,0
RR-15781,4.695230831168345e-05,0
RR-15782,0.0007763686837031076,0
RR-15783,0.0005454054232569506,0
RR-15784,0.9826199206194183,1
RR-15785,4.975751205756481e-05,0
RR-15786,9.658095605248521e-05,0
RR-15787,0.00011622790005791879,0
RR-15788,7.85706674267781e-05,0
RR-15789,9.120861347546976e-05,0
RR-15790,0.00016434930818271475,0
RR-15791,0.00036335080168050716,0
RR-15792,0.014249809257898786,0
RR-15793,2.7730652820438404e-05,0
RR-15794,7.890507020591953e-05,0
RR-15795,0.00023409286772074108,0
RR-15796,6.0884015333835976e-05,0
RR-15797,0.0006756308847859197,0
RR-15798,0.00011047395040192186,0
RR-15799,0.0002825341521639408,0
RR-15800,0.9418853216406113,1
RR-15801,0.000481903857439257,0
RR-15802,8.496312105411627e-05,0
RR-15803,0.00014451915272276292,0
RR-15804,0.00010604571641237721,0
RR-15805,5.9171108253081093e-05,0
RR-15806,4.654743004341763e-05,0
RR-15807,6.218754119223754e-05,0
RR-15808,0.003868152639424719,0
RR-15809,3.185444820379378e-05,0
RR-15810,0.00010699763663731407,0
RR-15811,6.0653162938800754e-05,0
RR-15812,9.503987957013062e-05,0
RR-15813,2.6734652135433266e-05,0
RR-15814,0.0004786067115601573,0
RR-15815,9.606996142705276e-05,0
RR-15816,6.0044581661856474e-05,0
RR-15817,4.6635391574914126e-05,0
RR-15818,3.439736999099574e-05,0
RR-15819,0.00013191297722178072,0
RR-15820,9.880712543807484e-05,0
RR-15821,0.00017903971439430573,0
RR-15822,6.469258727454849e-05,0
RR-15823,0.00025534309660803526,0
RR-15824,0.00019870947440382198,0
RR-15825,5.810136093021889e-05,0
RR-15826,5.0999495011691526e-05,0
RR-15827,0.004094320365083261,0
RR-15828,0.0001338773315425793,0
RR-15829,0.00011347657860467112,0
RR-15830,0.0002515211236050084,0
RR-15831,9.109937927567176e-05,0
RR-15832,0.0004708969004272953,0
RR-15833,0.00010027053486555572,0
RR-15834,6.530164892408011e-05,0
RR-15835,7.15340499103569e-05,0
RR-15836,3.2934923314151826e-05,0
RR-15837,3.7502285504204494e-05,0
RR-15838,9.009851486908522e-05,0
RR-15839,9.992344947503702e-05,0
RR-15840,0.0001870140133883564,0
RR-15841,3.271296988226071e-05,0
RR-15842,7.480953800625285e-05,0
RR-15843,0.0590024322317374,0
RR-15844,2.883414175684544e-05,0
RR-15845,6.171884175189184e-05,0
RR-15846,0.0002421468964946214,0
RR-15847,0.00011921638499789526,0
RR-15848,0.00013526201937493992,0
RR-15849,9.818528707091154e-05,0
RR-15850,5.1751663592348185e-05,0
RR-15851,0.0023882615807092103,0
RR-15852,0.00026321082080032874,0
RR-15853,8.412572555006568e-05,0
RR-15854,0.00010559922507241664,0
RR-15855,0.0002877062211627457,0
RR-15856,0.00016557775943411561,0
RR-15857,0.0007412430408830618,0
RR-15858,4.52373938847033e-05,0
RR-15859,4.6514766240945404e-05,0
RR-15860,6.830816415365468e-05,0
RR-15861,0.0005286127166068209,0
RR-15862,9.54475214769211e-05,0
RR-15863,9.881402287157357e-05,0
RR-15864,0.00011131566842786255,0
RR-15865,0.00024618673498919496,0
RR-15866,0.0010149665628412022,0
RR-15867,4.554210666725368e-05,0
RR-15868,0.0006096689577138603,0
RR-15869,0.00011200467843649129,0
RR-15870,4.731028185844223e-05,0
RR-15871,0.001635854004840053,0
RR-15872,0.00018121797967600876,0
RR-15873,4.702658979252176e-05,0
RR-15874,0.00029789164887658327,0
RR-15875,0.00012792137930866268,0
RR-15876,3.8101215563857935e-05,0
RR-15877,4.109334292961617e-05,0
RR-15878,6.095133128397785e-05,0
RR-15879,7.783999308689444e-05,0
RR-15880,0.0009212313676121303,0
RR-15881,0.30464777636782725,0
RR-15882,8.264242386783107e-05,0
RR-15883,0.0006540293414438128,0
RR-15884,6.308171574714858e-05,0
RR-15885,6.030308519665767e-05,0
RR-15886,5.624019757679102e-05,0
RR-15887,0.10472450707822588,0
RR-15888,0.00013136628766629113,0
RR-15889,0.00010378961003260746,0
RR-15890,0.00011769825393106802,0
RR-15891,7.278622893867918e-05,0
RR-15892,6.63320692839863e-05,0
RR-15893,4.380022091045803e-05,0
RR-15894,5.107571633604535e-05,0
RR-15895,3.9133477527882294e-05,0
RR-15896,0.00045965544847077067,0
RR-15897,9.125657752287438e-05,0
RR-15898,0.0001776429823554666,0
RR-15899,0.000165439561617994,0
RR-15900,0.00017155903964512039,0
RR-15901,4.581159792646821e-05,0
RR-15902,5.680251111861808e-05,0
RR-15903,5.5456075042893034e-05,0
RR-15904,0.0012635232798884593,0
RR-15905,0.00016799285565347134,0
RR-15906,8.545813871312235e-05,0
RR-15907,7.748710603515366e-05,0
RR-15908,3.0251961616861455e-05,0
RR-15909,0.00011131453596919756,0
RR-15910,4.097742139012547e-05,0
RR-15911,7.729447794648047e-05,0
RR-15912,4.453395585613345e-05,0
RR-15913,6.415550100210707e-05,0
RR-15914,3.3896285345611135e-05,0
RR-15915,0.0004223877900712162,0
RR-15916,4.34875477735292e-05,0
RR-15917,4.386032335463536e-05,0
RR-15918,0.00023259296735089418,0
RR-15919,5.360512937770692e-05,0
RR-15920,0.0001679397703340692,0
RR-15921,7.40767919496483e-05,0
RR-15922,7.338444798120691e-05,0
RR-15923,2.871193774506418e-05,0
RR-15924,8.341300259204776e-05,0
RR-15925,4.8419216047539415e-05,0
RR-15926,0.0003118987924382583,0
RR-15927,0.003737358450552127,0
RR-15928,3.931132463197113e-05,0
RR-15929,0.0005142347199687061,0
RR-15930,4.322880052661546e-05,0
RR-15931,0.00011815075814478217,0
RR-15932,0.00013428656609114052,0
RR-15933,0.00012542193107590937,0
RR-15934,0.0009836223938462002,0
RR-15935,0.00017532848114854753,0
RR-15936,3.7761171289902265e-05,0
RR-15937,4.572000856678469e-05,0
RR-15938,0.0008651269414458199,0
RR-15939,0.00011016826141540101,0
RR-15940,8.959749878609315e-05,0
RR-15941,3.95366269632711e-05,0
RR-15942,0.00016245444536776778,0
RR-15943,0.00022714832129800455,0
RR-15944,0.00015269128455425287,0
RR-15945,6.688686633694725e-05,0
RR-15946,0.0002664337493868535,0
RR-15947,0.000236995611772268,0
RR-15948,0.0004786067115601573,0
RR-15949,0.00010932682085790409,0
RR-15950,7.655984258980869e-05,0
RR-15951,4.099975172888143e-05,0
RR-15952,4.8976000042675194e-05,0
RR-15953,0.0001845175985423046,0
RR-15954,7.97499030345482e-05,0
RR-15955,4.049277551932284e-05,0
RR-15956,0.8532812564407486,1
RR-15957,0.00030819361504676646,0
RR-15958,8.208606983121377e-05,0
RR-15959,0.00011811968797717596,0
RR-15960,7.101600413217092e-05,0
RR-15961,3.465910928706319e-05,0
RR-15962,0.00027278463371535616,0
RR-15963,5.034971186491892e-05,0
RR-15964,3.8946566023745896e-05,0
RR-15965,0.00015370805587740404,0
RR-15966,0.00021740133721924852,0
RR-15967,4.5654553571520295e-05,0
RR-15968,0.0003790725527831287,0
RR-15969,0.00016212006865374095,0
RR-15970,0.0001171662607682385,0
RR-15971,4.191728091856734e-05,0
RR-15972,6.257412442246113e-05,0
RR-15973,0.00022786436039036223,0
RR-15974,7.343203128637148e-05,0
RR-15975,0.0001724076188205652,0
RR-15976,5.607384705233521e-05,0
RR-15977,8.970302767676723e-05,0
RR-15978,0.0030191363057863753,0
RR-15979,0.00011690938493364716,0
RR-15980,5.2191443172657516e-05,0
RR-15981,3.801268990374037e-05,0
RR-15982,6.320035874567214e-05,0
RR-15983,7.596651329376286e-05,0
RR-15984,5.8227439545349435e-05,0
RR-15985,0.0005912157418689829,0
RR-15986,2.9885962975755166e-05,0
RR-15987,6.966757356178767e-05,0
RR-15988,6.729607733916487e-05,0
RR-15989,4.06791413953082e-05,0
RR-15990,0.00020534218946108074,0
RR-15991,0.00023910186308534085,0
RR-15992,5.8421172173244576e-05,0
RR-15993,5.919874780639344e-05,0
RR-15994,4.837180298595142e-05,0
RR-15995,0.9861786884110274,1
RR-15996,0.0001453027723732244,0
RR-15997,4.180529577864097e-05,0
RR-15998,0.00016648695665224544,0
RR-15999,0.0016906684271129247,0
RR-16000,5.123065474728647e-05,0
